dteday,hr,season,weathersit,actual_cnt,predicted_cnt,safety_margin,recommended_fleet,decision,lost_rides,idle_bikes,lost_revenue,holding_cost,net_operational_cost,daily_truck_cost
2012-08-07,12,3,2,283.00000000000006,275.3926581273038,0.35,372.0,OVERSTOCK,0.0,88.99999999999994,0.0,66.74999999999996,66.74999999999996,495.0
2012-08-07,13,3,2,253.0,274.63769479171583,0.35,371.0,OVERSTOCK,0.0,118.0,0.0,88.5,88.5,495.0
2012-08-07,14,3,2,260.99999999999994,272.29307085068666,0.35,368.0,OVERSTOCK,0.0,107.00000000000006,0.0,80.25000000000004,80.25000000000004,495.0
2012-08-07,15,3,1,305.9999999999999,269.36853291309745,0.35,364.0,OVERSTOCK,0.0,58.000000000000114,0.0,43.500000000000085,43.500000000000085,495.0
2012-08-07,16,3,3,445.00000000000006,316.4553632596664,0.35,428.0,UNDERSTOCK,17.000000000000057,0.0,59.5000000000002,0.0,59.5000000000002,495.0
2012-08-07,17,3,2,868.0000000000001,731.1634778424896,0.35,988.0,OVERSTOCK,0.0,119.99999999999989,0.0,89.99999999999991,89.99999999999991,495.0
2012-08-07,18,3,2,814.0000000000001,757.3275319587594,0.35,1023.0,OVERSTOCK,0.0,208.9999999999999,0.0,156.74999999999991,156.74999999999991,495.0
2012-08-07,19,3,2,610.0000000000002,532.9756046661311,0.35,720.0,OVERSTOCK,0.0,109.99999999999977,0.0,82.49999999999983,82.49999999999983,495.0
2012-08-07,20,3,2,448.0000000000001,424.6042911068136,0.35,574.0,OVERSTOCK,0.0,125.99999999999989,0.0,94.49999999999991,94.49999999999991,495.0
2012-08-07,21,3,2,317.0,286.2291014079956,0.35,387.0,OVERSTOCK,0.0,70.0,0.0,52.5,52.5,495.0
2012-08-07,22,3,1,224.0,239.3107327830688,0.35,324.0,OVERSTOCK,0.0,100.0,0.0,75.0,75.0,495.0
2012-08-07,23,3,1,137.99999999999997,130.67340122706457,0.35,177.0,OVERSTOCK,0.0,39.00000000000003,0.0,29.25000000000002,29.25000000000002,495.0
2012-08-08,0,3,1,58.000000000000014,41.454467584261344,0.35,56.0,UNDERSTOCK,2.000000000000014,0.0,7.00000000000005,0.0,7.00000000000005,765.0
2012-08-08,1,3,1,23.000000000000004,18.22401967531842,0.35,25.0,OVERSTOCK,0.0,1.9999999999999964,0.0,1.4999999999999973,1.4999999999999973,765.0
2012-08-08,2,3,1,5.999999999999999,9.370224981031866,0.35,13.0,OVERSTOCK,0.0,7.000000000000001,0.0,5.250000000000001,5.250000000000001,765.0
2012-08-08,3,3,1,6.999999999999998,5.625614886457783,0.35,8.0,OVERSTOCK,0.0,1.0000000000000018,0.0,0.7500000000000013,0.7500000000000013,765.0
2012-08-08,4,3,1,6.999999999999998,7.099957290806943,0.35,10.0,OVERSTOCK,0.0,3.0000000000000018,0.0,2.2500000000000013,2.2500000000000013,765.0
2012-08-08,5,3,2,42.99999999999999,40.367232778816174,0.35,55.0,OVERSTOCK,0.0,12.000000000000007,0.0,9.000000000000005,9.000000000000005,765.0
2012-08-08,6,3,2,173.0,163.542946047454,0.35,221.0,OVERSTOCK,0.0,48.0,0.0,36.0,36.0,765.0
2012-08-08,7,3,2,481.9999999999998,467.6513443190147,0.35,632.0,OVERSTOCK,0.0,150.00000000000023,0.0,112.50000000000017,112.50000000000017,765.0
2012-08-08,8,3,2,737.0,682.737606119314,0.35,922.0,OVERSTOCK,0.0,185.0,0.0,138.75,138.75,765.0
2012-08-08,9,3,2,340.9999999999999,319.6508116498431,0.35,432.0,OVERSTOCK,0.0,91.00000000000011,0.0,68.25000000000009,68.25000000000009,765.0
2012-08-08,10,3,2,213.99999999999991,206.1448330948743,0.35,279.0,OVERSTOCK,0.0,65.00000000000009,0.0,48.750000000000064,48.750000000000064,765.0
2012-08-08,11,3,2,239.0,222.34121677659624,0.35,301.0,OVERSTOCK,0.0,62.0,0.0,46.5,46.5,765.0
2012-08-08,12,3,2,279.9999999999999,275.46703092820803,0.35,372.0,OVERSTOCK,0.0,92.00000000000011,0.0,69.00000000000009,69.00000000000009,765.0
2012-08-08,13,3,2,312.99999999999994,274.9437404044853,0.35,372.0,OVERSTOCK,0.0,59.00000000000006,0.0,44.25000000000004,44.25000000000004,765.0
2012-08-08,14,3,2,236.00000000000009,256.89954470633074,0.35,347.0,OVERSTOCK,0.0,110.99999999999991,0.0,83.24999999999994,83.24999999999994,765.0
2012-08-08,15,3,2,277.99999999999994,275.4653030582334,0.35,372.0,OVERSTOCK,0.0,94.00000000000006,0.0,70.50000000000004,70.50000000000004,765.0
2012-08-08,16,3,2,440.9999999999999,440.9743544442751,0.35,596.0,OVERSTOCK,0.0,155.0000000000001,0.0,116.25000000000009,116.25000000000009,765.0
2012-08-08,17,3,2,857.9999999999997,789.3826773765721,0.35,1066.0,OVERSTOCK,0.0,208.00000000000034,0.0,156.00000000000026,156.00000000000026,765.0
2012-08-08,18,3,2,861.9999999999998,782.2707618904593,0.35,1057.0,OVERSTOCK,0.0,195.00000000000023,0.0,146.25000000000017,146.25000000000017,765.0
2012-08-08,19,3,1,685.9999999999998,613.3764400380844,0.35,829.0,OVERSTOCK,0.0,143.00000000000023,0.0,107.25000000000017,107.25000000000017,765.0
2012-08-08,20,3,1,499.9999999999999,479.7394942506751,0.35,648.0,OVERSTOCK,0.0,148.0000000000001,0.0,111.00000000000009,111.00000000000009,765.0
2012-08-08,21,3,1,381.00000000000006,327.3985151303464,0.35,442.0,OVERSTOCK,0.0,60.99999999999994,0.0,45.74999999999996,45.74999999999996,765.0
2012-08-08,22,3,1,233.00000000000009,265.1061193104419,0.35,358.0,OVERSTOCK,0.0,124.99999999999991,0.0,93.74999999999994,93.74999999999994,765.0
2012-08-08,23,3,1,136.00000000000003,138.7213007737623,0.35,188.0,OVERSTOCK,0.0,51.99999999999997,0.0,38.99999999999998,38.99999999999998,765.0
2012-08-09,0,3,1,67.00000000000001,64.86575059751962,0.35,88.0,OVERSTOCK,0.0,20.999999999999986,0.0,15.74999999999999,15.74999999999999,765.0
2012-08-09,1,3,1,28.000000000000004,30.11708600432875,0.35,41.0,OVERSTOCK,0.0,12.999999999999996,0.0,9.749999999999996,9.749999999999996,765.0
2012-08-09,2,3,1,14.0,11.213582580797729,0.35,16.0,OVERSTOCK,0.0,2.0,0.0,1.5,1.5,765.0
2012-08-09,3,3,1,5.999999999999999,6.592859228440068,0.35,9.0,OVERSTOCK,0.0,3.000000000000001,0.0,2.250000000000001,2.250000000000001,765.0
2012-08-09,4,3,2,10.000000000000002,7.519909145623223,0.35,11.0,OVERSTOCK,0.0,0.9999999999999982,0.0,0.7499999999999987,0.7499999999999987,765.0
2012-08-09,5,3,2,41.00000000000001,41.20743525453225,0.35,56.0,OVERSTOCK,0.0,14.999999999999993,0.0,11.249999999999995,11.249999999999995,765.0
2012-08-09,6,3,1,166.99999999999997,178.8730318320231,0.35,242.0,OVERSTOCK,0.0,75.00000000000003,0.0,56.25000000000002,56.25000000000002,765.0
2012-08-09,7,3,2,475.00000000000017,462.44076256931874,0.35,625.0,OVERSTOCK,0.0,149.99999999999983,0.0,112.49999999999987,112.49999999999987,765.0
2012-08-09,8,3,1,697.9999999999999,711.9860584235836,0.35,962.0,OVERSTOCK,0.0,264.0000000000001,0.0,198.00000000000009,198.00000000000009,765.0
2012-08-09,9,3,1,352.99999999999994,330.6617717450464,0.35,447.0,OVERSTOCK,0.0,94.00000000000006,0.0,70.50000000000004,70.50000000000004,765.0
2012-08-09,10,3,1,205.00000000000003,200.26759495829333,0.35,271.0,OVERSTOCK,0.0,65.99999999999997,0.0,49.49999999999998,49.49999999999998,765.0
2012-08-09,11,3,1,260.00000000000006,214.24745205241845,0.35,290.0,OVERSTOCK,0.0,29.999999999999943,0.0,22.499999999999957,22.499999999999957,765.0
2012-08-09,12,3,1,276.99999999999994,281.7859210538484,0.35,381.0,OVERSTOCK,0.0,104.00000000000006,0.0,78.00000000000004,78.00000000000004,765.0
2012-08-09,13,3,1,281.00000000000006,242.23886283519423,0.35,328.0,OVERSTOCK,0.0,46.99999999999994,0.0,35.24999999999996,35.24999999999996,765.0
2012-08-09,14,3,1,247.00000000000009,250.58793278789764,0.35,339.0,OVERSTOCK,0.0,91.99999999999991,0.0,68.99999999999994,68.99999999999994,765.0
2012-08-09,15,3,1,266.99999999999994,268.29070727845794,0.35,363.0,OVERSTOCK,0.0,96.00000000000006,0.0,72.00000000000004,72.00000000000004,765.0
2012-08-09,16,3,1,417.0,420.44422792270046,0.35,568.0,OVERSTOCK,0.0,151.0,0.0,113.25,113.25,765.0
2012-08-09,17,3,1,810.0000000000002,723.8955313462235,0.35,978.0,OVERSTOCK,0.0,167.99999999999977,0.0,125.99999999999983,125.99999999999983,765.0
2012-08-09,18,3,2,811.0,769.0048595736158,0.35,1039.0,OVERSTOCK,0.0,228.0,0.0,171.0,171.0,765.0
2012-08-09,19,3,1,623.0000000000001,598.4957123955153,0.35,808.0,OVERSTOCK,0.0,184.9999999999999,0.0,138.74999999999991,138.74999999999991,765.0
2012-08-09,20,3,1,477.99999999999983,476.085566665396,0.35,643.0,OVERSTOCK,0.0,165.00000000000017,0.0,123.75000000000013,123.75000000000013,765.0
2012-08-09,21,3,2,335.99999999999994,293.9360132807961,0.35,397.0,OVERSTOCK,0.0,61.00000000000006,0.0,45.75000000000004,45.75000000000004,765.0
2012-08-09,22,3,2,258.99999999999994,244.41217043594983,0.35,330.0,OVERSTOCK,0.0,71.00000000000006,0.0,53.25000000000004,53.25000000000004,765.0
2012-08-09,23,3,1,155.99999999999994,150.48306435584178,0.35,204.0,OVERSTOCK,0.0,48.00000000000006,0.0,36.00000000000004,36.00000000000004,765.0
2012-08-10,0,3,1,84.99999999999997,75.31011208028238,0.35,102.0,OVERSTOCK,0.0,17.00000000000003,0.0,12.750000000000021,12.750000000000021,720.0
2012-08-10,1,3,1,41.00000000000001,48.10454663110489,0.35,65.0,OVERSTOCK,0.0,23.999999999999993,0.0,17.999999999999993,17.999999999999993,720.0
2012-08-10,2,3,1,20.0,20.47377963284779,0.35,28.0,OVERSTOCK,0.0,8.0,0.0,6.0,6.0,720.0
2012-08-10,3,3,2,9.000000000000002,7.099088999620358,0.35,10.0,OVERSTOCK,0.0,0.9999999999999982,0.0,0.7499999999999987,0.7499999999999987,720.0
2012-08-10,4,3,3,6.999999999999998,6.023990179880304,0.35,9.0,OVERSTOCK,0.0,2.0000000000000018,0.0,1.5000000000000013,1.5000000000000013,720.0
2012-08-10,5,3,3,33.00000000000001,24.108128703598364,0.35,33.0,UNDERSTOCK,7.105427357601002e-15,0.0,2.4868995751603507e-14,0.0,2.4868995751603507e-14,720.0
2012-08-10,6,3,3,43.99999999999999,94.92109006733108,0.35,129.0,OVERSTOCK,0.0,85.0,0.0,63.75,63.75,720.0
2012-08-10,7,3,3,132.99999999999997,274.7799533276999,0.35,371.0,OVERSTOCK,0.0,238.00000000000003,0.0,178.50000000000003,178.50000000000003,720.0
2012-08-10,8,3,3,118.99999999999996,328.8597649255358,0.35,444.0,OVERSTOCK,0.0,325.00000000000006,0.0,243.75000000000006,243.75000000000006,720.0
2012-08-10,9,3,2,219.99999999999991,322.2432658237957,0.35,436.0,OVERSTOCK,0.0,216.00000000000009,0.0,162.00000000000006,162.00000000000006,720.0
2012-08-10,10,3,1,193.00000000000003,223.4051009212295,0.35,302.0,OVERSTOCK,0.0,108.99999999999997,0.0,81.74999999999997,81.74999999999997,720.0
2012-08-10,11,3,3,251.00000000000003,179.84294878964954,0.35,243.0,UNDERSTOCK,8.000000000000028,0.0,28.0000000000001,0.0,28.0000000000001,720.0
2012-08-10,12,3,2,315.00000000000006,324.27206847571097,0.35,438.0,OVERSTOCK,0.0,122.99999999999994,0.0,92.24999999999996,92.24999999999996,720.0
2012-08-10,13,3,2,290.0000000000001,358.9259340880211,0.35,485.0,OVERSTOCK,0.0,194.9999999999999,0.0,146.24999999999991,146.24999999999991,720.0
2012-08-10,14,3,1,306.9999999999999,354.59051421926404,0.35,479.0,OVERSTOCK,0.0,172.0000000000001,0.0,129.00000000000009,129.00000000000009,720.0
2012-08-10,15,3,1,323.99999999999994,325.938017407953,0.35,441.0,OVERSTOCK,0.0,117.00000000000006,0.0,87.75000000000004,87.75000000000004,720.0
2012-08-10,16,3,1,467.00000000000017,494.418137935132,0.35,668.0,OVERSTOCK,0.0,200.99999999999983,0.0,150.7499999999999,150.7499999999999,720.0
2012-08-10,17,3,1,729.9999999999997,719.5132694953795,0.35,972.0,OVERSTOCK,0.0,242.00000000000034,0.0,181.50000000000026,181.50000000000026,720.0
2012-08-10,18,3,1,639.9999999999999,647.1302959596059,0.35,874.0,OVERSTOCK,0.0,234.0000000000001,0.0,175.50000000000009,175.50000000000009,720.0
2012-08-10,19,3,1,491.9999999999999,477.6959853143969,0.35,645.0,OVERSTOCK,0.0,153.0000000000001,0.0,114.75000000000009,114.75000000000009,720.0
2012-08-10,20,3,1,370.0,394.11527607389496,0.35,533.0,OVERSTOCK,0.0,163.0,0.0,122.25,122.25,720.0
2012-08-10,21,3,1,286.00000000000006,292.6600227579682,0.35,396.0,OVERSTOCK,0.0,109.99999999999994,0.0,82.49999999999996,82.49999999999996,720.0
2012-08-10,22,3,1,218.00000000000003,242.361007830502,0.35,328.0,OVERSTOCK,0.0,109.99999999999997,0.0,82.49999999999997,82.49999999999997,720.0
2012-08-10,23,3,1,192.0,187.68414670885133,0.35,254.0,OVERSTOCK,0.0,62.0,0.0,46.5,46.5,720.0
2012-08-11,0,3,1,180.00000000000006,134.74932318575893,0.35,182.0,OVERSTOCK,0.0,1.9999999999999432,0.0,1.4999999999999574,1.4999999999999574,675.0
2012-08-11,1,3,1,116.00000000000004,86.43855424427475,0.35,117.0,OVERSTOCK,0.0,0.9999999999999574,0.0,0.749999999999968,0.749999999999968,675.0
2012-08-11,2,3,3,84.99999999999997,78.5757273079603,0.35,107.0,OVERSTOCK,0.0,22.00000000000003,0.0,16.50000000000002,16.50000000000002,675.0
2012-08-11,3,3,3,21.000000000000004,35.35283577155286,0.35,48.0,OVERSTOCK,0.0,26.999999999999996,0.0,20.249999999999996,20.249999999999996,675.0
2012-08-11,4,3,1,10.000000000000002,8.669539240558708,0.35,12.0,OVERSTOCK,0.0,1.9999999999999982,0.0,1.4999999999999987,1.4999999999999987,675.0
2012-08-11,5,3,1,11.0,9.46075744217015,0.35,13.0,OVERSTOCK,0.0,2.0,0.0,1.5,1.5,675.0
2012-08-11,6,3,2,23.000000000000004,31.015853223894283,0.35,42.0,OVERSTOCK,0.0,18.999999999999996,0.0,14.249999999999996,14.249999999999996,675.0
2012-08-11,7,3,1,61.99999999999999,62.48419863607386,0.35,85.0,OVERSTOCK,0.0,23.000000000000007,0.0,17.250000000000007,17.250000000000007,675.0
2012-08-11,8,3,1,162.0,170.14246161325556,0.35,230.0,OVERSTOCK,0.0,68.0,0.0,51.0,51.0,675.0
2012-08-11,9,3,1,271.0000000000001,286.1072493608163,0.35,387.0,OVERSTOCK,0.0,115.99999999999989,0.0,86.99999999999991,86.99999999999991,675.0
2012-08-11,10,3,1,406.9999999999999,404.6341362068932,0.35,547.0,OVERSTOCK,0.0,140.0000000000001,0.0,105.00000000000009,105.00000000000009,675.0
2012-08-11,11,3,1,498.99999999999983,494.7619257878813,0.35,668.0,OVERSTOCK,0.0,169.00000000000017,0.0,126.75000000000013,126.75000000000013,675.0
2012-08-11,12,3,1,546.0,543.7901785663647,0.35,735.0,OVERSTOCK,0.0,189.0,0.0,141.75,141.75,675.0
2012-08-11,13,3,1,569.0000000000002,537.7162352835207,0.35,726.0,OVERSTOCK,0.0,156.99999999999977,0.0,117.74999999999983,117.74999999999983,675.0
2012-08-11,14,3,1,538.0000000000002,539.5385376596513,0.35,729.0,OVERSTOCK,0.0,190.99999999999977,0.0,143.24999999999983,143.24999999999983,675.0
2012-08-11,15,3,1,562.0000000000001,540.1881859444084,0.35,730.0,OVERSTOCK,0.0,167.9999999999999,0.0,125.99999999999991,125.99999999999991,675.0
2012-08-11,16,3,1,531.0000000000001,472.6500351558636,0.35,639.0,OVERSTOCK,0.0,107.99999999999989,0.0,80.99999999999991,80.99999999999991,675.0
2012-08-11,17,3,3,512.0,352.429312740699,0.35,476.0,UNDERSTOCK,36.0,0.0,126.0,0.0,126.0,675.0
2012-08-11,18,3,2,299.9999999999999,360.05059787324234,0.35,487.0,OVERSTOCK,0.0,187.0000000000001,0.0,140.25000000000009,140.25000000000009,675.0
2012-08-11,19,3,2,274.9999999999999,233.5679700476772,0.35,316.0,OVERSTOCK,0.0,41.000000000000114,0.0,30.750000000000085,30.750000000000085,675.0
2012-08-11,20,3,3,160.00000000000003,134.2738021224599,0.35,182.0,OVERSTOCK,0.0,21.99999999999997,0.0,16.49999999999998,16.49999999999998,675.0
2012-08-11,21,3,2,127.99999999999996,210.06526552285607,0.35,284.0,OVERSTOCK,0.0,156.00000000000006,0.0,117.00000000000004,117.00000000000004,675.0
2012-08-11,22,3,2,168.0,188.6021909314544,0.35,255.0,OVERSTOCK,0.0,87.0,0.0,65.25,65.25,675.0
2012-08-11,23,3,3,163.00000000000006,96.87951300838034,0.35,131.0,UNDERSTOCK,32.00000000000006,0.0,112.0000000000002,0.0,112.0000000000002,675.0
2012-08-12,0,3,2,120.00000000000004,140.7475922948047,0.35,191.0,OVERSTOCK,0.0,70.99999999999996,0.0,53.24999999999997,53.24999999999997,720.0
2012-08-12,1,3,1,113.00000000000004,112.9348535531322,0.35,153.0,OVERSTOCK,0.0,39.99999999999996,0.0,29.999999999999968,29.999999999999968,720.0
2012-08-12,2,3,1,86.0,85.18639621459191,0.35,116.0,OVERSTOCK,0.0,30.0,0.0,22.5,22.5,720.0
2012-08-12,3,3,1,47.99999999999999,38.80784462184001,0.35,53.0,OVERSTOCK,0.0,5.000000000000007,0.0,3.7500000000000053,3.7500000000000053,720.0
2012-08-12,4,3,1,10.000000000000002,11.249633641234608,0.35,16.0,OVERSTOCK,0.0,5.999999999999998,0.0,4.499999999999998,4.499999999999998,720.0
2012-08-12,5,3,1,10.000000000000002,11.662305274691938,0.35,16.0,OVERSTOCK,0.0,5.999999999999998,0.0,4.499999999999998,4.499999999999998,720.0
2012-08-12,6,3,1,16.0,19.63256833171037,0.35,27.0,OVERSTOCK,0.0,11.0,0.0,8.25,8.25,720.0
2012-08-12,7,3,1,39.0,55.57840053643936,0.35,76.0,OVERSTOCK,0.0,37.0,0.0,27.75,27.75,720.0
2012-08-12,8,3,1,118.99999999999996,125.34647403367636,0.35,170.0,OVERSTOCK,0.0,51.00000000000004,0.0,38.25000000000003,38.25000000000003,720.0
2012-08-12,9,3,1,217.0,271.03286842717034,0.35,366.0,OVERSTOCK,0.0,149.0,0.0,111.75,111.75,720.0
2012-08-12,10,3,1,328.0,395.0751386738899,0.35,534.0,OVERSTOCK,0.0,206.0,0.0,154.5,154.5,720.0
2012-08-12,11,3,1,449.00000000000006,505.1182463641715,0.35,682.0,OVERSTOCK,0.0,232.99999999999994,0.0,174.74999999999994,174.74999999999994,720.0
2012-08-12,12,3,1,505.0000000000001,542.7489458938627,0.35,733.0,OVERSTOCK,0.0,227.9999999999999,0.0,170.99999999999991,170.99999999999991,720.0
2012-08-12,13,3,1,542.9999999999998,545.781733159131,0.35,737.0,OVERSTOCK,0.0,194.00000000000023,0.0,145.50000000000017,145.50000000000017,720.0
2012-08-12,14,3,1,579.0,545.6681368619011,0.35,737.0,OVERSTOCK,0.0,158.0,0.0,118.5,118.5,720.0
2012-08-12,15,3,1,577.0000000000001,540.4600501682016,0.35,730.0,OVERSTOCK,0.0,152.9999999999999,0.0,114.74999999999991,114.74999999999991,720.0
2012-08-12,16,3,1,513.0000000000002,568.0581395672854,0.35,767.0,OVERSTOCK,0.0,253.99999999999977,0.0,190.49999999999983,190.49999999999983,720.0
2012-08-12,17,3,1,505.0000000000001,470.6848320222903,0.35,636.0,OVERSTOCK,0.0,130.9999999999999,0.0,98.24999999999991,98.24999999999991,720.0
2012-08-12,18,3,1,490.9999999999999,420.3631644247084,0.35,568.0,OVERSTOCK,0.0,77.00000000000011,0.0,57.750000000000085,57.750000000000085,720.0
2012-08-12,19,3,1,464.99999999999983,399.1128625753423,0.35,539.0,OVERSTOCK,0.0,74.00000000000017,0.0,55.50000000000013,55.50000000000013,720.0
2012-08-12,20,3,1,299.9999999999999,330.237931968302,0.35,446.0,OVERSTOCK,0.0,146.0000000000001,0.0,109.50000000000009,109.50000000000009,720.0
2012-08-12,21,3,1,219.99999999999991,274.31062123974505,0.35,371.0,OVERSTOCK,0.0,151.00000000000009,0.0,113.25000000000006,113.25000000000006,720.0
2012-08-12,22,3,1,181.0,158.21715930960875,0.35,214.0,OVERSTOCK,0.0,33.0,0.0,24.75,24.75,720.0
2012-08-12,23,3,1,109.99999999999996,103.04386796884268,0.35,140.0,OVERSTOCK,0.0,30.000000000000043,0.0,22.500000000000032,22.500000000000032,720.0
2012-08-13,0,3,1,47.00000000000001,40.34986265872906,0.35,55.0,OVERSTOCK,0.0,7.999999999999993,0.0,5.999999999999995,5.999999999999995,765.0
2012-08-13,1,3,1,14.0,20.775046382286806,0.35,29.0,OVERSTOCK,0.0,15.0,0.0,11.25,11.25,765.0
2012-08-13,2,3,1,9.000000000000002,10.433167474045131,0.35,15.0,OVERSTOCK,0.0,5.999999999999998,0.0,4.499999999999998,4.499999999999998,765.0
2012-08-13,3,3,1,5.999999999999999,4.818838855169852,0.35,7.0,OVERSTOCK,0.0,1.0000000000000009,0.0,0.7500000000000007,0.7500000000000007,765.0
2012-08-13,4,3,1,11.0,7.293576302662111,0.35,10.0,UNDERSTOCK,1.0,0.0,3.5,0.0,3.5,765.0
2012-08-13,5,3,1,35.99999999999999,48.86274096442962,0.35,66.0,OVERSTOCK,0.0,30.000000000000007,0.0,22.500000000000007,22.500000000000007,765.0
2012-08-13,6,3,1,158.99999999999994,151.26197845885463,0.35,205.0,OVERSTOCK,0.0,46.00000000000006,0.0,34.50000000000004,34.50000000000004,765.0
2012-08-13,7,3,1,435.9999999999999,474.1981093912896,0.35,641.0,OVERSTOCK,0.0,205.0000000000001,0.0,153.75000000000009,153.75000000000009,765.0
2012-08-13,8,3,2,673.0,660.6932754352309,0.35,892.0,OVERSTOCK,0.0,219.0,0.0,164.25,164.25,765.0
2012-08-13,9,3,2,305.0,310.7052464204993,0.35,420.0,OVERSTOCK,0.0,115.0,0.0,86.25,86.25,765.0
2012-08-13,10,3,2,198.99999999999991,211.02095471341505,0.35,285.0,OVERSTOCK,0.0,86.00000000000009,0.0,64.50000000000006,64.50000000000006,765.0
2012-08-13,11,3,1,244.99999999999991,224.5710845097316,0.35,304.0,OVERSTOCK,0.0,59.000000000000085,0.0,44.250000000000064,44.250000000000064,765.0
2012-08-13,12,3,1,276.0,274.87569036449503,0.35,372.0,OVERSTOCK,0.0,96.0,0.0,72.0,72.0,765.0
2012-08-13,13,3,1,253.99999999999991,273.458959554384,0.35,370.0,OVERSTOCK,0.0,116.00000000000009,0.0,87.00000000000006,87.00000000000006,765.0
2012-08-13,14,3,1,247.99999999999997,256.8439663045373,0.35,347.0,OVERSTOCK,0.0,99.00000000000003,0.0,74.25000000000003,74.25000000000003,765.0
2012-08-13,15,3,1,274.0000000000001,264.4548378720192,0.35,358.0,OVERSTOCK,0.0,83.99999999999989,0.0,62.999999999999915,62.999999999999915,765.0
2012-08-13,16,3,1,463.99999999999983,416.14439563887055,0.35,562.0,OVERSTOCK,0.0,98.00000000000017,0.0,73.50000000000013,73.50000000000013,765.0
2012-08-13,17,3,1,818.0000000000002,841.7355551568436,0.35,1137.0,OVERSTOCK,0.0,318.9999999999998,0.0,239.24999999999983,239.24999999999983,765.0
2012-08-13,18,3,1,811.9999999999997,839.3854227943759,0.35,1134.0,OVERSTOCK,0.0,322.00000000000034,0.0,241.50000000000026,241.50000000000026,765.0
2012-08-13,19,3,1,555.0,631.7190636229458,0.35,853.0,OVERSTOCK,0.0,298.0,0.0,223.5,223.5,765.0
2012-08-13,20,3,1,432.0,453.63199118389934,0.35,613.0,OVERSTOCK,0.0,181.0,0.0,135.75,135.75,765.0
2012-08-13,21,3,1,290.0000000000001,320.0121496535731,0.35,433.0,OVERSTOCK,0.0,142.9999999999999,0.0,107.24999999999991,107.24999999999991,765.0
2012-08-13,22,3,1,192.0,212.8256479250071,0.35,288.0,OVERSTOCK,0.0,96.0,0.0,72.0,72.0,765.0
2012-08-13,23,3,1,127.99999999999996,117.80351329423058,0.35,160.0,OVERSTOCK,0.0,32.00000000000004,0.0,24.000000000000032,24.000000000000032,765.0
2012-08-14,0,3,1,60.00000000000001,45.20771550674557,0.35,62.0,OVERSTOCK,0.0,1.999999999999993,0.0,1.4999999999999947,1.4999999999999947,720.0
2012-08-14,1,3,1,27.0,19.83140034645028,0.35,27.0,OK,0.0,0.0,0.0,0.0,0.0,720.0
2012-08-14,2,3,2,11.0,8.882245363986112,0.35,12.0,OVERSTOCK,0.0,1.0,0.0,0.75,0.75,720.0
2012-08-14,3,3,2,3.0,5.680246405292928,0.35,8.0,OVERSTOCK,0.0,5.0,0.0,3.75,3.75,720.0
2012-08-14,4,3,2,5.0,7.385078025737789,0.35,10.0,OVERSTOCK,0.0,5.0,0.0,3.75,3.75,720.0
2012-08-14,5,3,2,35.99999999999999,34.34224210027333,0.35,47.0,OVERSTOCK,0.0,11.000000000000007,0.0,8.250000000000005,8.250000000000005,720.0
2012-08-14,6,3,3,63.99999999999998,86.77333296477053,0.35,118.0,OVERSTOCK,0.0,54.00000000000002,0.0,40.500000000000014,40.500000000000014,720.0
2012-08-14,7,3,2,179.0,476.1927106067181,0.35,643.0,OVERSTOCK,0.0,464.0,0.0,348.0,348.0,720.0
2012-08-14,8,3,2,618.0000000000001,443.5702076837804,0.35,599.0,UNDERSTOCK,19.000000000000114,0.0,66.5000000000004,0.0,66.5000000000004,720.0
2012-08-14,9,3,2,401.99999999999983,317.11292367632706,0.35,429.0,OVERSTOCK,0.0,27.00000000000017,0.0,20.250000000000128,20.250000000000128,720.0
2012-08-14,10,3,1,208.0,227.03043073799296,0.35,307.0,OVERSTOCK,0.0,99.0,0.0,74.25,74.25,720.0
2012-08-14,11,3,1,196.0,227.94024694980416,0.35,308.0,OVERSTOCK,0.0,112.0,0.0,84.0,84.0,720.0
2012-08-14,12,3,1,299.9999999999999,273.878701665378,0.35,370.0,OVERSTOCK,0.0,70.00000000000011,0.0,52.500000000000085,52.500000000000085,720.0
2012-08-14,13,3,1,286.00000000000006,273.5533506408948,0.35,370.0,OVERSTOCK,0.0,83.99999999999994,0.0,62.99999999999996,62.99999999999996,720.0
2012-08-14,14,3,1,254.99999999999997,255.19586541879443,0.35,345.0,OVERSTOCK,0.0,90.00000000000003,0.0,67.50000000000003,67.50000000000003,720.0
2012-08-14,15,3,1,283.00000000000006,272.26500682902724,0.35,368.0,OVERSTOCK,0.0,84.99999999999994,0.0,63.74999999999996,63.74999999999996,720.0
2012-08-14,16,3,1,458.00000000000006,423.1415395047309,0.35,572.0,OVERSTOCK,0.0,113.99999999999994,0.0,85.49999999999996,85.49999999999996,720.0
2012-08-14,17,3,3,811.9999999999997,695.122749634486,0.35,939.0,OVERSTOCK,0.0,127.00000000000034,0.0,95.25000000000026,95.25000000000026,720.0
2012-08-14,18,3,1,853.9999999999998,830.2709590711253,0.35,1121.0,OVERSTOCK,0.0,267.0000000000002,0.0,200.25000000000017,200.25000000000017,720.0
2012-08-14,19,3,1,626.9999999999999,617.9382126659251,0.35,835.0,OVERSTOCK,0.0,208.0000000000001,0.0,156.00000000000009,156.00000000000009,720.0
2012-08-14,20,3,1,435.9999999999999,468.7345233981197,0.35,633.0,OVERSTOCK,0.0,197.0000000000001,0.0,147.75000000000009,147.75000000000009,720.0
2012-08-14,21,3,1,308.0000000000001,339.65447958389456,0.35,459.0,OVERSTOCK,0.0,150.9999999999999,0.0,113.24999999999991,113.24999999999991,720.0
2012-08-14,22,3,1,189.0,240.08300065420647,0.35,325.0,OVERSTOCK,0.0,136.0,0.0,102.0,102.0,720.0
2012-08-14,23,3,1,166.99999999999997,130.65509652721187,0.35,177.0,OVERSTOCK,0.0,10.000000000000028,0.0,7.500000000000021,7.500000000000021,720.0
2012-08-15,0,3,1,60.00000000000001,47.07607442474036,0.35,64.0,OVERSTOCK,0.0,3.999999999999993,0.0,2.9999999999999947,2.9999999999999947,765.0
2012-08-15,1,3,1,36.99999999999999,22.833166925318555,0.35,31.0,UNDERSTOCK,5.999999999999993,0.0,20.999999999999975,0.0,20.999999999999975,765.0
2012-08-15,2,3,1,8.000000000000002,8.667450243469554,0.35,12.0,OVERSTOCK,0.0,3.9999999999999982,0.0,2.9999999999999987,2.9999999999999987,765.0
2012-08-15,3,3,1,11.0,6.06763221402732,0.35,9.0,UNDERSTOCK,2.0,0.0,7.0,0.0,7.0,765.0
2012-08-15,4,3,1,4.0,6.939979083763177,0.35,10.0,OVERSTOCK,0.0,6.0,0.0,4.5,4.5,765.0
2012-08-15,5,3,1,39.0,45.34773461264353,0.35,62.0,OVERSTOCK,0.0,23.0,0.0,17.25,17.25,765.0
2012-08-15,6,3,1,172.00000000000006,181.57129421528808,0.35,246.0,OVERSTOCK,0.0,73.99999999999994,0.0,55.49999999999996,55.49999999999996,765.0
2012-08-15,7,3,2,491.9999999999999,499.26690028045664,0.35,675.0,OVERSTOCK,0.0,183.0000000000001,0.0,137.25000000000009,137.25000000000009,765.0
2012-08-15,8,3,2,682.0,705.7646070072014,0.35,953.0,OVERSTOCK,0.0,271.0,0.0,203.25,203.25,765.0
2012-08-15,9,3,2,367.0000000000001,314.793349869292,0.35,425.0,OVERSTOCK,0.0,57.999999999999886,0.0,43.499999999999915,43.499999999999915,765.0
2012-08-15,10,3,2,233.00000000000009,215.0611697831188,0.35,291.0,OVERSTOCK,0.0,57.999999999999915,0.0,43.499999999999936,43.499999999999936,765.0
2012-08-15,11,3,2,235.0000000000001,223.63775239987731,0.35,302.0,OVERSTOCK,0.0,66.99999999999989,0.0,50.249999999999915,50.249999999999915,765.0
2012-08-15,12,3,1,306.9999999999999,283.4212193693319,0.35,383.0,OVERSTOCK,0.0,76.00000000000011,0.0,57.000000000000085,57.000000000000085,765.0
2012-08-15,13,3,2,294.0000000000001,274.8525813544561,0.35,372.0,OVERSTOCK,0.0,77.99999999999989,0.0,58.499999999999915,58.499999999999915,765.0
2012-08-15,14,3,2,254.99999999999997,254.64765631814728,0.35,344.0,OVERSTOCK,0.0,89.00000000000003,0.0,66.75000000000003,66.75000000000003,765.0
2012-08-15,15,3,1,266.00000000000006,280.82152139581456,0.35,380.0,OVERSTOCK,0.0,113.99999999999994,0.0,85.49999999999996,85.49999999999996,765.0
2012-08-15,16,3,1,431.00000000000017,432.9998329292237,0.35,585.0,OVERSTOCK,0.0,153.99999999999983,0.0,115.49999999999987,115.49999999999987,765.0
2012-08-15,17,3,1,850.9999999999997,828.7146139718168,0.35,1119.0,OVERSTOCK,0.0,268.00000000000034,0.0,201.00000000000026,201.00000000000026,765.0
2012-08-15,18,3,1,848.0000000000003,829.0974137631438,0.35,1120.0,OVERSTOCK,0.0,271.99999999999966,0.0,203.99999999999974,203.99999999999974,765.0
2012-08-15,19,3,1,648.9999999999999,608.4857543051248,0.35,822.0,OVERSTOCK,0.0,173.0000000000001,0.0,129.75000000000009,129.75000000000009,765.0
2012-08-15,20,3,1,426.9999999999999,439.9692697865925,0.35,594.0,OVERSTOCK,0.0,167.0000000000001,0.0,125.25000000000009,125.25000000000009,765.0
2012-08-15,21,3,1,315.00000000000006,346.5736391913501,0.35,468.0,OVERSTOCK,0.0,152.99999999999994,0.0,114.74999999999996,114.74999999999996,765.0
2012-08-15,22,3,1,226.00000000000009,252.7140959516542,0.35,342.0,OVERSTOCK,0.0,115.99999999999991,0.0,86.99999999999994,86.99999999999994,765.0
2012-08-15,23,3,1,137.99999999999997,139.70072292868556,0.35,189.0,OVERSTOCK,0.0,51.00000000000003,0.0,38.25000000000002,38.25000000000002,765.0
2012-08-16,0,3,1,76.00000000000001,56.985396257701815,0.35,77.0,OVERSTOCK,0.0,0.9999999999999858,0.0,0.7499999999999893,0.7499999999999893,810.0
2012-08-16,1,3,1,21.000000000000004,29.011328135000557,0.35,40.0,OVERSTOCK,0.0,18.999999999999996,0.0,14.249999999999996,14.249999999999996,810.0
2012-08-16,2,3,1,14.999999999999998,10.417096254008976,0.35,15.0,OVERSTOCK,0.0,1.7763568394002505e-15,0.0,1.3322676295501878e-15,1.3322676295501878e-15,810.0
2012-08-16,3,3,1,4.0,5.546958644289576,0.35,8.0,OVERSTOCK,0.0,4.0,0.0,3.0,3.0,810.0
2012-08-16,4,3,1,5.0,6.262922448669384,0.35,9.0,OVERSTOCK,0.0,4.0,0.0,3.0,3.0,810.0
2012-08-16,5,3,1,36.99999999999999,41.36665884987799,0.35,56.0,OVERSTOCK,0.0,19.000000000000007,0.0,14.250000000000005,14.250000000000005,810.0
2012-08-16,6,3,1,165.00000000000006,179.4225644754275,0.35,243.0,OVERSTOCK,0.0,77.99999999999994,0.0,58.49999999999996,58.49999999999996,810.0
2012-08-16,7,3,1,463.99999999999983,490.2204564139213,0.35,662.0,OVERSTOCK,0.0,198.00000000000017,0.0,148.5000000000001,148.5000000000001,810.0
2012-08-16,8,3,1,682.0,694.9924087461782,0.35,939.0,OVERSTOCK,0.0,257.0,0.0,192.75,192.75,810.0
2012-08-16,9,3,1,337.00000000000006,333.7178768331253,0.35,451.0,OVERSTOCK,0.0,113.99999999999994,0.0,85.49999999999996,85.49999999999996,810.0
2012-08-16,10,3,1,198.99999999999991,219.9226807916909,0.35,297.0,OVERSTOCK,0.0,98.00000000000009,0.0,73.50000000000006,73.50000000000006,810.0
2012-08-16,11,3,1,274.0000000000001,232.7972814209852,0.35,315.0,OVERSTOCK,0.0,40.999999999999886,0.0,30.749999999999915,30.749999999999915,810.0
2012-08-16,12,3,1,342.99999999999994,287.8851097096449,0.35,389.0,OVERSTOCK,0.0,46.00000000000006,0.0,34.50000000000004,34.50000000000004,810.0
2012-08-16,13,3,1,299.9999999999999,284.47242068381,0.35,385.0,OVERSTOCK,0.0,85.00000000000011,0.0,63.750000000000085,63.750000000000085,810.0
2012-08-16,14,3,1,247.99999999999997,271.1190393813148,0.35,367.0,OVERSTOCK,0.0,119.00000000000003,0.0,89.25000000000003,89.25000000000003,810.0
2012-08-16,15,3,1,260.00000000000006,276.6768057146709,0.35,374.0,OVERSTOCK,0.0,113.99999999999994,0.0,85.49999999999996,85.49999999999996,810.0
2012-08-16,16,3,1,419.0,434.6585127218423,0.35,587.0,OVERSTOCK,0.0,168.0,0.0,126.0,126.0,810.0
2012-08-16,17,3,1,897.0000000000003,835.3340284064319,0.35,1128.0,OVERSTOCK,0.0,230.99999999999966,0.0,173.24999999999974,173.24999999999974,810.0
2012-08-16,18,3,1,832.0000000000003,832.7093593786452,0.35,1125.0,OVERSTOCK,0.0,292.99999999999966,0.0,219.74999999999974,219.74999999999974,810.0
2012-08-16,19,3,1,676.9999999999999,592.5289312666358,0.35,800.0,OVERSTOCK,0.0,123.00000000000011,0.0,92.25000000000009,92.25000000000009,810.0
2012-08-16,20,3,1,514.0000000000001,410.3430769993811,0.35,554.0,OVERSTOCK,0.0,39.999999999999886,0.0,29.999999999999915,29.999999999999915,810.0
2012-08-16,21,3,1,355.9999999999999,357.43888623439693,0.35,483.0,OVERSTOCK,0.0,127.00000000000011,0.0,95.25000000000009,95.25000000000009,810.0
2012-08-16,22,3,1,253.99999999999991,292.82501330168606,0.35,396.0,OVERSTOCK,0.0,142.00000000000009,0.0,106.50000000000006,106.50000000000006,810.0
2012-08-16,23,3,1,226.00000000000009,156.1836298130181,0.35,211.0,UNDERSTOCK,15.000000000000085,0.0,52.5000000000003,0.0,52.5000000000003,810.0
2012-08-17,0,3,1,87.99999999999999,43.188784655113,0.35,59.0,UNDERSTOCK,28.999999999999986,0.0,101.49999999999994,0.0,101.49999999999994,540.0
2012-08-17,1,3,1,54.000000000000014,20.66588891797301,0.35,28.0,UNDERSTOCK,26.000000000000014,0.0,91.00000000000006,0.0,91.00000000000006,540.0
2012-08-17,2,3,1,19.0,10.164940091672513,0.35,14.0,UNDERSTOCK,5.0,0.0,17.5,0.0,17.5,540.0
2012-08-17,3,3,1,5.999999999999999,6.687409191667527,0.35,10.0,OVERSTOCK,0.0,4.000000000000001,0.0,3.000000000000001,3.000000000000001,540.0
2012-08-17,4,3,1,9.000000000000002,6.301245858120274,0.35,9.0,UNDERSTOCK,1.7763568394002505e-15,0.0,6.217248937900877e-15,0.0,6.217248937900877e-15,540.0
2012-08-17,5,3,1,35.99999999999999,25.9761848590428,0.35,36.0,OVERSTOCK,0.0,7.105427357601002e-15,0.0,5.329070518200751e-15,5.329070518200751e-15,540.0
2012-08-17,6,3,1,157.00000000000003,105.49787805633584,0.35,143.0,UNDERSTOCK,14.000000000000028,0.0,49.0000000000001,0.0,49.0000000000001,540.0
2012-08-17,7,3,1,379.00000000000006,348.16656178423085,0.35,471.0,OVERSTOCK,0.0,91.99999999999994,0.0,68.99999999999996,68.99999999999996,540.0
2012-08-17,8,3,1,668.0000000000002,578.1591186174396,0.35,781.0,OVERSTOCK,0.0,112.99999999999977,0.0,84.74999999999983,84.74999999999983,540.0
2012-08-17,9,3,1,378.0,307.0292352644598,0.35,415.0,OVERSTOCK,0.0,37.0,0.0,27.75,27.75,540.0
2012-08-17,10,3,1,231.0,183.4106082097665,0.35,248.0,OVERSTOCK,0.0,17.0,0.0,12.75,12.75,540.0
2012-08-17,11,3,1,303.00000000000006,203.20700949131492,0.35,275.0,UNDERSTOCK,28.000000000000057,0.0,98.0000000000002,0.0,98.0000000000002,540.0
2012-08-17,12,3,1,364.9999999999999,244.58886023990627,0.35,331.0,UNDERSTOCK,33.999999999999886,0.0,118.9999999999996,0.0,118.9999999999996,540.0
2012-08-17,13,3,1,357.0,246.21566565237083,0.35,333.0,UNDERSTOCK,24.0,0.0,84.0,0.0,84.0,540.0
2012-08-17,14,3,1,328.0,239.8265685069279,0.35,324.0,UNDERSTOCK,4.0,0.0,14.0,0.0,14.0,540.0
2012-08-17,15,3,1,383.0,231.65184896388436,0.35,313.0,UNDERSTOCK,70.0,0.0,245.0,0.0,245.0,540.0
2012-08-17,16,3,2,488.00000000000017,273.1899237220743,0.35,369.0,UNDERSTOCK,119.00000000000017,0.0,416.50000000000057,0.0,416.50000000000057,540.0
2012-08-17,17,3,1,791.0000000000001,524.4445899722577,0.35,709.0,UNDERSTOCK,82.00000000000011,0.0,287.0000000000004,0.0,287.0000000000004,540.0
2012-08-17,18,3,2,668.9999999999999,500.5813591178508,0.35,676.0,OVERSTOCK,0.0,7.000000000000114,0.0,5.250000000000085,5.250000000000085,540.0
2012-08-17,19,3,2,490.9999999999999,335.1326337415321,0.35,453.0,UNDERSTOCK,37.999999999999886,0.0,132.9999999999996,0.0,132.9999999999996,540.0
2012-08-17,20,3,2,359.00000000000006,225.85352865701563,0.35,305.0,UNDERSTOCK,54.00000000000006,0.0,189.0000000000002,0.0,189.0000000000002,540.0
2012-08-17,21,3,2,254.99999999999997,125.5906537091042,0.35,170.0,UNDERSTOCK,84.99999999999997,0.0,297.4999999999999,0.0,297.4999999999999,540.0
2012-08-17,22,3,3,212.99999999999997,64.35022482575337,0.35,87.0,UNDERSTOCK,125.99999999999997,0.0,440.9999999999999,0.0,440.9999999999999,540.0
2012-08-17,23,3,3,121.00000000000004,52.42312842318968,0.35,71.0,UNDERSTOCK,50.00000000000004,0.0,175.00000000000014,0.0,175.00000000000014,540.0
2012-08-18,0,3,2,104.99999999999996,102.42860449798036,0.35,139.0,OVERSTOCK,0.0,34.00000000000004,0.0,25.500000000000032,25.500000000000032,765.0
2012-08-18,1,3,3,92.00000000000004,95.52095970382638,0.35,129.0,OVERSTOCK,0.0,36.99999999999996,0.0,27.749999999999968,27.749999999999968,765.0
2012-08-18,2,3,3,42.99999999999999,71.11074938182685,0.35,96.0,OVERSTOCK,0.0,53.00000000000001,0.0,39.75000000000001,39.75000000000001,765.0
2012-08-18,3,3,1,30.0,30.1378363257733,0.35,41.0,OVERSTOCK,0.0,11.0,0.0,8.25,8.25,765.0
2012-08-18,4,3,1,12.999999999999996,11.322557435582864,0.35,16.0,OVERSTOCK,0.0,3.0000000000000036,0.0,2.2500000000000027,2.2500000000000027,765.0
2012-08-18,5,3,1,9.000000000000002,12.510237639180808,0.35,17.0,OVERSTOCK,0.0,7.999999999999998,0.0,5.999999999999998,5.999999999999998,765.0
2012-08-18,6,3,1,27.0,35.71325254840262,0.35,49.0,OVERSTOCK,0.0,22.0,0.0,16.5,16.5,765.0
2012-08-18,7,3,1,63.99999999999998,55.103263553036136,0.35,75.0,OVERSTOCK,0.0,11.000000000000021,0.0,8.250000000000016,8.250000000000016,765.0
2012-08-18,8,3,1,189.0,162.15694359739126,0.35,219.0,OVERSTOCK,0.0,30.0,0.0,22.5,22.5,765.0
2012-08-18,9,3,1,292.0000000000001,296.6833379371189,0.35,401.0,OVERSTOCK,0.0,108.99999999999989,0.0,81.74999999999991,81.74999999999991,765.0
2012-08-18,10,3,1,480.0,416.0241842160214,0.35,562.0,OVERSTOCK,0.0,82.0,0.0,61.5,61.5,765.0
2012-08-18,11,3,1,536.0000000000001,517.8536582658484,0.35,700.0,OVERSTOCK,0.0,163.9999999999999,0.0,122.99999999999991,122.99999999999991,765.0
2012-08-18,12,3,1,653.9999999999999,554.2582378096521,0.35,749.0,OVERSTOCK,0.0,95.00000000000011,0.0,71.25000000000009,71.25000000000009,765.0
2012-08-18,13,3,1,644.0,587.2177900659035,0.35,793.0,OVERSTOCK,0.0,149.0,0.0,111.75,111.75,765.0
2012-08-18,14,3,1,597.9999999999999,573.454069676574,0.35,775.0,OVERSTOCK,0.0,177.0000000000001,0.0,132.75000000000009,132.75000000000009,765.0
2012-08-18,15,3,1,596.0000000000001,563.7009072706347,0.35,761.0,OVERSTOCK,0.0,164.9999999999999,0.0,123.74999999999991,123.74999999999991,765.0
2012-08-18,16,3,1,641.0,575.2850140372748,0.35,777.0,OVERSTOCK,0.0,136.0,0.0,102.0,102.0,765.0
2012-08-18,17,3,1,635.0000000000001,535.7341798762131,0.35,724.0,OVERSTOCK,0.0,88.99999999999989,0.0,66.74999999999991,66.74999999999991,765.0
2012-08-18,18,3,1,554.0,485.16900492464686,0.35,655.0,OVERSTOCK,0.0,101.0,0.0,75.75,75.75,765.0
2012-08-18,19,3,1,488.00000000000017,417.8470510501473,0.35,565.0,OVERSTOCK,0.0,76.99999999999983,0.0,57.74999999999987,57.74999999999987,765.0
2012-08-18,20,3,1,340.9999999999999,331.3026542277495,0.35,448.0,OVERSTOCK,0.0,107.00000000000011,0.0,80.25000000000009,80.25000000000009,765.0
2012-08-18,21,3,1,337.9999999999999,281.7308956697793,0.35,381.0,OVERSTOCK,0.0,43.000000000000114,0.0,32.250000000000085,32.250000000000085,765.0
2012-08-18,22,3,1,260.99999999999994,249.2639388586642,0.35,337.0,OVERSTOCK,0.0,76.00000000000006,0.0,57.00000000000004,57.00000000000004,765.0
2012-08-18,23,3,1,235.0000000000001,201.21081072653476,0.35,272.0,OVERSTOCK,0.0,36.999999999999886,0.0,27.749999999999915,27.749999999999915,765.0
2012-08-19,0,3,1,187.0,164.38105707689104,0.35,222.0,OVERSTOCK,0.0,35.0,0.0,26.25,26.25,495.0
2012-08-19,1,3,1,130.99999999999997,110.97502842801208,0.35,150.0,OVERSTOCK,0.0,19.00000000000003,0.0,14.250000000000021,14.250000000000021,495.0
2012-08-19,2,3,2,118.99999999999996,89.63925718432345,0.35,122.0,OVERSTOCK,0.0,3.0000000000000426,0.0,2.250000000000032,2.250000000000032,495.0
2012-08-19,3,3,2,55.00000000000002,43.51913008262233,0.35,59.0,OVERSTOCK,0.0,3.9999999999999787,0.0,2.999999999999984,2.999999999999984,495.0
2012-08-19,4,3,2,26.0,10.721604323570244,0.35,15.0,UNDERSTOCK,11.0,0.0,38.5,0.0,38.5,495.0
2012-08-19,5,3,2,11.0,10.962253925548303,0.35,15.0,OVERSTOCK,0.0,4.0,0.0,3.0,3.0,495.0
2012-08-19,6,3,2,20.0,21.665938247912447,0.35,30.0,OVERSTOCK,0.0,10.0,0.0,7.5,7.5,495.0
2012-08-19,7,3,2,41.00000000000001,51.02565985319735,0.35,69.0,OVERSTOCK,0.0,27.999999999999993,0.0,20.999999999999993,20.999999999999993,495.0
2012-08-19,8,3,2,124.00000000000004,140.61073769120728,0.35,190.0,OVERSTOCK,0.0,65.99999999999996,0.0,49.49999999999997,49.49999999999997,495.0
2012-08-19,9,3,2,270.00000000000006,254.2737524524464,0.35,344.0,OVERSTOCK,0.0,73.99999999999994,0.0,55.49999999999996,55.49999999999996,495.0
2012-08-19,10,3,2,425.00000000000017,378.4915202438648,0.35,511.0,OVERSTOCK,0.0,85.99999999999983,0.0,64.49999999999987,64.49999999999987,495.0
2012-08-19,11,3,3,272.0,161.38315313173737,0.35,218.0,UNDERSTOCK,54.0,0.0,189.0,0.0,189.0,495.0
2012-08-19,12,3,3,298.0000000000001,142.67197329399625,0.35,193.0,UNDERSTOCK,105.00000000000011,0.0,367.5000000000004,0.0,367.5000000000004,495.0
2012-08-19,13,3,3,162.0,126.22710861370994,0.35,171.0,OVERSTOCK,0.0,9.0,0.0,6.75,6.75,495.0
2012-08-19,14,3,3,148.99999999999997,151.30300857350767,0.35,205.0,OVERSTOCK,0.0,56.00000000000003,0.0,42.00000000000002,42.00000000000002,495.0
2012-08-19,15,3,2,276.0,531.4164681017457,0.35,718.0,OVERSTOCK,0.0,442.0,0.0,331.5,331.5,495.0
2012-08-19,16,3,2,355.9999999999999,530.1684689338819,0.35,716.0,OVERSTOCK,0.0,360.0000000000001,0.0,270.0000000000001,270.0000000000001,495.0
2012-08-19,17,3,2,342.99999999999994,363.9762717469257,0.35,492.0,OVERSTOCK,0.0,149.00000000000006,0.0,111.75000000000004,111.75000000000004,495.0
2012-08-19,18,3,2,377.0000000000001,318.1033324615374,0.35,430.0,OVERSTOCK,0.0,52.999999999999886,0.0,39.749999999999915,39.749999999999915,495.0
2012-08-19,19,3,2,340.9999999999999,345.16707129276807,0.35,466.0,OVERSTOCK,0.0,125.00000000000011,0.0,93.75000000000009,93.75000000000009,495.0
2012-08-19,20,3,2,274.0000000000001,275.72103250644216,0.35,373.0,OVERSTOCK,0.0,98.99999999999989,0.0,74.24999999999991,74.24999999999991,495.0
2012-08-19,21,3,3,190.0,124.97629726151862,0.35,169.0,UNDERSTOCK,21.0,0.0,73.5,0.0,73.5,495.0
2012-08-19,22,3,2,56.00000000000001,146.12007560144713,0.35,198.0,OVERSTOCK,0.0,142.0,0.0,106.5,106.5,495.0
2012-08-19,23,3,2,45.99999999999999,95.241709447312,0.35,129.0,OVERSTOCK,0.0,83.0,0.0,62.25,62.25,495.0
2012-08-20,0,3,2,26.0,32.48261764191285,0.35,44.0,OVERSTOCK,0.0,18.0,0.0,13.5,13.5,675.0
2012-08-20,1,3,1,10.000000000000002,19.569119054513934,0.35,27.0,OVERSTOCK,0.0,17.0,0.0,12.75,12.75,675.0
2012-08-20,2,3,1,5.0,9.822853671213824,0.35,14.0,OVERSTOCK,0.0,9.0,0.0,6.75,6.75,675.0
2012-08-20,3,3,1,3.0,4.967930739262033,0.35,7.0,OVERSTOCK,0.0,4.0,0.0,3.0,3.0,675.0
2012-08-20,4,3,2,6.999999999999998,6.808589497192437,0.35,10.0,OVERSTOCK,0.0,3.0000000000000018,0.0,2.2500000000000013,2.2500000000000013,675.0
2012-08-20,5,3,2,36.99999999999999,37.87480389019876,0.35,52.0,OVERSTOCK,0.0,15.000000000000007,0.0,11.250000000000005,11.250000000000005,675.0
2012-08-20,6,3,2,160.99999999999994,150.8887986625442,0.35,204.0,OVERSTOCK,0.0,43.00000000000006,0.0,32.25000000000004,32.25000000000004,675.0
2012-08-20,7,3,2,442.0,408.0125399268966,0.35,551.0,OVERSTOCK,0.0,109.0,0.0,81.75,81.75,675.0
2012-08-20,8,3,2,654.9999999999998,564.1512443056,0.35,762.0,OVERSTOCK,0.0,107.00000000000023,0.0,80.25000000000017,80.25000000000017,675.0
2012-08-20,9,3,2,357.0,314.5599180138631,0.35,425.0,OVERSTOCK,0.0,68.0,0.0,51.0,51.0,675.0
2012-08-20,10,3,2,193.00000000000003,207.9475155651687,0.35,281.0,OVERSTOCK,0.0,87.99999999999997,0.0,65.99999999999997,65.99999999999997,675.0
2012-08-20,11,3,1,241.00000000000009,230.99894885303164,0.35,312.0,OVERSTOCK,0.0,70.99999999999991,0.0,53.249999999999936,53.249999999999936,675.0
2012-08-20,12,3,2,282.0,271.1159967794663,0.35,367.0,OVERSTOCK,0.0,85.0,0.0,63.75,63.75,675.0
2012-08-20,13,3,1,291.0,272.4600114812158,0.35,368.0,OVERSTOCK,0.0,77.0,0.0,57.75,57.75,675.0
2012-08-20,14,3,1,274.9999999999999,259.7739918463407,0.35,351.0,OVERSTOCK,0.0,76.00000000000011,0.0,57.000000000000085,57.000000000000085,675.0
2012-08-20,15,3,1,309.00000000000006,277.76661331414374,0.35,375.0,OVERSTOCK,0.0,65.99999999999994,0.0,49.49999999999996,49.49999999999996,675.0
2012-08-20,16,3,1,460.00000000000006,422.019131797096,0.35,570.0,OVERSTOCK,0.0,109.99999999999994,0.0,82.49999999999996,82.49999999999996,675.0
2012-08-20,17,3,1,892.9999999999997,815.8829628940252,0.35,1102.0,OVERSTOCK,0.0,209.00000000000034,0.0,156.75000000000026,156.75000000000026,675.0
2012-08-20,18,3,2,814.9999999999999,638.8452751163944,0.35,863.0,OVERSTOCK,0.0,48.000000000000114,0.0,36.000000000000085,36.000000000000085,675.0
2012-08-20,19,3,2,298.99999999999994,455.2007974349089,0.35,615.0,OVERSTOCK,0.0,316.00000000000006,0.0,237.00000000000006,237.00000000000006,675.0
2012-08-20,20,3,2,260.99999999999994,249.7017065547992,0.35,338.0,OVERSTOCK,0.0,77.00000000000006,0.0,57.75000000000004,57.75000000000004,675.0
2012-08-20,21,3,1,244.99999999999991,239.76744578312392,0.35,324.0,OVERSTOCK,0.0,79.00000000000009,0.0,59.250000000000064,59.250000000000064,675.0
2012-08-20,22,3,2,160.99999999999994,130.98210963378176,0.35,177.0,OVERSTOCK,0.0,16.000000000000057,0.0,12.000000000000043,12.000000000000043,675.0
2012-08-20,23,3,2,102.0,89.96331006959231,0.35,122.0,OVERSTOCK,0.0,20.0,0.0,15.0,15.0,675.0
2012-08-21,0,3,2,58.99999999999999,32.192402563644805,0.35,44.0,UNDERSTOCK,14.999999999999993,0.0,52.49999999999997,0.0,52.49999999999997,720.0
2012-08-21,1,3,2,33.00000000000001,18.024594760295408,0.35,25.0,UNDERSTOCK,8.000000000000007,0.0,28.000000000000025,0.0,28.000000000000025,720.0
2012-08-21,2,3,2,8.000000000000002,6.7164291974582815,0.35,10.0,OVERSTOCK,0.0,1.9999999999999982,0.0,1.4999999999999987,1.4999999999999987,720.0
2012-08-21,3,3,1,3.0,4.682906133318372,0.35,7.0,OVERSTOCK,0.0,4.0,0.0,3.0,3.0,720.0
2012-08-21,4,3,1,4.0,5.894813377620099,0.35,8.0,OVERSTOCK,0.0,4.0,0.0,3.0,3.0,720.0
2012-08-21,5,3,1,33.99999999999999,31.82033396158469,0.35,43.0,OVERSTOCK,0.0,9.000000000000007,0.0,6.750000000000005,6.750000000000005,720.0
2012-08-21,6,3,1,169.00000000000006,176.84913948221217,0.35,239.0,OVERSTOCK,0.0,69.99999999999994,0.0,52.49999999999996,52.49999999999996,720.0
2012-08-21,7,3,1,519.0,434.4202224561848,0.35,587.0,OVERSTOCK,0.0,68.0,0.0,51.0,51.0,720.0
2012-08-21,8,3,1,722.9999999999998,589.2289292995233,0.35,796.0,OVERSTOCK,0.0,73.00000000000023,0.0,54.75000000000017,54.75000000000017,720.0
2012-08-21,9,3,1,328.0,322.6482241933263,0.35,436.0,OVERSTOCK,0.0,108.0,0.0,81.0,81.0,720.0
2012-08-21,10,3,1,178.0,221.9267660459308,0.35,300.0,OVERSTOCK,0.0,122.0,0.0,91.5,91.5,720.0
2012-08-21,11,3,1,256.00000000000006,244.97042602091443,0.35,331.0,OVERSTOCK,0.0,74.99999999999994,0.0,56.24999999999996,56.24999999999996,720.0
2012-08-21,12,3,1,305.0,277.91694604694453,0.35,376.0,OVERSTOCK,0.0,71.0,0.0,53.25,53.25,720.0
2012-08-21,13,3,1,330.9999999999999,288.0565687074532,0.35,389.0,OVERSTOCK,0.0,58.000000000000114,0.0,43.500000000000085,43.500000000000085,720.0
2012-08-21,14,3,1,301.9999999999999,261.7955824307692,0.35,354.0,OVERSTOCK,0.0,52.000000000000114,0.0,39.000000000000085,39.000000000000085,720.0
2012-08-21,15,3,1,301.9999999999999,283.565683737066,0.35,383.0,OVERSTOCK,0.0,81.00000000000011,0.0,60.750000000000085,60.750000000000085,720.0
2012-08-21,16,3,1,467.00000000000017,422.55479027641854,0.35,571.0,OVERSTOCK,0.0,103.99999999999983,0.0,77.99999999999987,77.99999999999987,720.0
2012-08-21,17,3,1,877.9999999999998,842.2386139223297,0.35,1138.0,OVERSTOCK,0.0,260.0000000000002,0.0,195.00000000000017,195.00000000000017,720.0
2012-08-21,18,3,1,624.9999999999999,824.2211352302307,0.35,1113.0,OVERSTOCK,0.0,488.0000000000001,0.0,366.0000000000001,366.0000000000001,720.0
2012-08-21,19,3,3,476.00000000000017,384.2142138175727,0.35,519.0,OVERSTOCK,0.0,42.99999999999983,0.0,32.24999999999987,32.24999999999987,720.0
2012-08-21,20,3,1,357.9999999999999,398.5086049010178,0.35,538.0,OVERSTOCK,0.0,180.0000000000001,0.0,135.00000000000009,135.00000000000009,720.0
2012-08-21,21,3,1,279.9999999999999,308.77454364846824,0.35,417.0,OVERSTOCK,0.0,137.0000000000001,0.0,102.75000000000009,102.75000000000009,720.0
2012-08-21,22,3,1,231.99999999999991,183.62770903913128,0.35,248.0,OVERSTOCK,0.0,16.000000000000085,0.0,12.000000000000064,12.000000000000064,720.0
2012-08-21,23,3,1,136.00000000000003,110.4478458201939,0.35,150.0,OVERSTOCK,0.0,13.999999999999972,0.0,10.499999999999979,10.499999999999979,720.0
2012-08-22,0,3,1,55.00000000000002,38.19534204482972,0.35,52.0,UNDERSTOCK,3.0000000000000213,0.0,10.500000000000075,0.0,10.500000000000075,720.0
2012-08-22,1,3,1,21.000000000000004,21.652501391838328,0.35,30.0,OVERSTOCK,0.0,8.999999999999996,0.0,6.749999999999997,6.749999999999997,720.0
2012-08-22,2,3,1,16.999999999999996,7.9864319239270865,0.35,11.0,UNDERSTOCK,5.9999999999999964,0.0,20.999999999999986,0.0,20.999999999999986,720.0
2012-08-22,3,3,1,6.999999999999998,5.4008738283873,0.35,8.0,OVERSTOCK,0.0,1.0000000000000018,0.0,0.7500000000000013,0.7500000000000013,720.0
2012-08-22,4,3,1,8.000000000000002,6.319237001382388,0.35,9.0,OVERSTOCK,0.0,0.9999999999999982,0.0,0.7499999999999987,0.7499999999999987,720.0
2012-08-22,5,3,1,40.00000000000001,41.15827764009153,0.35,56.0,OVERSTOCK,0.0,15.999999999999993,0.0,11.999999999999995,11.999999999999995,720.0
2012-08-22,6,3,1,187.0,174.45648620317905,0.35,236.0,OVERSTOCK,0.0,49.0,0.0,36.75,36.75,720.0
2012-08-22,7,3,1,553.0000000000001,427.8360070639187,0.35,578.0,OVERSTOCK,0.0,24.999999999999886,0.0,18.749999999999915,18.749999999999915,720.0
2012-08-22,8,3,1,739.9999999999998,674.4035619628518,0.35,911.0,OVERSTOCK,0.0,171.00000000000023,0.0,128.25000000000017,128.25000000000017,720.0
2012-08-22,9,3,1,376.00000000000006,322.74111895182506,0.35,436.0,OVERSTOCK,0.0,59.99999999999994,0.0,44.99999999999996,44.99999999999996,720.0
2012-08-22,10,3,1,225.00000000000009,225.13691270631463,0.35,304.0,OVERSTOCK,0.0,78.99999999999991,0.0,59.249999999999936,59.249999999999936,720.0
2012-08-22,11,3,1,266.99999999999994,234.47592759347967,0.35,317.0,OVERSTOCK,0.0,50.00000000000006,0.0,37.50000000000004,37.50000000000004,720.0
2012-08-22,12,3,1,311.9999999999999,282.71288581336086,0.35,382.0,OVERSTOCK,0.0,70.00000000000011,0.0,52.500000000000085,52.500000000000085,720.0
2012-08-22,13,3,1,315.9999999999999,281.0555335028632,0.35,380.0,OVERSTOCK,0.0,64.00000000000011,0.0,48.000000000000085,48.000000000000085,720.0
2012-08-22,14,3,1,266.00000000000006,258.17925223073223,0.35,349.0,OVERSTOCK,0.0,82.99999999999994,0.0,62.24999999999996,62.24999999999996,720.0
2012-08-22,15,3,1,315.9999999999999,282.49629225354994,0.35,382.0,OVERSTOCK,0.0,66.00000000000011,0.0,49.500000000000085,49.500000000000085,720.0
2012-08-22,16,3,3,460.00000000000006,316.87515352217923,0.35,428.0,UNDERSTOCK,32.00000000000006,0.0,112.0000000000002,0.0,112.0000000000002,720.0
2012-08-22,17,3,3,782.9999999999998,742.8763694158798,0.35,1003.0,OVERSTOCK,0.0,220.00000000000023,0.0,165.00000000000017,165.00000000000017,720.0
2012-08-22,18,3,3,682.9999999999998,723.9252532703448,0.35,978.0,OVERSTOCK,0.0,295.0000000000002,0.0,221.25000000000017,221.25000000000017,720.0
2012-08-22,19,3,2,579.9999999999998,464.0313760348182,0.35,627.0,OVERSTOCK,0.0,47.00000000000023,0.0,35.25000000000017,35.25000000000017,720.0
2012-08-22,20,3,1,390.9999999999999,424.1106757919568,0.35,573.0,OVERSTOCK,0.0,182.0000000000001,0.0,136.50000000000009,136.50000000000009,720.0
2012-08-22,21,3,1,350.9999999999999,319.0856428207196,0.35,431.0,OVERSTOCK,0.0,80.00000000000011,0.0,60.000000000000085,60.000000000000085,720.0
2012-08-22,22,3,1,281.00000000000006,259.7279079012423,0.35,351.0,OVERSTOCK,0.0,69.99999999999994,0.0,52.49999999999996,52.49999999999996,720.0
2012-08-22,23,3,1,140.00000000000003,122.99208010072998,0.35,167.0,OVERSTOCK,0.0,26.99999999999997,0.0,20.24999999999998,20.24999999999998,720.0
2012-08-23,0,3,1,60.00000000000001,58.13286639650877,0.35,79.0,OVERSTOCK,0.0,18.999999999999993,0.0,14.249999999999995,14.249999999999995,765.0
2012-08-23,1,3,1,25.000000000000004,29.504351772187263,0.35,40.0,OVERSTOCK,0.0,14.999999999999996,0.0,11.249999999999996,11.249999999999996,765.0
2012-08-23,2,3,1,20.0,9.511561010828704,0.35,13.0,UNDERSTOCK,7.0,0.0,24.5,0.0,24.5,765.0
2012-08-23,3,3,1,9.000000000000002,6.79594559344146,0.35,10.0,OVERSTOCK,0.0,0.9999999999999982,0.0,0.7499999999999987,0.7499999999999987,765.0
2012-08-23,4,3,1,5.999999999999999,7.237963346597672,0.35,10.0,OVERSTOCK,0.0,4.000000000000001,0.0,3.000000000000001,3.000000000000001,765.0
2012-08-23,5,3,1,36.99999999999999,40.90269852767144,0.35,56.0,OVERSTOCK,0.0,19.000000000000007,0.0,14.250000000000005,14.250000000000005,765.0
2012-08-23,6,3,2,192.0,161.2686853477888,0.35,218.0,OVERSTOCK,0.0,26.0,0.0,19.5,19.5,765.0
2012-08-23,7,3,2,481.0,420.602890573651,0.35,568.0,OVERSTOCK,0.0,87.0,0.0,65.25,65.25,765.0
2012-08-23,8,3,2,706.9999999999999,688.8751296482292,0.35,930.0,OVERSTOCK,0.0,223.0000000000001,0.0,167.25000000000009,167.25000000000009,765.0
2012-08-23,9,3,2,412.00000000000017,323.2013938075976,0.35,437.0,OVERSTOCK,0.0,24.99999999999983,0.0,18.749999999999872,18.749999999999872,765.0
2012-08-23,10,3,1,233.00000000000009,220.7343493784932,0.35,298.0,OVERSTOCK,0.0,64.99999999999991,0.0,48.749999999999936,48.749999999999936,765.0
2012-08-23,11,3,1,277.99999999999994,228.5780910064984,0.35,309.0,OVERSTOCK,0.0,31.000000000000057,0.0,23.250000000000043,23.250000000000043,765.0
2012-08-23,12,3,1,332.0,297.5745643686972,0.35,402.0,OVERSTOCK,0.0,70.0,0.0,52.5,52.5,765.0
2012-08-23,13,3,1,346.00000000000006,280.3908017701601,0.35,379.0,OVERSTOCK,0.0,32.99999999999994,0.0,24.749999999999957,24.749999999999957,765.0
2012-08-23,14,3,1,305.0,250.5993389760241,0.35,339.0,OVERSTOCK,0.0,34.0,0.0,25.5,25.5,765.0
2012-08-23,15,3,1,305.0,279.79344632953064,0.35,378.0,OVERSTOCK,0.0,73.0,0.0,54.75,54.75,765.0
2012-08-23,16,3,1,464.99999999999983,438.9166686428061,0.35,593.0,OVERSTOCK,0.0,128.00000000000017,0.0,96.00000000000013,96.00000000000013,765.0
2012-08-23,17,3,1,819.9999999999997,827.4707523230381,0.35,1118.0,OVERSTOCK,0.0,298.00000000000034,0.0,223.50000000000026,223.50000000000026,765.0
2012-08-23,18,3,1,941.0,823.7462645686368,0.35,1113.0,OVERSTOCK,0.0,172.0,0.0,129.0,129.0,765.0
2012-08-23,19,3,1,632.9999999999999,591.6398532710467,0.35,799.0,OVERSTOCK,0.0,166.0000000000001,0.0,124.50000000000009,124.50000000000009,765.0
2012-08-23,20,3,1,474.00000000000006,423.572326822982,0.35,572.0,OVERSTOCK,0.0,97.99999999999994,0.0,73.49999999999996,73.49999999999996,765.0
2012-08-23,21,3,1,328.99999999999994,334.1599258770579,0.35,452.0,OVERSTOCK,0.0,123.00000000000006,0.0,92.25000000000004,92.25000000000004,765.0
2012-08-23,22,3,2,198.0,246.29974909865663,0.35,333.0,OVERSTOCK,0.0,135.0,0.0,101.25,101.25,765.0
2012-08-23,23,3,2,157.00000000000003,156.0073878775841,0.35,211.0,OVERSTOCK,0.0,53.99999999999997,0.0,40.49999999999998,40.49999999999998,765.0
2012-08-24,0,3,2,110.99999999999996,75.14771568607512,0.35,102.0,UNDERSTOCK,8.999999999999957,0.0,31.49999999999985,0.0,31.49999999999985,765.0
2012-08-24,1,3,2,42.0,45.18919692903116,0.35,62.0,OVERSTOCK,0.0,20.0,0.0,15.0,15.0,765.0
2012-08-24,2,3,1,16.0,17.26396176990793,0.35,24.0,OVERSTOCK,0.0,8.0,0.0,6.0,6.0,765.0
2012-08-24,3,3,1,8.000000000000002,6.819231626939877,0.35,10.0,OVERSTOCK,0.0,1.9999999999999982,0.0,1.4999999999999987,1.4999999999999987,765.0
2012-08-24,4,3,2,8.000000000000002,7.480462076161082,0.35,11.0,OVERSTOCK,0.0,2.9999999999999982,0.0,2.2499999999999987,2.2499999999999987,765.0
2012-08-24,5,3,1,37.99999999999999,40.93923726269555,0.35,56.0,OVERSTOCK,0.0,18.000000000000007,0.0,13.500000000000005,13.500000000000005,765.0
2012-08-24,6,3,2,151.0,136.40994954409098,0.35,185.0,OVERSTOCK,0.0,34.0,0.0,25.5,25.5,765.0
2012-08-24,7,3,2,425.00000000000017,374.1304306592885,0.35,506.0,OVERSTOCK,0.0,80.99999999999983,0.0,60.74999999999987,60.74999999999987,765.0
2012-08-24,8,3,2,744.0000000000001,668.4795484706129,0.35,903.0,OVERSTOCK,0.0,158.9999999999999,0.0,119.24999999999991,119.24999999999991,765.0
2012-08-24,9,3,2,389.00000000000006,376.1781482558511,0.35,508.0,OVERSTOCK,0.0,118.99999999999994,0.0,89.24999999999996,89.24999999999996,765.0
2012-08-24,10,3,2,262.00000000000006,260.7417727330928,0.35,353.0,OVERSTOCK,0.0,90.99999999999994,0.0,68.24999999999996,68.24999999999996,765.0
2012-08-24,11,3,2,281.00000000000006,272.91741143670066,0.35,369.0,OVERSTOCK,0.0,87.99999999999994,0.0,65.99999999999996,65.99999999999996,765.0
2012-08-24,12,3,2,370.9999999999999,358.4923116949757,0.35,484.0,OVERSTOCK,0.0,113.00000000000011,0.0,84.75000000000009,84.75000000000009,765.0
2012-08-24,13,3,2,350.9999999999999,366.7299539210194,0.35,496.0,OVERSTOCK,0.0,145.0000000000001,0.0,108.75000000000009,108.75000000000009,765.0
2012-08-24,14,3,1,337.9999999999999,360.5778424924736,0.35,487.0,OVERSTOCK,0.0,149.0000000000001,0.0,111.75000000000009,111.75000000000009,765.0
2012-08-24,15,3,2,349.9999999999999,359.0625203045364,0.35,485.0,OVERSTOCK,0.0,135.0000000000001,0.0,101.25000000000009,101.25000000000009,765.0
2012-08-24,16,3,2,515.0,463.315286660621,0.35,626.0,OVERSTOCK,0.0,111.0,0.0,83.25,83.25,765.0
2012-08-24,17,3,2,811.9999999999997,756.8112829183941,0.35,1022.0,OVERSTOCK,0.0,210.00000000000034,0.0,157.50000000000026,157.50000000000026,765.0
2012-08-24,18,3,2,735.9999999999999,622.4890285373874,0.35,841.0,OVERSTOCK,0.0,105.00000000000011,0.0,78.75000000000009,78.75000000000009,765.0
2012-08-24,19,3,2,536.0000000000001,473.1071154041565,0.35,639.0,OVERSTOCK,0.0,102.99999999999989,0.0,77.24999999999991,77.24999999999991,765.0
2012-08-24,20,3,2,363.0,393.8933100678394,0.35,532.0,OVERSTOCK,0.0,169.0,0.0,126.75,126.75,765.0
2012-08-24,21,3,2,305.9999999999999,273.91414160219244,0.35,370.0,OVERSTOCK,0.0,64.00000000000011,0.0,48.000000000000085,48.000000000000085,765.0
2012-08-24,22,3,2,251.00000000000003,237.72610195969256,0.35,321.0,OVERSTOCK,0.0,69.99999999999997,0.0,52.49999999999998,52.49999999999998,765.0
2012-08-24,23,3,2,178.0,195.66227946162124,0.35,265.0,OVERSTOCK,0.0,87.0,0.0,65.25,65.25,765.0
2012-08-25,0,3,2,135.00000000000006,159.44908528809177,0.35,216.0,OVERSTOCK,0.0,80.99999999999994,0.0,60.74999999999996,60.74999999999996,630.0
2012-08-25,1,3,2,115.0,100.647168466118,0.35,136.0,OVERSTOCK,0.0,21.0,0.0,15.75,15.75,630.0
2012-08-25,2,3,2,78.99999999999997,85.76086777092095,0.35,116.0,OVERSTOCK,0.0,37.00000000000003,0.0,27.75000000000002,27.75000000000002,630.0
2012-08-25,3,3,1,37.99999999999999,34.51946885790151,0.35,47.0,OVERSTOCK,0.0,9.000000000000007,0.0,6.750000000000005,6.750000000000005,630.0
2012-08-25,4,3,2,12.0,10.42142583033412,0.35,15.0,OVERSTOCK,0.0,3.0,0.0,2.25,2.25,630.0
2012-08-25,5,3,2,14.0,11.056650088930624,0.35,15.0,OVERSTOCK,0.0,1.0,0.0,0.75,0.75,630.0
2012-08-25,6,3,2,30.0,35.111697789376265,0.35,48.0,OVERSTOCK,0.0,18.0,0.0,13.5,13.5,630.0
2012-08-25,7,3,2,102.0,54.09719941881768,0.35,74.0,UNDERSTOCK,28.0,0.0,98.0,0.0,98.0,630.0
2012-08-25,8,3,2,162.0,157.7438958684956,0.35,213.0,OVERSTOCK,0.0,51.0,0.0,38.25,38.25,630.0
2012-08-25,9,3,2,288.00000000000006,275.9612075120397,0.35,373.0,OVERSTOCK,0.0,84.99999999999994,0.0,63.74999999999996,63.74999999999996,630.0
2012-08-25,10,3,2,442.0,412.3532723698932,0.35,557.0,OVERSTOCK,0.0,115.0,0.0,86.25,86.25,630.0
2012-08-25,11,3,2,457.00000000000017,487.637753771342,0.35,659.0,OVERSTOCK,0.0,201.99999999999983,0.0,151.4999999999999,151.4999999999999,630.0
2012-08-25,12,3,3,584.0000000000002,299.01838746082507,0.35,404.0,UNDERSTOCK,180.00000000000023,0.0,630.0000000000008,0.0,630.0000000000008,630.0
2012-08-25,13,3,2,516.9999999999999,560.0720600964155,0.35,757.0,OVERSTOCK,0.0,240.0000000000001,0.0,180.00000000000009,180.00000000000009,630.0
2012-08-25,14,3,3,481.9999999999998,366.5248388001306,0.35,495.0,OVERSTOCK,0.0,13.000000000000227,0.0,9.75000000000017,9.75000000000017,630.0
2012-08-25,15,3,2,233.00000000000009,510.0333974797789,0.35,689.0,OVERSTOCK,0.0,455.9999999999999,0.0,341.9999999999999,341.9999999999999,630.0
2012-08-25,16,3,2,434.00000000000006,545.895028069053,0.35,737.0,OVERSTOCK,0.0,302.99999999999994,0.0,227.24999999999994,227.24999999999994,630.0
2012-08-25,17,3,2,403.00000000000017,403.6789287606596,0.35,545.0,OVERSTOCK,0.0,141.99999999999983,0.0,106.49999999999987,106.49999999999987,630.0
2012-08-25,18,3,2,383.0,389.76039815470193,0.35,527.0,OVERSTOCK,0.0,144.0,0.0,108.0,108.0,630.0
2012-08-25,19,3,2,354.00000000000006,334.38110253350567,0.35,452.0,OVERSTOCK,0.0,97.99999999999994,0.0,73.49999999999996,73.49999999999996,630.0
2012-08-25,20,3,3,241.00000000000009,109.46750589111532,0.35,148.0,UNDERSTOCK,93.00000000000009,0.0,325.5000000000003,0.0,325.5000000000003,630.0
2012-08-25,21,3,1,208.0,218.0759197831733,0.35,295.0,OVERSTOCK,0.0,87.0,0.0,65.25,65.25,630.0
2012-08-25,22,3,1,182.00000000000009,170.13764938464558,0.35,230.0,OVERSTOCK,0.0,47.999999999999915,0.0,35.999999999999936,35.999999999999936,630.0
2012-08-25,23,3,2,158.0,173.46342271045992,0.35,235.0,OVERSTOCK,0.0,77.0,0.0,57.75,57.75,630.0
2012-08-26,0,3,1,134.00000000000003,99.45827511128152,0.35,135.0,OVERSTOCK,0.0,0.9999999999999716,0.0,0.7499999999999787,0.7499999999999787,450.0
2012-08-26,1,3,1,134.00000000000003,121.30745348512222,0.35,164.0,OVERSTOCK,0.0,29.99999999999997,0.0,22.49999999999998,22.49999999999998,450.0
2012-08-26,2,3,2,116.00000000000004,85.80347044994933,0.35,116.0,UNDERSTOCK,4.263256414560601e-14,0.0,1.4921397450962104e-13,0.0,1.4921397450962104e-13,450.0
2012-08-26,3,3,2,53.00000000000001,35.97674763044141,0.35,49.0,UNDERSTOCK,4.000000000000007,0.0,14.000000000000025,0.0,14.000000000000025,450.0
2012-08-26,4,3,2,16.0,9.462707264871236,0.35,13.0,UNDERSTOCK,3.0,0.0,10.5,0.0,10.5,450.0
2012-08-26,5,3,1,16.0,9.517850747580384,0.35,13.0,UNDERSTOCK,3.0,0.0,10.5,0.0,10.5,450.0
2012-08-26,6,3,1,21.000000000000004,14.23812728726516,0.35,20.0,UNDERSTOCK,1.0000000000000036,0.0,3.5000000000000124,0.0,3.5000000000000124,450.0
2012-08-26,7,3,1,33.99999999999999,57.99776472347655,0.35,79.0,OVERSTOCK,0.0,45.00000000000001,0.0,33.75000000000001,33.75000000000001,450.0
2012-08-26,8,3,1,132.99999999999997,120.2362269728076,0.35,163.0,OVERSTOCK,0.0,30.00000000000003,0.0,22.50000000000002,22.50000000000002,450.0
2012-08-26,9,3,1,262.99999999999994,254.33969982793295,0.35,344.0,OVERSTOCK,0.0,81.00000000000006,0.0,60.75000000000004,60.75000000000004,450.0
2012-08-26,10,3,1,385.00000000000006,381.1857552933028,0.35,515.0,OVERSTOCK,0.0,129.99999999999994,0.0,97.49999999999996,97.49999999999996,450.0
2012-08-26,11,3,1,481.9999999999998,501.88786835613695,0.35,678.0,OVERSTOCK,0.0,196.00000000000023,0.0,147.00000000000017,147.00000000000017,450.0
2012-08-26,12,3,3,626.0000000000001,236.24320287393812,0.35,319.0,UNDERSTOCK,307.0000000000001,0.0,1074.5000000000005,0.0,1074.5000000000005,450.0
2012-08-26,13,3,3,541.0000000000001,153.16480277256565,0.35,207.0,UNDERSTOCK,334.0000000000001,0.0,1169.0000000000005,0.0,1169.0000000000005,450.0
2012-08-26,14,3,1,377.0000000000001,378.7713897767427,0.35,512.0,OVERSTOCK,0.0,134.9999999999999,0.0,101.24999999999991,101.24999999999991,450.0
2012-08-26,15,3,3,390.9999999999999,125.13790568771763,0.35,169.0,UNDERSTOCK,221.9999999999999,0.0,776.9999999999995,0.0,776.9999999999995,450.0
2012-08-26,16,3,3,173.0,135.26840525770493,0.35,183.0,OVERSTOCK,0.0,10.0,0.0,7.5,7.5,450.0
2012-08-26,17,3,1,233.00000000000009,237.9609288676967,0.35,322.0,OVERSTOCK,0.0,88.99999999999991,0.0,66.74999999999994,66.74999999999994,450.0
2012-08-26,18,3,2,263.99999999999994,228.92630327677605,0.35,310.0,OVERSTOCK,0.0,46.00000000000006,0.0,34.50000000000004,34.50000000000004,450.0
2012-08-26,19,3,2,292.0000000000001,213.56104491680955,0.35,289.0,UNDERSTOCK,3.0000000000001137,0.0,10.500000000000398,0.0,10.500000000000398,450.0
2012-08-26,20,3,1,211.0,200.61454260226893,0.35,271.0,OVERSTOCK,0.0,60.0,0.0,45.0,45.0,450.0
2012-08-26,21,3,1,166.00000000000006,214.64055025995503,0.35,290.0,OVERSTOCK,0.0,123.99999999999994,0.0,92.99999999999996,92.99999999999996,450.0
2012-08-26,22,3,1,114.0,101.88202349441164,0.35,138.0,OVERSTOCK,0.0,24.0,0.0,18.0,18.0,450.0
2012-08-26,23,3,1,80.00000000000003,94.8885048896169,0.35,129.0,OVERSTOCK,0.0,48.99999999999997,0.0,36.74999999999998,36.74999999999998,450.0
2012-08-27,0,3,1,32.0,37.44874038621916,0.35,51.0,OVERSTOCK,0.0,19.0,0.0,14.25,14.25,720.0
2012-08-27,1,3,1,6.999999999999998,18.09875569260829,0.35,25.0,OVERSTOCK,0.0,18.0,0.0,13.5,13.5,720.0
2012-08-27,2,3,1,8.000000000000002,7.9857696599806705,0.35,11.0,OVERSTOCK,0.0,2.9999999999999982,0.0,2.2499999999999987,2.2499999999999987,720.0
2012-08-27,3,3,1,4.0,4.6441905944398,0.35,7.0,OVERSTOCK,0.0,3.0,0.0,2.25,2.25,720.0
2012-08-27,4,3,1,12.0,6.196574630613816,0.35,9.0,UNDERSTOCK,3.0,0.0,10.5,0.0,10.5,720.0
2012-08-27,5,3,1,35.99999999999999,39.40339641044051,0.35,54.0,OVERSTOCK,0.0,18.000000000000007,0.0,13.500000000000005,13.500000000000005,720.0
2012-08-27,6,3,1,145.0,151.89540134454327,0.35,206.0,OVERSTOCK,0.0,61.0,0.0,45.75,45.75,720.0
2012-08-27,7,3,1,433.0000000000001,460.2267826380461,0.35,622.0,OVERSTOCK,0.0,188.9999999999999,0.0,141.74999999999991,141.74999999999991,720.0
2012-08-27,8,3,1,698.9999999999998,495.9792286753204,0.35,670.0,UNDERSTOCK,28.999999999999773,0.0,101.4999999999992,0.0,101.4999999999992,720.0
2012-08-27,9,3,1,341.99999999999983,331.29940366523147,0.35,448.0,OVERSTOCK,0.0,106.00000000000017,0.0,79.50000000000013,79.50000000000013,720.0
2012-08-27,10,3,1,205.99999999999997,217.26902926152405,0.35,294.0,OVERSTOCK,0.0,88.00000000000003,0.0,66.00000000000003,66.00000000000003,720.0
2012-08-27,11,3,1,229.00000000000009,229.9983782747016,0.35,311.0,OVERSTOCK,0.0,81.99999999999991,0.0,61.499999999999936,61.499999999999936,720.0
2012-08-27,12,3,1,283.00000000000006,259.0490758922626,0.35,350.0,OVERSTOCK,0.0,66.99999999999994,0.0,50.24999999999996,50.24999999999996,720.0
2012-08-27,13,3,1,288.00000000000006,270.9396054530671,0.35,366.0,OVERSTOCK,0.0,77.99999999999994,0.0,58.49999999999996,58.49999999999996,720.0
2012-08-27,14,3,1,246.00000000000009,261.7367006141122,0.35,354.0,OVERSTOCK,0.0,107.99999999999991,0.0,80.99999999999994,80.99999999999994,720.0
2012-08-27,15,3,1,282.0,268.219409827527,0.35,363.0,OVERSTOCK,0.0,81.0,0.0,60.75,60.75,720.0
2012-08-27,16,3,1,444.0,437.79664603913216,0.35,592.0,OVERSTOCK,0.0,148.0,0.0,111.0,111.0,720.0
2012-08-27,17,3,1,844.9999999999998,841.009148223008,0.35,1136.0,OVERSTOCK,0.0,291.0000000000002,0.0,218.25000000000017,218.25000000000017,720.0
2012-08-27,18,3,1,833.9999999999997,838.7724374997077,0.35,1133.0,OVERSTOCK,0.0,299.00000000000034,0.0,224.25000000000026,224.25000000000026,720.0
2012-08-27,19,3,1,573.0000000000002,541.472716531467,0.35,731.0,OVERSTOCK,0.0,157.99999999999977,0.0,118.49999999999983,118.49999999999983,720.0
2012-08-27,20,3,1,416.0,462.8507790895037,0.35,625.0,OVERSTOCK,0.0,209.0,0.0,156.75,156.75,720.0
2012-08-27,21,3,1,277.99999999999994,324.11509446570227,0.35,438.0,OVERSTOCK,0.0,160.00000000000006,0.0,120.00000000000004,120.00000000000004,720.0
2012-08-27,22,3,1,160.99999999999994,193.55710261261623,0.35,262.0,OVERSTOCK,0.0,101.00000000000006,0.0,75.75000000000004,75.75000000000004,720.0
2012-08-27,23,3,1,114.0,115.56571624445534,0.35,157.0,OVERSTOCK,0.0,43.0,0.0,32.25,32.25,720.0
2012-08-28,0,3,1,37.99999999999999,42.23065062810093,0.35,58.0,OVERSTOCK,0.0,20.000000000000007,0.0,15.000000000000005,15.000000000000005,765.0
2012-08-28,1,3,1,21.000000000000004,20.243542113437066,0.35,28.0,OVERSTOCK,0.0,6.9999999999999964,0.0,5.249999999999997,5.249999999999997,765.0
2012-08-28,2,3,1,14.999999999999998,9.840453264855071,0.35,14.0,UNDERSTOCK,0.9999999999999982,0.0,3.499999999999994,0.0,3.499999999999994,765.0
2012-08-28,3,3,1,4.0,4.673011989487893,0.35,7.0,OVERSTOCK,0.0,3.0,0.0,2.25,2.25,765.0
2012-08-28,4,3,1,8.000000000000002,6.970465381319596,0.35,10.0,OVERSTOCK,0.0,1.9999999999999982,0.0,1.4999999999999987,1.4999999999999987,765.0
2012-08-28,5,3,2,42.0,44.58323336801861,0.35,61.0,OVERSTOCK,0.0,19.0,0.0,14.25,14.25,765.0
2012-08-28,6,3,2,146.99999999999994,170.16552287219014,0.35,230.0,OVERSTOCK,0.0,83.00000000000006,0.0,62.25000000000004,62.25000000000004,765.0
2012-08-28,7,3,2,269.00000000000006,481.1480172120857,0.35,650.0,OVERSTOCK,0.0,380.99999999999994,0.0,285.74999999999994,285.74999999999994,765.0
2012-08-28,8,3,2,693.0000000000001,569.8512149984293,0.35,770.0,OVERSTOCK,0.0,76.99999999999989,0.0,57.749999999999915,57.749999999999915,765.0
2012-08-28,9,3,2,395.0,331.13496278378176,0.35,448.0,OVERSTOCK,0.0,53.0,0.0,39.75,39.75,765.0
2012-08-28,10,3,1,204.00000000000009,216.17738959823487,0.35,292.0,OVERSTOCK,0.0,87.99999999999991,0.0,65.99999999999994,65.99999999999994,765.0
2012-08-28,11,3,1,218.00000000000003,228.9740783544132,0.35,310.0,OVERSTOCK,0.0,91.99999999999997,0.0,68.99999999999997,68.99999999999997,765.0
2012-08-28,12,3,1,297.00000000000006,271.80745933602736,0.35,367.0,OVERSTOCK,0.0,69.99999999999994,0.0,52.49999999999996,52.49999999999996,765.0
2012-08-28,13,3,1,288.00000000000006,271.43059080865083,0.35,367.0,OVERSTOCK,0.0,78.99999999999994,0.0,59.24999999999996,59.24999999999996,765.0
2012-08-28,14,3,1,251.00000000000003,254.44932567756615,0.35,344.0,OVERSTOCK,0.0,92.99999999999997,0.0,69.74999999999997,69.74999999999997,765.0
2012-08-28,15,3,1,317.0,266.2053466912772,0.35,360.0,OVERSTOCK,0.0,43.0,0.0,32.25,32.25,765.0
2012-08-28,16,3,1,480.0,421.76154713413575,0.35,570.0,OVERSTOCK,0.0,90.0,0.0,67.5,67.5,765.0
2012-08-28,17,3,1,863.9999999999997,843.5459417262638,0.35,1139.0,OVERSTOCK,0.0,275.00000000000034,0.0,206.25000000000026,206.25000000000026,765.0
2012-08-28,18,3,1,818.0000000000002,834.3458830695929,0.35,1127.0,OVERSTOCK,0.0,308.9999999999998,0.0,231.74999999999983,231.74999999999983,765.0
2012-08-28,19,3,1,596.9999999999998,621.845872588259,0.35,840.0,OVERSTOCK,0.0,243.00000000000023,0.0,182.25000000000017,182.25000000000017,765.0
2012-08-28,20,3,1,435.0,427.5421239281096,0.35,578.0,OVERSTOCK,0.0,143.0,0.0,107.25,107.25,765.0
2012-08-28,21,3,1,314.0,321.825700160268,0.35,435.0,OVERSTOCK,0.0,121.0,0.0,90.75,90.75,765.0
2012-08-28,22,3,1,216.00000000000003,238.71312541844463,0.35,323.0,OVERSTOCK,0.0,106.99999999999997,0.0,80.24999999999997,80.24999999999997,765.0
2012-08-28,23,3,1,109.00000000000004,132.4890681924398,0.35,179.0,OVERSTOCK,0.0,69.99999999999996,0.0,52.49999999999997,52.49999999999997,765.0
2012-08-29,0,3,1,47.00000000000001,40.73288816208935,0.35,55.0,OVERSTOCK,0.0,7.999999999999993,0.0,5.999999999999995,5.999999999999995,810.0
2012-08-29,1,3,1,14.0,22.570442747702195,0.35,31.0,OVERSTOCK,0.0,17.0,0.0,12.75,12.75,810.0
2012-08-29,2,3,1,5.999999999999999,8.78724171441708,0.35,12.0,OVERSTOCK,0.0,6.000000000000001,0.0,4.500000000000001,4.500000000000001,810.0
2012-08-29,3,3,1,9.000000000000002,5.7070610172564935,0.35,8.0,UNDERSTOCK,1.0000000000000018,0.0,3.500000000000006,0.0,3.500000000000006,810.0
2012-08-29,4,3,1,10.000000000000002,5.881134717548296,0.35,8.0,UNDERSTOCK,2.0000000000000018,0.0,7.000000000000006,0.0,7.000000000000006,810.0
2012-08-29,5,3,1,40.00000000000001,38.69992690311375,0.35,53.0,OVERSTOCK,0.0,12.999999999999993,0.0,9.749999999999995,9.749999999999995,810.0
2012-08-29,6,3,1,181.0,183.94357816447663,0.35,249.0,OVERSTOCK,0.0,68.0,0.0,51.0,51.0,810.0
2012-08-29,7,3,1,554.0,487.5962640595757,0.35,659.0,OVERSTOCK,0.0,105.0,0.0,78.75,78.75,810.0
2012-08-29,8,3,1,807.9999999999997,685.8799804421903,0.35,926.0,OVERSTOCK,0.0,118.00000000000034,0.0,88.50000000000026,88.50000000000026,810.0
2012-08-29,9,3,1,347.99999999999994,320.0299528024776,0.35,433.0,OVERSTOCK,0.0,85.00000000000006,0.0,63.75000000000004,63.75000000000004,810.0
2012-08-29,10,3,1,178.0,221.560179633716,0.35,300.0,OVERSTOCK,0.0,122.0,0.0,91.5,91.5,810.0
2012-08-29,11,3,1,253.0,241.5125598549411,0.35,327.0,OVERSTOCK,0.0,74.0,0.0,55.5,55.5,810.0
2012-08-29,12,3,1,359.99999999999983,299.83624073004995,0.35,405.0,OVERSTOCK,0.0,45.00000000000017,0.0,33.75000000000013,33.75000000000013,810.0
2012-08-29,13,3,1,299.9999999999999,304.871650783402,0.35,412.0,OVERSTOCK,0.0,112.00000000000011,0.0,84.00000000000009,84.00000000000009,810.0
2012-08-29,14,3,1,301.0,260.95141349935693,0.35,353.0,OVERSTOCK,0.0,52.0,0.0,39.0,39.0,810.0
2012-08-29,15,3,1,337.9999999999999,284.7439694621997,0.35,385.0,OVERSTOCK,0.0,47.000000000000114,0.0,35.250000000000085,35.250000000000085,810.0
2012-08-29,16,3,1,493.00000000000017,441.43326928167176,0.35,596.0,OVERSTOCK,0.0,102.99999999999983,0.0,77.24999999999987,77.24999999999987,810.0
2012-08-29,17,3,1,870.0000000000001,837.043970985362,0.35,1131.0,OVERSTOCK,0.0,260.9999999999999,0.0,195.74999999999991,195.74999999999991,810.0
2012-08-29,18,3,1,811.9999999999997,827.2207603391953,0.35,1117.0,OVERSTOCK,0.0,305.00000000000034,0.0,228.75000000000026,228.75000000000026,810.0
2012-08-29,19,3,1,643.0000000000002,609.8158237749758,0.35,824.0,OVERSTOCK,0.0,180.99999999999977,0.0,135.74999999999983,135.74999999999983,810.0
2012-08-29,20,3,1,426.9999999999999,414.9789399864295,0.35,561.0,OVERSTOCK,0.0,134.0000000000001,0.0,100.50000000000009,100.50000000000009,810.0
2012-08-29,21,3,1,312.99999999999994,332.6683255598411,0.35,450.0,OVERSTOCK,0.0,137.00000000000006,0.0,102.75000000000004,102.75000000000004,810.0
2012-08-29,22,3,1,235.0000000000001,282.171507167199,0.35,381.0,OVERSTOCK,0.0,145.9999999999999,0.0,109.49999999999991,109.49999999999991,810.0
2012-08-29,23,3,1,157.00000000000003,145.58109770522276,0.35,197.0,OVERSTOCK,0.0,39.99999999999997,0.0,29.99999999999998,29.99999999999998,810.0
2012-08-30,0,3,1,64.99999999999997,56.36056934452022,0.35,77.0,OVERSTOCK,0.0,12.000000000000028,0.0,9.000000000000021,9.000000000000021,810.0
2012-08-30,1,3,1,23.000000000000004,28.873195951147743,0.35,39.0,OVERSTOCK,0.0,15.999999999999996,0.0,11.999999999999996,11.999999999999996,810.0
2012-08-30,2,3,1,16.999999999999996,9.366371879186351,0.35,13.0,UNDERSTOCK,3.9999999999999964,0.0,13.999999999999988,0.0,13.999999999999988,810.0
2012-08-30,3,3,1,5.0,6.303823936000198,0.35,9.0,OVERSTOCK,0.0,4.0,0.0,3.0,3.0,810.0
2012-08-30,4,3,1,8.000000000000002,6.709488078733071,0.35,10.0,OVERSTOCK,0.0,1.9999999999999982,0.0,1.4999999999999987,1.4999999999999987,810.0
2012-08-30,5,3,1,35.0,41.52235832019492,0.35,57.0,OVERSTOCK,0.0,22.0,0.0,16.5,16.5,810.0
2012-08-30,6,3,1,163.00000000000006,180.09781968758853,0.35,244.0,OVERSTOCK,0.0,80.99999999999994,0.0,60.74999999999996,60.74999999999996,810.0
2012-08-30,7,3,1,531.9999999999999,486.2061337425773,0.35,657.0,OVERSTOCK,0.0,125.00000000000011,0.0,93.75000000000009,93.75000000000009,810.0
2012-08-30,8,3,1,754.0000000000001,673.9506530867127,0.35,910.0,OVERSTOCK,0.0,155.9999999999999,0.0,116.99999999999991,116.99999999999991,810.0
2012-08-30,9,3,1,396.0000000000001,324.48627098154253,0.35,439.0,OVERSTOCK,0.0,42.999999999999886,0.0,32.249999999999915,32.249999999999915,810.0
2012-08-30,10,3,1,234.0,220.40700405788465,0.35,298.0,OVERSTOCK,0.0,64.0,0.0,48.0,48.0,810.0
2012-08-30,11,3,1,276.0,225.9573084148517,0.35,306.0,OVERSTOCK,0.0,30.0,0.0,22.5,22.5,810.0
2012-08-30,12,3,1,294.0000000000001,285.685894985783,0.35,386.0,OVERSTOCK,0.0,91.99999999999989,0.0,68.99999999999991,68.99999999999991,810.0
2012-08-30,13,3,1,290.0000000000001,281.3692320267871,0.35,380.0,OVERSTOCK,0.0,89.99999999999989,0.0,67.49999999999991,67.49999999999991,810.0
2012-08-30,14,3,1,273.00000000000006,255.7630922472608,0.35,346.0,OVERSTOCK,0.0,72.99999999999994,0.0,54.74999999999996,54.74999999999996,810.0
2012-08-30,15,3,1,337.9999999999999,278.25255824968724,0.35,376.0,OVERSTOCK,0.0,38.000000000000114,0.0,28.500000000000085,28.500000000000085,810.0
2012-08-30,16,3,1,481.9999999999998,437.776306328602,0.35,591.0,OVERSTOCK,0.0,109.00000000000023,0.0,81.75000000000017,81.75000000000017,810.0
2012-08-30,17,3,1,844.0000000000001,833.9262806353828,0.35,1126.0,OVERSTOCK,0.0,281.9999999999999,0.0,211.49999999999991,211.49999999999991,810.0
2012-08-30,18,3,1,853.0000000000003,827.8215066921421,0.35,1118.0,OVERSTOCK,0.0,264.99999999999966,0.0,198.74999999999974,198.74999999999974,810.0
2012-08-30,19,3,1,610.0000000000002,623.6089651466734,0.35,842.0,OVERSTOCK,0.0,231.99999999999977,0.0,173.99999999999983,173.99999999999983,810.0
2012-08-30,20,3,1,470.99999999999983,473.6347327028915,0.35,640.0,OVERSTOCK,0.0,169.00000000000017,0.0,126.75000000000013,126.75000000000013,810.0
2012-08-30,21,3,1,306.9999999999999,332.9685770867096,0.35,450.0,OVERSTOCK,0.0,143.0000000000001,0.0,107.25000000000009,107.25000000000009,810.0
2012-08-30,22,3,1,291.0,257.22583821052774,0.35,348.0,OVERSTOCK,0.0,57.0,0.0,42.75,42.75,810.0
2012-08-30,23,3,1,151.99999999999997,156.68506103826928,0.35,212.0,OVERSTOCK,0.0,60.00000000000003,0.0,45.00000000000002,45.00000000000002,810.0
2012-08-31,0,3,1,82.00000000000003,73.60564810287032,0.35,100.0,OVERSTOCK,0.0,17.99999999999997,0.0,13.499999999999979,13.499999999999979,765.0
2012-08-31,1,3,1,32.0,36.74664727839971,0.35,50.0,OVERSTOCK,0.0,18.0,0.0,13.5,13.5,765.0
2012-08-31,2,3,1,20.0,18.050046278047,0.35,25.0,OVERSTOCK,0.0,5.0,0.0,3.75,3.75,765.0
2012-08-31,3,3,1,5.0,15.574546773811376,0.35,22.0,OVERSTOCK,0.0,17.0,0.0,12.75,12.75,765.0
2012-08-31,4,3,1,6.999999999999998,11.876941661725729,0.35,17.0,OVERSTOCK,0.0,10.000000000000002,0.0,7.500000000000002,7.500000000000002,765.0
2012-08-31,5,3,1,29.000000000000004,40.56059893099434,0.35,55.0,OVERSTOCK,0.0,25.999999999999996,0.0,19.499999999999996,19.499999999999996,765.0
2012-08-31,6,3,2,107.99999999999996,138.39263570415693,0.35,187.0,OVERSTOCK,0.0,79.00000000000004,0.0,59.25000000000003,59.25000000000003,765.0
2012-08-31,7,3,2,421.0000000000001,357.96783768241795,0.35,484.0,OVERSTOCK,0.0,62.999999999999886,0.0,47.249999999999915,47.249999999999915,765.0
2012-08-31,8,3,2,690.0000000000002,673.2324224673752,0.35,909.0,OVERSTOCK,0.0,218.99999999999977,0.0,164.24999999999983,164.24999999999983,765.0
2012-08-31,9,3,1,398.0000000000001,357.919175792699,0.35,484.0,OVERSTOCK,0.0,85.99999999999989,0.0,64.49999999999991,64.49999999999991,765.0
2012-08-31,10,3,1,256.00000000000006,244.82026755309468,0.35,331.0,OVERSTOCK,0.0,74.99999999999994,0.0,56.24999999999996,56.24999999999996,765.0
2012-08-31,11,3,1,309.00000000000006,240.50826781668425,0.35,325.0,OVERSTOCK,0.0,15.999999999999943,0.0,11.999999999999957,11.999999999999957,765.0
2012-08-31,12,3,1,409.99999999999983,336.24077913641395,0.35,454.0,OVERSTOCK,0.0,44.00000000000017,0.0,33.00000000000013,33.00000000000013,765.0
2012-08-31,13,3,1,368.0,329.40099812524227,0.35,445.0,OVERSTOCK,0.0,77.0,0.0,57.75,57.75,765.0
2012-08-31,14,3,1,435.9999999999999,302.0307213526568,0.35,408.0,UNDERSTOCK,27.999999999999886,0.0,97.9999999999996,0.0,97.9999999999996,765.0
2012-08-31,15,3,1,526.0000000000001,318.3737953551177,0.35,430.0,UNDERSTOCK,96.00000000000011,0.0,336.0000000000004,0.0,336.0000000000004,765.0
2012-08-31,16,3,1,528.0,422.67341867532167,0.35,571.0,OVERSTOCK,0.0,43.0,0.0,32.25,32.25,765.0
2012-08-31,17,3,1,616.9999999999998,653.3098161017116,0.35,882.0,OVERSTOCK,0.0,265.0000000000002,0.0,198.75000000000017,198.75000000000017,765.0
2012-08-31,18,3,1,546.0,646.3123211325435,0.35,873.0,OVERSTOCK,0.0,327.0,0.0,245.25,245.25,765.0
2012-08-31,19,3,1,452.0000000000001,487.2390223272271,0.35,658.0,OVERSTOCK,0.0,205.9999999999999,0.0,154.49999999999991,154.49999999999991,765.0
2012-08-31,20,3,1,355.9999999999999,391.48991146528016,0.35,529.0,OVERSTOCK,0.0,173.0000000000001,0.0,129.75000000000009,129.75000000000009,765.0
2012-08-31,21,3,1,303.00000000000006,292.7007737144474,0.35,396.0,OVERSTOCK,0.0,92.99999999999994,0.0,69.74999999999996,69.74999999999996,765.0
2012-08-31,22,3,1,276.99999999999994,250.76930908214595,0.35,339.0,OVERSTOCK,0.0,62.00000000000006,0.0,46.50000000000004,46.50000000000004,765.0
2012-08-31,23,3,1,174.00000000000009,197.05424113848505,0.35,267.0,OVERSTOCK,0.0,92.99999999999991,0.0,69.74999999999994,69.74999999999994,765.0
2012-09-01,0,3,1,168.0,171.77898887669815,0.35,232.0,OVERSTOCK,0.0,64.0,0.0,48.0,48.0,675.0
2012-09-01,1,3,1,78.99999999999997,102.00579489728275,0.35,138.0,OVERSTOCK,0.0,59.00000000000003,0.0,44.25000000000002,44.25000000000002,675.0
2012-09-01,2,3,1,69.00000000000003,82.96159718786693,0.35,112.0,OVERSTOCK,0.0,42.99999999999997,0.0,32.24999999999998,32.24999999999998,675.0
2012-09-01,3,3,1,35.0,34.28187484509028,0.35,47.0,OVERSTOCK,0.0,12.0,0.0,9.0,9.0,675.0
2012-09-01,4,3,1,12.0,9.565342827793714,0.35,13.0,OVERSTOCK,0.0,1.0,0.0,0.75,0.75,675.0
2012-09-01,5,3,1,22.0,10.034645807051506,0.35,14.0,UNDERSTOCK,8.0,0.0,28.0,0.0,28.0,675.0
2012-09-01,6,3,1,35.99999999999999,29.65248636059663,0.35,41.0,OVERSTOCK,0.0,5.000000000000007,0.0,3.7500000000000053,3.7500000000000053,675.0
2012-09-01,7,3,2,65.99999999999997,67.98577619844295,0.35,92.0,OVERSTOCK,0.0,26.00000000000003,0.0,19.50000000000002,19.50000000000002,675.0
2012-09-01,8,3,2,162.0,157.37352308024836,0.35,213.0,OVERSTOCK,0.0,51.0,0.0,38.25,38.25,675.0
2012-09-01,9,3,2,237.00000000000009,284.92652110153483,0.35,385.0,OVERSTOCK,0.0,147.99999999999991,0.0,110.99999999999994,110.99999999999994,675.0
2012-09-01,10,3,2,417.0,409.1021169742839,0.35,553.0,OVERSTOCK,0.0,136.0,0.0,102.0,102.0,675.0
2012-09-01,11,3,2,491.9999999999999,495.0770068834424,0.35,669.0,OVERSTOCK,0.0,177.0000000000001,0.0,132.75000000000009,132.75000000000009,675.0
2012-09-01,12,3,2,470.99999999999983,542.4949228662194,0.35,733.0,OVERSTOCK,0.0,262.00000000000017,0.0,196.5000000000001,196.5000000000001,675.0
2012-09-01,13,3,2,504.00000000000017,518.1129051880524,0.35,700.0,OVERSTOCK,0.0,195.99999999999983,0.0,146.9999999999999,146.9999999999999,675.0
2012-09-01,14,3,2,514.0000000000001,490.4042526044103,0.35,663.0,OVERSTOCK,0.0,148.9999999999999,0.0,111.74999999999991,111.74999999999991,675.0
2012-09-01,15,3,2,563.0000000000002,485.7016971317838,0.35,656.0,OVERSTOCK,0.0,92.99999999999977,0.0,69.74999999999983,69.74999999999983,675.0
2012-09-01,16,3,2,462.0,432.7301208227669,0.35,585.0,OVERSTOCK,0.0,123.0,0.0,92.25,92.25,675.0
2012-09-01,17,3,2,463.0,316.6996635573964,0.35,428.0,UNDERSTOCK,35.0,0.0,122.5,0.0,122.5,675.0
2012-09-01,18,3,2,442.0,313.037980836252,0.35,423.0,UNDERSTOCK,19.0,0.0,66.5,0.0,66.5,675.0
2012-09-01,19,3,3,392.0,245.86849941021396,0.35,332.0,UNDERSTOCK,60.0,0.0,210.0,0.0,210.0,675.0
2012-09-01,20,3,3,207.0,293.1201831109101,0.35,396.0,OVERSTOCK,0.0,189.0,0.0,141.75,141.75,675.0
2012-09-01,21,3,3,103.99999999999996,127.1224876264913,0.35,172.0,OVERSTOCK,0.0,68.00000000000004,0.0,51.00000000000003,51.00000000000003,675.0
2012-09-01,22,3,2,78.0,194.47989419224064,0.35,263.0,OVERSTOCK,0.0,185.0,0.0,138.75,138.75,675.0
2012-09-01,23,3,1,145.0,182.26557674798497,0.35,247.0,OVERSTOCK,0.0,102.0,0.0,76.5,76.5,675.0
2012-09-02,0,3,2,99.00000000000004,139.6710246529693,0.35,189.0,OVERSTOCK,0.0,89.99999999999996,0.0,67.49999999999997,67.49999999999997,540.0
2012-09-02,1,3,1,73.00000000000003,138.93437022266428,0.35,188.0,OVERSTOCK,0.0,114.99999999999997,0.0,86.24999999999997,86.24999999999997,540.0
2012-09-02,2,3,1,84.00000000000001,92.7175574842786,0.35,126.0,OVERSTOCK,0.0,41.999999999999986,0.0,31.49999999999999,31.49999999999999,540.0
2012-09-02,3,3,1,42.0,42.08143443521295,0.35,57.0,OVERSTOCK,0.0,15.0,0.0,11.25,11.25,540.0
2012-09-02,4,3,1,22.0,8.784860306847046,0.35,12.0,UNDERSTOCK,10.0,0.0,35.0,0.0,35.0,540.0
2012-09-02,5,3,1,12.0,8.642700610931207,0.35,12.0,OK,0.0,0.0,0.0,0.0,0.0,540.0
2012-09-02,6,3,2,14.999999999999998,16.641515129077014,0.35,23.0,OVERSTOCK,0.0,8.000000000000002,0.0,6.000000000000002,6.000000000000002,540.0
2012-09-02,7,3,1,42.0,52.06099212901704,0.35,71.0,OVERSTOCK,0.0,29.0,0.0,21.75,21.75,540.0
2012-09-02,8,3,1,128.99999999999997,131.43658209874246,0.35,178.0,OVERSTOCK,0.0,49.00000000000003,0.0,36.75000000000002,36.75000000000002,540.0
2012-09-02,9,3,2,231.99999999999991,239.36905439443504,0.35,324.0,OVERSTOCK,0.0,92.00000000000009,0.0,69.00000000000006,69.00000000000006,540.0
2012-09-02,10,3,2,387.99999999999983,375.7823449746276,0.35,508.0,OVERSTOCK,0.0,120.00000000000017,0.0,90.00000000000013,90.00000000000013,540.0
2012-09-02,11,3,2,488.99999999999983,483.87781407886354,0.35,654.0,OVERSTOCK,0.0,165.00000000000017,0.0,123.75000000000013,123.75000000000013,540.0
2012-09-02,12,3,3,545.0000000000001,174.41629756686282,0.35,236.0,UNDERSTOCK,309.0000000000001,0.0,1081.5000000000005,0.0,1081.5000000000005,540.0
2012-09-02,13,3,3,493.00000000000017,194.81621399329737,0.35,264.0,UNDERSTOCK,229.00000000000017,0.0,801.5000000000006,0.0,801.5000000000006,540.0
2012-09-02,14,3,3,457.00000000000017,198.46420410171012,0.35,268.0,UNDERSTOCK,189.00000000000017,0.0,661.5000000000006,0.0,661.5000000000006,540.0
2012-09-02,15,3,3,355.0,227.00709655615853,0.35,307.0,UNDERSTOCK,48.0,0.0,168.0,0.0,168.0,540.0
2012-09-02,16,3,1,474.00000000000006,546.2628898481463,0.35,738.0,OVERSTOCK,0.0,263.99999999999994,0.0,197.99999999999994,197.99999999999994,540.0
2012-09-02,17,3,1,503.00000000000006,430.352741929536,0.35,581.0,OVERSTOCK,0.0,77.99999999999994,0.0,58.49999999999996,58.49999999999996,540.0
2012-09-02,18,3,1,499.9999999999999,344.0169145631944,0.35,465.0,UNDERSTOCK,34.999999999999886,0.0,122.4999999999996,0.0,122.4999999999996,540.0
2012-09-02,19,3,2,292.0000000000001,238.13398688678828,0.35,322.0,OVERSTOCK,0.0,29.999999999999886,0.0,22.499999999999915,22.499999999999915,540.0
2012-09-02,20,3,2,103.99999999999996,219.93604980439687,0.35,297.0,OVERSTOCK,0.0,193.00000000000006,0.0,144.75000000000006,144.75000000000006,540.0
2012-09-02,21,3,1,170.99999999999994,262.1581241300625,0.35,354.0,OVERSTOCK,0.0,183.00000000000006,0.0,137.25000000000006,137.25000000000006,540.0
2012-09-02,22,3,3,166.00000000000006,98.86868449360594,0.35,134.0,UNDERSTOCK,32.00000000000006,0.0,112.0000000000002,0.0,112.0000000000002,540.0
2012-09-02,23,3,3,123.00000000000004,76.06912728822608,0.35,103.0,UNDERSTOCK,20.000000000000043,0.0,70.00000000000014,0.0,70.00000000000014,540.0
2012-09-03,0,3,2,103.99999999999996,121.56390650381044,0.35,165.0,OVERSTOCK,0.0,61.00000000000004,0.0,45.75000000000003,45.75000000000003,675.0
2012-09-03,1,3,2,55.00000000000002,115.65020459947232,0.35,157.0,OVERSTOCK,0.0,101.99999999999997,0.0,76.49999999999997,76.49999999999997,675.0
2012-09-03,2,3,1,40.00000000000001,59.35337525764397,0.35,81.0,OVERSTOCK,0.0,40.99999999999999,0.0,30.749999999999993,30.749999999999993,675.0
2012-09-03,3,3,1,28.000000000000004,20.345084345115787,0.35,28.0,UNDERSTOCK,3.552713678800501e-15,0.0,1.2434497875801753e-14,0.0,1.2434497875801753e-14,675.0
2012-09-03,4,3,1,11.0,8.467018593419464,0.35,12.0,OVERSTOCK,0.0,1.0,0.0,0.75,0.75,675.0
2012-09-03,5,3,1,4.0,9.235497833420672,0.35,13.0,OVERSTOCK,0.0,9.0,0.0,6.75,6.75,675.0
2012-09-03,6,3,1,14.999999999999998,29.600077629190945,0.35,40.0,OVERSTOCK,0.0,25.0,0.0,18.75,18.75,675.0
2012-09-03,7,3,1,42.99999999999999,70.33064121665105,0.35,95.0,OVERSTOCK,0.0,52.00000000000001,0.0,39.00000000000001,39.00000000000001,675.0
2012-09-03,8,3,2,126.99999999999996,178.84914838013734,0.35,242.0,OVERSTOCK,0.0,115.00000000000004,0.0,86.25000000000003,86.25000000000003,675.0
2012-09-03,9,3,2,229.00000000000009,258.5172713679019,0.35,349.0,OVERSTOCK,0.0,119.99999999999991,0.0,89.99999999999994,89.99999999999994,675.0
2012-09-03,10,3,2,359.00000000000006,351.149386969168,0.35,475.0,OVERSTOCK,0.0,115.99999999999994,0.0,86.99999999999996,86.99999999999996,675.0
2012-09-03,11,3,2,459.0000000000001,404.3880846466424,0.35,546.0,OVERSTOCK,0.0,86.99999999999989,0.0,65.24999999999991,65.24999999999991,675.0
2012-09-03,12,3,2,542.9999999999998,455.51466149221113,0.35,615.0,OVERSTOCK,0.0,72.00000000000023,0.0,54.00000000000017,54.00000000000017,675.0
2012-09-03,13,3,2,565.9999999999998,454.03631265179456,0.35,613.0,OVERSTOCK,0.0,47.00000000000023,0.0,35.25000000000017,35.25000000000017,675.0
2012-09-03,14,3,1,512.0,421.4129185119734,0.35,569.0,OVERSTOCK,0.0,57.0,0.0,42.75,42.75,675.0
2012-09-03,15,3,1,449.00000000000006,409.3028654193237,0.35,553.0,OVERSTOCK,0.0,103.99999999999994,0.0,77.99999999999996,77.99999999999996,675.0
2012-09-03,16,3,1,499.9999999999999,501.7308436652801,0.35,678.0,OVERSTOCK,0.0,178.0000000000001,0.0,133.50000000000009,133.50000000000009,675.0
2012-09-03,17,3,1,498.00000000000006,496.64510979178846,0.35,671.0,OVERSTOCK,0.0,172.99999999999994,0.0,129.74999999999994,129.74999999999994,675.0
2012-09-03,18,3,1,481.9999999999998,487.6444682982832,0.35,659.0,OVERSTOCK,0.0,177.00000000000023,0.0,132.75000000000017,132.75000000000017,675.0
2012-09-03,19,3,1,374.0,369.1141101704428,0.35,499.0,OVERSTOCK,0.0,125.0,0.0,93.75,93.75,675.0
2012-09-03,20,3,1,260.99999999999994,359.32210526564324,0.35,486.0,OVERSTOCK,0.0,225.00000000000006,0.0,168.75000000000006,168.75000000000006,675.0
2012-09-03,21,3,1,183.99999999999991,291.9459865672408,0.35,395.0,OVERSTOCK,0.0,211.00000000000009,0.0,158.25000000000006,158.25000000000006,675.0
2012-09-03,22,3,2,121.00000000000004,179.97520963981765,0.35,243.0,OVERSTOCK,0.0,121.99999999999996,0.0,91.49999999999997,91.49999999999997,675.0
2012-09-03,23,3,2,70.0,106.00646791463156,0.35,144.0,OVERSTOCK,0.0,74.0,0.0,55.5,55.5,675.0
2012-09-04,0,3,2,29.000000000000004,32.20949300664662,0.35,44.0,OVERSTOCK,0.0,14.999999999999996,0.0,11.249999999999996,11.249999999999996,675.0
2012-09-04,1,3,1,24.0,17.415662944457384,0.35,24.0,OK,0.0,0.0,0.0,0.0,0.0,675.0
2012-09-04,2,3,1,5.0,6.912620162671423,0.35,10.0,OVERSTOCK,0.0,5.0,0.0,3.75,3.75,675.0
2012-09-04,3,3,2,10.000000000000002,4.402511585219643,0.35,6.0,UNDERSTOCK,4.000000000000002,0.0,14.000000000000007,0.0,14.000000000000007,675.0
2012-09-04,4,3,2,8.000000000000002,6.110630597202524,0.35,9.0,OVERSTOCK,0.0,0.9999999999999982,0.0,0.7499999999999987,0.7499999999999987,675.0
2012-09-04,5,3,2,37.99999999999999,43.45431877209446,0.35,59.0,OVERSTOCK,0.0,21.000000000000007,0.0,15.750000000000005,15.750000000000005,675.0
2012-09-04,6,3,2,172.00000000000006,170.3939119688036,0.35,231.0,OVERSTOCK,0.0,58.99999999999994,0.0,44.24999999999996,44.24999999999996,675.0
2012-09-04,7,3,2,493.00000000000017,443.9249384417983,0.35,600.0,OVERSTOCK,0.0,106.99999999999983,0.0,80.24999999999987,80.24999999999987,675.0
2012-09-04,8,3,1,631.9999999999998,582.0955510834642,0.35,786.0,OVERSTOCK,0.0,154.00000000000023,0.0,115.50000000000017,115.50000000000017,675.0
2012-09-04,9,3,2,322.9999999999999,309.12189063400706,0.35,418.0,OVERSTOCK,0.0,95.00000000000011,0.0,71.25000000000009,71.25000000000009,675.0
2012-09-04,10,3,2,172.00000000000006,216.7427047401282,0.35,293.0,OVERSTOCK,0.0,120.99999999999994,0.0,90.74999999999996,90.74999999999996,675.0
2012-09-04,11,3,2,198.0,220.16502777133016,0.35,298.0,OVERSTOCK,0.0,100.0,0.0,75.0,75.0,675.0
2012-09-04,12,3,1,287.00000000000006,255.35961132168836,0.35,345.0,OVERSTOCK,0.0,57.99999999999994,0.0,43.49999999999996,43.49999999999996,675.0
2012-09-04,13,3,1,274.9999999999999,272.8541530631522,0.35,369.0,OVERSTOCK,0.0,94.00000000000011,0.0,70.50000000000009,70.50000000000009,675.0
2012-09-04,14,3,1,274.0000000000001,255.5921777657865,0.35,346.0,OVERSTOCK,0.0,71.99999999999989,0.0,53.999999999999915,53.999999999999915,675.0
2012-09-04,15,3,1,292.0000000000001,259.9013461997282,0.35,351.0,OVERSTOCK,0.0,58.999999999999886,0.0,44.249999999999915,44.249999999999915,675.0
2012-09-04,16,3,1,458.00000000000006,324.5536891027228,0.35,439.0,UNDERSTOCK,19.000000000000057,0.0,66.5000000000002,0.0,66.5000000000002,675.0
2012-09-04,17,3,1,856.0000000000001,533.6490963204946,0.35,721.0,UNDERSTOCK,135.0000000000001,0.0,472.5000000000004,0.0,472.5000000000004,675.0
2012-09-04,18,3,1,839.0,591.8300879607593,0.35,799.0,UNDERSTOCK,40.0,0.0,140.0,0.0,140.0,675.0
2012-09-04,19,3,1,552.0000000000001,535.8805422339743,0.35,724.0,OVERSTOCK,0.0,171.9999999999999,0.0,128.99999999999991,128.99999999999991,675.0
2012-09-04,20,3,1,385.00000000000006,465.7939112330711,0.35,629.0,OVERSTOCK,0.0,243.99999999999994,0.0,182.99999999999994,182.99999999999994,675.0
2012-09-04,21,3,1,268.0,313.1089218763889,0.35,423.0,OVERSTOCK,0.0,155.0,0.0,116.25,116.25,675.0
2012-09-04,22,3,1,179.0,243.8293521372692,0.35,330.0,OVERSTOCK,0.0,151.0,0.0,113.25,113.25,675.0
2012-09-04,23,3,1,95.0,143.83487638027594,0.35,195.0,OVERSTOCK,0.0,100.0,0.0,75.0,75.0,675.0
2012-09-05,0,3,1,36.99999999999999,41.7759075825762,0.35,57.0,OVERSTOCK,0.0,20.000000000000007,0.0,15.000000000000005,15.000000000000005,675.0
2012-09-05,1,3,1,12.999999999999996,17.408977606845923,0.35,24.0,OVERSTOCK,0.0,11.000000000000004,0.0,8.250000000000004,8.250000000000004,675.0
2012-09-05,2,3,1,9.000000000000002,6.852598136817674,0.35,10.0,OVERSTOCK,0.0,0.9999999999999982,0.0,0.7499999999999987,0.7499999999999987,675.0
2012-09-05,3,3,1,4.0,5.606021098024473,0.35,8.0,OVERSTOCK,0.0,4.0,0.0,3.0,3.0,675.0
2012-09-05,4,3,1,5.0,6.60145154575799,0.35,9.0,OVERSTOCK,0.0,4.0,0.0,3.0,3.0,675.0
2012-09-05,5,3,2,40.00000000000001,32.95464083509011,0.35,45.0,OVERSTOCK,0.0,4.999999999999993,0.0,3.7499999999999947,3.7499999999999947,675.0
2012-09-05,6,3,1,210.00000000000003,168.98902662597774,0.35,229.0,OVERSTOCK,0.0,18.99999999999997,0.0,14.249999999999979,14.249999999999979,675.0
2012-09-05,7,3,2,499.9999999999999,486.19112681825646,0.35,657.0,OVERSTOCK,0.0,157.0000000000001,0.0,117.75000000000009,117.75000000000009,675.0
2012-09-05,8,3,1,724.9999999999998,698.4809162547556,0.35,943.0,OVERSTOCK,0.0,218.00000000000023,0.0,163.50000000000017,163.50000000000017,675.0
2012-09-05,9,3,1,290.0000000000001,299.83739331835665,0.35,405.0,OVERSTOCK,0.0,114.99999999999989,0.0,86.24999999999991,86.24999999999991,675.0
2012-09-05,10,3,2,235.0000000000001,218.46820784829785,0.35,295.0,OVERSTOCK,0.0,59.999999999999886,0.0,44.999999999999915,44.999999999999915,675.0
2012-09-05,11,3,2,217.0,218.1595347165841,0.35,295.0,OVERSTOCK,0.0,78.0,0.0,58.5,58.5,675.0
2012-09-05,12,3,1,266.00000000000006,264.06895027174465,0.35,357.0,OVERSTOCK,0.0,90.99999999999994,0.0,68.24999999999996,68.24999999999996,675.0
2012-09-05,13,3,1,234.0,245.2605998693873,0.35,332.0,OVERSTOCK,0.0,98.0,0.0,73.5,73.5,675.0
2012-09-05,14,3,1,211.0,229.4689213656412,0.35,310.0,OVERSTOCK,0.0,99.0,0.0,74.25,74.25,675.0
2012-09-05,15,3,1,244.99999999999991,249.9871163062989,0.35,338.0,OVERSTOCK,0.0,93.00000000000009,0.0,69.75000000000006,69.75000000000006,675.0
2012-09-05,16,3,1,429.99999999999983,318.51738964648206,0.35,430.0,OVERSTOCK,0.0,1.7053025658242404e-13,0.0,1.2789769243681803e-13,1.2789769243681803e-13,675.0
2012-09-05,17,3,1,862.9999999999997,754.0257996462025,0.35,1018.0,OVERSTOCK,0.0,155.00000000000034,0.0,116.25000000000026,116.25000000000026,675.0
2012-09-05,18,3,1,839.0,538.3685737166857,0.35,727.0,UNDERSTOCK,112.0,0.0,392.0,0.0,392.0,675.0
2012-09-05,19,3,1,662.0,566.6666281116094,0.35,765.0,OVERSTOCK,0.0,103.0,0.0,77.25,77.25,675.0
2012-09-05,20,3,1,412.00000000000017,313.51976526877706,0.35,424.0,OVERSTOCK,0.0,11.99999999999983,0.0,8.999999999999872,8.999999999999872,675.0
2012-09-05,21,3,1,296.00000000000006,319.5313971755259,0.35,432.0,OVERSTOCK,0.0,135.99999999999994,0.0,101.99999999999996,101.99999999999996,675.0
2012-09-05,22,3,1,219.00000000000009,260.53224808817697,0.35,352.0,OVERSTOCK,0.0,132.99999999999991,0.0,99.74999999999994,99.74999999999994,675.0
2012-09-05,23,3,1,150.0,135.56935467454156,0.35,184.0,OVERSTOCK,0.0,34.0,0.0,25.5,25.5,675.0
2012-09-06,0,3,2,64.99999999999997,47.31137500453382,0.35,64.0,UNDERSTOCK,0.9999999999999716,0.0,3.4999999999999005,0.0,3.4999999999999005,585.0
2012-09-06,1,3,2,17.999999999999996,23.798820028889477,0.35,33.0,OVERSTOCK,0.0,15.000000000000004,0.0,11.250000000000004,11.250000000000004,585.0
2012-09-06,2,3,1,8.000000000000002,8.0270608570346,0.35,11.0,OVERSTOCK,0.0,2.9999999999999982,0.0,2.2499999999999987,2.2499999999999987,585.0
2012-09-06,3,3,1,9.000000000000002,6.847402977982168,0.35,10.0,OVERSTOCK,0.0,0.9999999999999982,0.0,0.7499999999999987,0.7499999999999987,585.0
2012-09-06,4,3,2,8.000000000000002,7.442881798978487,0.35,11.0,OVERSTOCK,0.0,2.9999999999999982,0.0,2.2499999999999987,2.2499999999999987,585.0
2012-09-06,5,3,2,37.99999999999999,34.96567045764421,0.35,48.0,OVERSTOCK,0.0,10.000000000000007,0.0,7.500000000000005,7.500000000000005,585.0
2012-09-06,6,3,2,200.0,160.94320058346452,0.35,218.0,OVERSTOCK,0.0,18.0,0.0,13.5,13.5,585.0
2012-09-06,7,3,2,481.9999999999998,461.1763815562197,0.35,623.0,OVERSTOCK,0.0,141.00000000000023,0.0,105.75000000000017,105.75000000000017,585.0
2012-09-06,8,3,3,646.0000000000002,283.48345052412066,0.35,383.0,UNDERSTOCK,263.0000000000002,0.0,920.5000000000008,0.0,920.5000000000008,585.0
2012-09-06,9,3,3,123.00000000000004,192.95006431697945,0.35,261.0,OVERSTOCK,0.0,137.99999999999994,0.0,103.49999999999996,103.49999999999996,585.0
2012-09-06,10,3,3,48.99999999999999,147.50056443559427,0.35,200.0,OVERSTOCK,0.0,151.0,0.0,113.25,113.25,585.0
2012-09-06,11,3,3,61.99999999999999,190.042206320888,0.35,257.0,OVERSTOCK,0.0,195.0,0.0,146.25,146.25,585.0
2012-09-06,12,3,2,137.00000000000006,259.16891660302923,0.35,350.0,OVERSTOCK,0.0,212.99999999999994,0.0,159.74999999999994,159.74999999999994,585.0
2012-09-06,13,3,2,191.0,260.9922887869311,0.35,353.0,OVERSTOCK,0.0,162.0,0.0,121.5,121.5,585.0
2012-09-06,14,3,1,216.00000000000003,236.777110682898,0.35,320.0,OVERSTOCK,0.0,103.99999999999997,0.0,77.99999999999997,77.99999999999997,585.0
2012-09-06,15,3,1,270.00000000000006,265.27301392282425,0.35,359.0,OVERSTOCK,0.0,88.99999999999994,0.0,66.74999999999996,66.74999999999996,585.0
2012-09-06,16,3,1,416.0,334.703022442329,0.35,452.0,OVERSTOCK,0.0,36.0,0.0,27.0,27.0,585.0
2012-09-06,17,3,1,807.9999999999997,472.6149754879034,0.35,639.0,UNDERSTOCK,168.99999999999966,0.0,591.4999999999989,0.0,591.4999999999989,585.0
2012-09-06,18,3,1,835.0000000000001,496.57190251657306,0.35,671.0,UNDERSTOCK,164.0000000000001,0.0,574.0000000000005,0.0,574.0000000000005,585.0
2012-09-06,19,3,1,558.0,487.1493331958354,0.35,658.0,OVERSTOCK,0.0,100.0,0.0,75.0,75.0,585.0
2012-09-06,20,3,1,405.99999999999983,418.8539331075749,0.35,566.0,OVERSTOCK,0.0,160.00000000000017,0.0,120.00000000000013,120.00000000000013,585.0
2012-09-06,21,3,1,272.0,299.0997068442119,0.35,404.0,OVERSTOCK,0.0,132.0,0.0,99.0,99.0,585.0
2012-09-06,22,3,1,217.0,161.80432540113895,0.35,219.0,OVERSTOCK,0.0,2.0,0.0,1.5,1.5,585.0
2012-09-06,23,3,1,169.00000000000006,134.90421509743192,0.35,183.0,OVERSTOCK,0.0,13.999999999999943,0.0,10.499999999999957,10.499999999999957,585.0
2012-09-07,0,3,1,96.0,45.45596229386735,0.35,62.0,UNDERSTOCK,34.0,0.0,119.0,0.0,119.0,765.0
2012-09-07,1,3,1,29.000000000000004,37.64965202976883,0.35,51.0,OVERSTOCK,0.0,21.999999999999996,0.0,16.499999999999996,16.499999999999996,765.0
2012-09-07,2,3,1,11.0,18.093885167629622,0.35,25.0,OVERSTOCK,0.0,14.0,0.0,10.5,10.5,765.0
2012-09-07,3,3,1,9.000000000000002,6.483833197397488,0.35,9.0,UNDERSTOCK,1.7763568394002505e-15,0.0,6.217248937900877e-15,0.0,6.217248937900877e-15,765.0
2012-09-07,4,3,1,8.000000000000002,8.055735748045349,0.35,11.0,OVERSTOCK,0.0,2.9999999999999982,0.0,2.2499999999999987,2.2499999999999987,765.0
2012-09-07,5,3,1,40.00000000000001,37.11840891916815,0.35,51.0,OVERSTOCK,0.0,10.999999999999993,0.0,8.249999999999995,8.249999999999995,765.0
2012-09-07,6,3,1,140.00000000000003,145.4812768923697,0.35,197.0,OVERSTOCK,0.0,56.99999999999997,0.0,42.74999999999998,42.74999999999998,765.0
2012-09-07,7,3,1,486.0,358.3836828633343,0.35,484.0,UNDERSTOCK,2.0,0.0,7.0,0.0,7.0,765.0
2012-09-07,8,3,1,719.0000000000001,615.2056981565673,0.35,831.0,OVERSTOCK,0.0,111.99999999999989,0.0,83.99999999999991,83.99999999999991,765.0
2012-09-07,9,3,1,344.00000000000017,361.8629814247497,0.35,489.0,OVERSTOCK,0.0,144.99999999999983,0.0,108.74999999999987,108.74999999999987,765.0
2012-09-07,10,3,1,224.0,242.99691487580463,0.35,329.0,OVERSTOCK,0.0,105.0,0.0,78.75,78.75,765.0
2012-09-07,11,3,1,296.00000000000006,262.8210628702489,0.35,355.0,OVERSTOCK,0.0,58.99999999999994,0.0,44.24999999999996,44.24999999999996,765.0
2012-09-07,12,3,1,322.9999999999999,343.35571735431284,0.35,464.0,OVERSTOCK,0.0,141.0000000000001,0.0,105.75000000000009,105.75000000000009,765.0
2012-09-07,13,3,1,354.00000000000006,338.329669275656,0.35,457.0,OVERSTOCK,0.0,102.99999999999994,0.0,77.24999999999996,77.24999999999996,765.0
2012-09-07,14,3,1,253.0,337.3682135145377,0.35,456.0,OVERSTOCK,0.0,203.0,0.0,152.25,152.25,765.0
2012-09-07,15,3,1,330.9999999999999,339.317761968832,0.35,459.0,OVERSTOCK,0.0,128.0000000000001,0.0,96.00000000000009,96.00000000000009,765.0
2012-09-07,16,3,1,470.0,488.5121723343554,0.35,660.0,OVERSTOCK,0.0,190.0,0.0,142.5,142.5,765.0
2012-09-07,17,3,1,772.0000000000003,694.4560863366493,0.35,938.0,OVERSTOCK,0.0,165.99999999999966,0.0,124.49999999999974,124.49999999999974,765.0
2012-09-07,18,3,1,791.9999999999998,656.4223011163788,0.35,887.0,OVERSTOCK,0.0,95.00000000000023,0.0,71.25000000000017,71.25000000000017,765.0
2012-09-07,19,3,1,568.0,494.6944549910904,0.35,668.0,OVERSTOCK,0.0,100.0,0.0,75.0,75.0,765.0
2012-09-07,20,3,1,390.9999999999999,403.4185814429176,0.35,545.0,OVERSTOCK,0.0,154.0000000000001,0.0,115.50000000000009,115.50000000000009,765.0
2012-09-07,21,3,1,301.0,287.16015850793485,0.35,388.0,OVERSTOCK,0.0,87.0,0.0,65.25,65.25,765.0
2012-09-07,22,3,1,298.99999999999994,229.3472254741172,0.35,310.0,OVERSTOCK,0.0,11.000000000000057,0.0,8.250000000000043,8.250000000000043,765.0
2012-09-07,23,3,1,247.99999999999997,171.95256781618613,0.35,233.0,UNDERSTOCK,14.999999999999972,0.0,52.4999999999999,0.0,52.4999999999999,765.0
2012-09-08,0,3,1,150.0,124.19894579696437,0.35,168.0,OVERSTOCK,0.0,18.0,0.0,13.5,13.5,585.0
2012-09-08,1,3,2,117.00000000000004,79.48134766198284,0.35,108.0,UNDERSTOCK,9.000000000000043,0.0,31.50000000000015,0.0,31.50000000000015,585.0
2012-09-08,2,3,1,77.0,66.75171366684691,0.35,91.0,OVERSTOCK,0.0,14.0,0.0,10.5,10.5,585.0
2012-09-08,3,3,2,42.99999999999999,32.763248080172154,0.35,45.0,OVERSTOCK,0.0,2.000000000000007,0.0,1.5000000000000053,1.5000000000000053,585.0
2012-09-08,4,3,2,11.0,8.744747205559126,0.35,12.0,OVERSTOCK,0.0,1.0,0.0,0.75,0.75,585.0
2012-09-08,5,3,2,14.999999999999998,9.934970025089877,0.35,14.0,UNDERSTOCK,0.9999999999999982,0.0,3.499999999999994,0.0,3.499999999999994,585.0
2012-09-08,6,3,2,33.99999999999999,21.76065315706268,0.35,30.0,UNDERSTOCK,3.999999999999993,0.0,13.999999999999975,0.0,13.999999999999975,585.0
2012-09-08,7,3,1,82.00000000000003,56.03772547475366,0.35,76.0,UNDERSTOCK,6.000000000000028,0.0,21.0000000000001,0.0,21.0000000000001,585.0
2012-09-08,8,3,1,229.99999999999997,156.2567490716238,0.35,211.0,UNDERSTOCK,18.99999999999997,0.0,66.4999999999999,0.0,66.4999999999999,585.0
2012-09-08,9,3,1,347.99999999999994,289.9373185414936,0.35,392.0,OVERSTOCK,0.0,44.00000000000006,0.0,33.00000000000004,33.00000000000004,585.0
2012-09-08,10,3,1,421.99999999999983,403.4223027020754,0.35,545.0,OVERSTOCK,0.0,123.00000000000017,0.0,92.25000000000013,92.25000000000013,585.0
2012-09-08,11,3,1,578.0000000000002,502.7173712314168,0.35,679.0,OVERSTOCK,0.0,100.99999999999977,0.0,75.74999999999983,75.74999999999983,585.0
2012-09-08,12,3,1,693.9999999999999,540.512086700545,0.35,730.0,OVERSTOCK,0.0,36.000000000000114,0.0,27.000000000000085,27.000000000000085,585.0
2012-09-08,13,3,1,668.0000000000002,519.4355506159995,0.35,702.0,OVERSTOCK,0.0,33.99999999999977,0.0,25.49999999999983,25.49999999999983,585.0
2012-09-08,14,3,1,626.0000000000001,518.1073450529975,0.35,700.0,OVERSTOCK,0.0,73.99999999999989,0.0,55.499999999999915,55.499999999999915,585.0
2012-09-08,15,3,3,512.0,217.9683539299304,0.35,295.0,UNDERSTOCK,217.0,0.0,759.5,0.0,759.5,585.0
2012-09-08,16,3,3,114.0,174.80459080735793,0.35,236.0,OVERSTOCK,0.0,122.0,0.0,91.5,91.5,585.0
2012-09-08,17,3,3,170.99999999999994,233.37545158991247,0.35,316.0,OVERSTOCK,0.0,145.00000000000006,0.0,108.75000000000004,108.75000000000004,585.0
2012-09-08,18,3,3,166.99999999999997,227.18809443053564,0.35,307.0,OVERSTOCK,0.0,140.00000000000003,0.0,105.00000000000003,105.00000000000003,585.0
2012-09-08,19,3,3,215.00000000000009,198.97001985163297,0.35,269.0,OVERSTOCK,0.0,53.999999999999915,0.0,40.499999999999936,40.499999999999936,585.0
2012-09-08,20,3,2,194.0,229.2976316202719,0.35,310.0,OVERSTOCK,0.0,116.0,0.0,87.0,87.0,585.0
2012-09-08,21,3,2,181.0,207.96896761401524,0.35,281.0,OVERSTOCK,0.0,100.0,0.0,75.0,75.0,585.0
2012-09-08,22,3,2,194.0,186.38508660223337,0.35,252.0,OVERSTOCK,0.0,58.0,0.0,43.5,43.5,585.0
2012-09-08,23,3,2,132.99999999999997,180.92002023941816,0.35,245.0,OVERSTOCK,0.0,112.00000000000003,0.0,84.00000000000003,84.00000000000003,585.0
2012-09-09,0,3,2,124.00000000000004,116.8418625534104,0.35,158.0,OVERSTOCK,0.0,33.99999999999996,0.0,25.499999999999968,25.499999999999968,765.0
2012-09-09,1,3,1,124.00000000000004,95.21734367281378,0.35,129.0,OVERSTOCK,0.0,4.999999999999957,0.0,3.749999999999968,3.749999999999968,765.0
2012-09-09,2,3,1,96.0,81.29527112429365,0.35,110.0,OVERSTOCK,0.0,14.0,0.0,10.5,10.5,765.0
2012-09-09,3,3,1,45.99999999999999,38.23199057158273,0.35,52.0,OVERSTOCK,0.0,6.000000000000007,0.0,4.500000000000005,4.500000000000005,765.0
2012-09-09,4,3,1,28.000000000000004,6.914179626314311,0.35,10.0,UNDERSTOCK,18.000000000000004,0.0,63.000000000000014,0.0,63.000000000000014,765.0
2012-09-09,5,3,1,55.00000000000002,9.216737291720236,0.35,13.0,UNDERSTOCK,42.00000000000002,0.0,147.00000000000009,0.0,147.00000000000009,765.0
2012-09-09,6,3,1,35.0,18.444175308861336,0.35,25.0,UNDERSTOCK,10.0,0.0,35.0,0.0,35.0,765.0
2012-09-09,7,3,1,70.0,53.133446262525865,0.35,72.0,OVERSTOCK,0.0,2.0,0.0,1.5,1.5,765.0
2012-09-09,8,3,1,170.00000000000009,128.0489135949179,0.35,173.0,OVERSTOCK,0.0,2.9999999999999147,0.0,2.249999999999936,2.249999999999936,765.0
2012-09-09,9,3,1,298.99999999999994,255.00267762138816,0.35,345.0,OVERSTOCK,0.0,46.00000000000006,0.0,34.50000000000004,34.50000000000004,765.0
2012-09-09,10,3,1,495.00000000000017,382.2467927837101,0.35,517.0,OVERSTOCK,0.0,21.99999999999983,0.0,16.499999999999872,16.499999999999872,765.0
2012-09-09,11,3,1,584.9999999999998,511.07927180061,0.35,690.0,OVERSTOCK,0.0,105.00000000000023,0.0,78.75000000000017,78.75000000000017,765.0
2012-09-09,12,3,1,757.0,582.2408910342494,0.35,787.0,OVERSTOCK,0.0,30.0,0.0,22.5,22.5,765.0
2012-09-09,13,3,1,729.0,615.806082803973,0.35,832.0,OVERSTOCK,0.0,103.0,0.0,77.25,77.25,765.0
2012-09-09,14,3,1,646.9999999999999,596.4270665403599,0.35,806.0,OVERSTOCK,0.0,159.0000000000001,0.0,119.25000000000009,119.25000000000009,765.0
2012-09-09,15,3,1,696.0000000000001,580.7210418059038,0.35,784.0,OVERSTOCK,0.0,87.99999999999989,0.0,65.99999999999991,65.99999999999991,765.0
2012-09-09,16,3,1,700.9999999999998,604.0082787953647,0.35,816.0,OVERSTOCK,0.0,115.00000000000023,0.0,86.25000000000017,86.25000000000017,765.0
2012-09-09,17,3,1,671.0,525.7931666537208,0.35,710.0,OVERSTOCK,0.0,39.0,0.0,29.25,29.25,765.0
2012-09-09,18,3,1,559.9999999999998,450.2126571335821,0.35,608.0,OVERSTOCK,0.0,48.00000000000023,0.0,36.00000000000017,36.00000000000017,765.0
2012-09-09,19,3,1,496.0000000000001,404.128115810718,0.35,546.0,OVERSTOCK,0.0,49.999999999999886,0.0,37.499999999999915,37.499999999999915,765.0
2012-09-09,20,3,1,355.9999999999999,309.5562695921174,0.35,418.0,OVERSTOCK,0.0,62.000000000000114,0.0,46.500000000000085,46.500000000000085,765.0
2012-09-09,21,3,1,205.99999999999997,251.5626138942137,0.35,340.0,OVERSTOCK,0.0,134.00000000000003,0.0,100.50000000000003,100.50000000000003,765.0
2012-09-09,22,3,1,189.0,147.66493529035935,0.35,200.0,OVERSTOCK,0.0,11.0,0.0,8.25,8.25,765.0
2012-09-09,23,3,1,92.00000000000004,75.56785941060112,0.35,103.0,OVERSTOCK,0.0,10.999999999999957,0.0,8.249999999999968,8.249999999999968,765.0
2012-09-10,0,3,1,41.00000000000001,34.03871169640303,0.35,46.0,OVERSTOCK,0.0,4.999999999999993,0.0,3.7499999999999947,3.7499999999999947,720.0
2012-09-10,1,3,1,17.999999999999996,15.28428207859355,0.35,21.0,OVERSTOCK,0.0,3.0000000000000036,0.0,2.2500000000000027,2.2500000000000027,720.0
2012-09-10,2,3,1,16.999999999999996,8.811263024869753,0.35,12.0,UNDERSTOCK,4.9999999999999964,0.0,17.499999999999986,0.0,17.499999999999986,720.0
2012-09-10,3,3,1,12.0,4.741050627951482,0.35,7.0,UNDERSTOCK,5.0,0.0,17.5,0.0,17.5,720.0
2012-09-10,4,3,1,5.0,5.829132864855097,0.35,8.0,OVERSTOCK,0.0,3.0,0.0,2.25,2.25,720.0
2012-09-10,5,3,1,40.00000000000001,29.911117352732223,0.35,41.0,OVERSTOCK,0.0,0.9999999999999929,0.0,0.7499999999999947,0.7499999999999947,720.0
2012-09-10,6,3,1,180.00000000000006,148.5592897402313,0.35,201.0,OVERSTOCK,0.0,20.999999999999943,0.0,15.749999999999957,15.749999999999957,720.0
2012-09-10,7,3,1,446.9999999999999,428.7038376928672,0.35,579.0,OVERSTOCK,0.0,132.0000000000001,0.0,99.00000000000009,99.00000000000009,720.0
2012-09-10,8,3,1,729.9999999999997,558.6452343876576,0.35,755.0,OVERSTOCK,0.0,25.00000000000034,0.0,18.750000000000256,18.750000000000256,720.0
2012-09-10,9,3,1,361.00000000000017,303.1726992788176,0.35,410.0,OVERSTOCK,0.0,48.99999999999983,0.0,36.74999999999987,36.74999999999987,720.0
2012-09-10,10,3,1,210.00000000000003,206.1782238218568,0.35,279.0,OVERSTOCK,0.0,68.99999999999997,0.0,51.74999999999998,51.74999999999998,720.0
2012-09-10,11,3,1,236.00000000000009,223.99729116251447,0.35,303.0,OVERSTOCK,0.0,66.99999999999991,0.0,50.249999999999936,50.249999999999936,720.0
2012-09-10,12,3,1,332.0,276.3398940035192,0.35,374.0,OVERSTOCK,0.0,42.0,0.0,31.5,31.5,720.0
2012-09-10,13,3,1,322.9999999999999,273.0633553278105,0.35,369.0,OVERSTOCK,0.0,46.000000000000114,0.0,34.500000000000085,34.500000000000085,720.0
2012-09-10,14,3,1,340.00000000000006,253.19310614024744,0.35,342.0,OVERSTOCK,0.0,1.9999999999999432,0.0,1.4999999999999574,1.4999999999999574,720.0
2012-09-10,15,3,1,346.00000000000006,273.77434928300903,0.35,370.0,OVERSTOCK,0.0,23.999999999999943,0.0,17.999999999999957,17.999999999999957,720.0
2012-09-10,16,3,1,488.00000000000017,424.7695942089832,0.35,574.0,OVERSTOCK,0.0,85.99999999999983,0.0,64.49999999999987,64.49999999999987,720.0
2012-09-10,17,3,1,871.0,825.0212035206117,0.35,1114.0,OVERSTOCK,0.0,243.0,0.0,182.25,182.25,720.0
2012-09-10,18,3,1,968.0000000000002,779.266446736664,0.35,1053.0,OVERSTOCK,0.0,84.99999999999977,0.0,63.74999999999983,63.74999999999983,720.0
2012-09-10,19,3,1,632.9999999999999,582.9034616857077,0.35,787.0,OVERSTOCK,0.0,154.0000000000001,0.0,115.50000000000009,115.50000000000009,720.0
2012-09-10,20,3,1,390.0,440.8955908529215,0.35,596.0,OVERSTOCK,0.0,206.0,0.0,154.5,154.5,720.0
2012-09-10,21,3,1,284.99999999999994,259.9229803810604,0.35,351.0,OVERSTOCK,0.0,66.00000000000006,0.0,49.50000000000004,49.50000000000004,720.0
2012-09-10,22,3,1,158.99999999999994,157.8543642151837,0.35,214.0,OVERSTOCK,0.0,55.00000000000006,0.0,41.25000000000004,41.25000000000004,720.0
2012-09-10,23,3,1,93.0,89.4043412410697,0.35,121.0,OVERSTOCK,0.0,28.0,0.0,21.0,21.0,720.0
2012-09-11,0,3,1,32.0,35.55056416447127,0.35,48.0,OVERSTOCK,0.0,16.0,0.0,12.0,12.0,720.0
2012-09-11,1,3,1,10.000000000000002,16.287084703483902,0.35,22.0,OVERSTOCK,0.0,11.999999999999998,0.0,8.999999999999998,8.999999999999998,720.0
2012-09-11,2,3,1,5.999999999999999,6.292824075238032,0.35,9.0,OVERSTOCK,0.0,3.000000000000001,0.0,2.250000000000001,2.250000000000001,720.0
2012-09-11,3,3,1,8.000000000000002,4.322711181726094,0.35,6.0,UNDERSTOCK,2.0000000000000018,0.0,7.000000000000006,0.0,7.000000000000006,720.0
2012-09-11,4,3,1,9.000000000000002,5.944443526253972,0.35,9.0,UNDERSTOCK,1.7763568394002505e-15,0.0,6.217248937900877e-15,0.0,6.217248937900877e-15,720.0
2012-09-11,5,3,1,43.99999999999999,32.36419219697111,0.35,44.0,OVERSTOCK,0.0,7.105427357601002e-15,0.0,5.329070518200751e-15,5.329070518200751e-15,720.0
2012-09-11,6,3,1,211.0,169.74437716226717,0.35,230.0,OVERSTOCK,0.0,19.0,0.0,14.25,14.25,720.0
2012-09-11,7,3,1,596.0000000000001,436.64545771388833,0.35,590.0,UNDERSTOCK,6.000000000000114,0.0,21.000000000000398,0.0,21.000000000000398,720.0
2012-09-11,8,3,1,749.9999999999998,563.494243872249,0.35,761.0,OVERSTOCK,0.0,11.000000000000227,0.0,8.25000000000017,8.25000000000017,720.0
2012-09-11,9,3,1,357.9999999999999,320.07037296219727,0.35,433.0,OVERSTOCK,0.0,75.00000000000011,0.0,56.250000000000085,56.250000000000085,720.0
2012-09-11,10,3,1,196.0,224.0554702837877,0.35,303.0,OVERSTOCK,0.0,107.0,0.0,80.25,80.25,720.0
2012-09-11,11,3,1,247.00000000000009,237.3184852298964,0.35,321.0,OVERSTOCK,0.0,73.99999999999991,0.0,55.499999999999936,55.499999999999936,720.0
2012-09-11,12,3,1,315.9999999999999,286.606723199256,0.35,387.0,OVERSTOCK,0.0,71.00000000000011,0.0,53.250000000000085,53.250000000000085,720.0
2012-09-11,13,3,1,328.0,284.808931081683,0.35,385.0,OVERSTOCK,0.0,57.0,0.0,42.75,42.75,720.0
2012-09-11,14,3,1,254.99999999999997,263.9420907462986,0.35,357.0,OVERSTOCK,0.0,102.00000000000003,0.0,76.50000000000003,76.50000000000003,720.0
2012-09-11,15,3,1,326.0,290.89920673755137,0.35,393.0,OVERSTOCK,0.0,67.0,0.0,50.25,50.25,720.0
2012-09-11,16,3,1,536.0000000000001,440.50507412026616,0.35,595.0,OVERSTOCK,0.0,58.999999999999886,0.0,44.249999999999915,44.249999999999915,720.0
2012-09-11,17,3,1,970.0000000000005,844.4416174556909,0.35,1140.0,OVERSTOCK,0.0,169.99999999999955,0.0,127.49999999999966,127.49999999999966,720.0
2012-09-11,18,3,1,877.0000000000002,818.0232778366966,0.35,1105.0,OVERSTOCK,0.0,227.99999999999977,0.0,170.99999999999983,170.99999999999983,720.0
2012-09-11,19,3,1,596.0000000000001,572.5316079501135,0.35,773.0,OVERSTOCK,0.0,176.9999999999999,0.0,132.74999999999991,132.74999999999991,720.0
2012-09-11,20,3,1,460.9999999999999,390.0145559781438,0.35,527.0,OVERSTOCK,0.0,66.00000000000011,0.0,49.500000000000085,49.500000000000085,720.0
2012-09-11,21,3,1,309.99999999999994,268.1423307520254,0.35,362.0,OVERSTOCK,0.0,52.00000000000006,0.0,39.00000000000004,39.00000000000004,720.0
2012-09-11,22,3,1,216.00000000000003,170.4662754006147,0.35,231.0,OVERSTOCK,0.0,14.999999999999972,0.0,11.249999999999979,11.249999999999979,720.0
2012-09-11,23,3,1,109.00000000000004,98.01626874220116,0.35,133.0,OVERSTOCK,0.0,23.999999999999957,0.0,17.999999999999968,17.999999999999968,720.0
2012-09-12,0,3,1,48.99999999999999,38.75352376689129,0.35,53.0,OVERSTOCK,0.0,4.000000000000007,0.0,3.0000000000000053,3.0000000000000053,765.0
2012-09-12,1,3,1,21.000000000000004,18.40646632841409,0.35,25.0,OVERSTOCK,0.0,3.9999999999999964,0.0,2.9999999999999973,2.9999999999999973,765.0
2012-09-12,2,3,1,11.0,8.304525903468768,0.35,12.0,OVERSTOCK,0.0,1.0,0.0,0.75,0.75,765.0
2012-09-12,3,3,1,6.999999999999998,5.482039574094111,0.35,8.0,OVERSTOCK,0.0,1.0000000000000018,0.0,0.7500000000000013,0.7500000000000013,765.0
2012-09-12,4,3,1,5.0,5.7806051877410844,0.35,8.0,OVERSTOCK,0.0,3.0,0.0,2.25,2.25,765.0
2012-09-12,5,3,1,47.99999999999999,34.495290725615824,0.35,47.0,UNDERSTOCK,0.9999999999999929,0.0,3.499999999999975,0.0,3.499999999999975,765.0
2012-09-12,6,3,1,205.00000000000003,170.05546155074947,0.35,230.0,OVERSTOCK,0.0,24.99999999999997,0.0,18.74999999999998,18.74999999999998,765.0
2012-09-12,7,3,1,556.9999999999999,444.1660229261405,0.35,600.0,OVERSTOCK,0.0,43.000000000000114,0.0,32.250000000000085,32.250000000000085,765.0
2012-09-12,8,3,1,769.9999999999998,601.0884565896926,0.35,812.0,OVERSTOCK,0.0,42.00000000000023,0.0,31.50000000000017,31.50000000000017,765.0
2012-09-12,9,3,1,328.0,335.7404945106674,0.35,454.0,OVERSTOCK,0.0,126.0,0.0,94.5,94.5,765.0
2012-09-12,10,3,1,205.00000000000003,207.54382720895032,0.35,281.0,OVERSTOCK,0.0,75.99999999999997,0.0,56.99999999999998,56.99999999999998,765.0
2012-09-12,11,3,1,231.99999999999991,235.4463744869433,0.35,318.0,OVERSTOCK,0.0,86.00000000000009,0.0,64.50000000000006,64.50000000000006,765.0
2012-09-12,12,3,1,351.99999999999994,294.248687207435,0.35,398.0,OVERSTOCK,0.0,46.00000000000006,0.0,34.50000000000004,34.50000000000004,765.0
2012-09-12,13,3,1,322.9999999999999,292.6832210788313,0.35,396.0,OVERSTOCK,0.0,73.00000000000011,0.0,54.750000000000085,54.750000000000085,765.0
2012-09-12,14,3,1,277.99999999999994,261.5585464683804,0.35,354.0,OVERSTOCK,0.0,76.00000000000006,0.0,57.00000000000004,57.00000000000004,765.0
2012-09-12,15,3,1,317.99999999999994,290.1516561395133,0.35,392.0,OVERSTOCK,0.0,74.00000000000006,0.0,55.50000000000004,55.50000000000004,765.0
2012-09-12,16,3,1,508.9999999999999,442.6757127398741,0.35,598.0,OVERSTOCK,0.0,89.00000000000011,0.0,66.75000000000009,66.75000000000009,765.0
2012-09-12,17,3,1,925.0,821.7257429966851,0.35,1110.0,OVERSTOCK,0.0,185.0,0.0,138.75,138.75,765.0
2012-09-12,18,3,1,977.0000000000005,807.9062984695394,0.35,1091.0,OVERSTOCK,0.0,113.99999999999955,0.0,85.49999999999966,85.49999999999966,765.0
2012-09-12,19,3,1,635.0000000000001,580.079473636247,0.35,784.0,OVERSTOCK,0.0,148.9999999999999,0.0,111.74999999999991,111.74999999999991,765.0
2012-09-12,20,3,1,470.0,413.5315412491828,0.35,559.0,OVERSTOCK,0.0,89.0,0.0,66.75,66.75,765.0
2012-09-12,21,3,1,305.9999999999999,297.30012217781564,0.35,402.0,OVERSTOCK,0.0,96.00000000000011,0.0,72.00000000000009,72.00000000000009,765.0
2012-09-12,22,3,1,212.00000000000009,198.9581633383873,0.35,269.0,OVERSTOCK,0.0,56.999999999999915,0.0,42.749999999999936,42.749999999999936,765.0
2012-09-12,23,3,1,126.99999999999996,111.7398770575262,0.35,151.0,OVERSTOCK,0.0,24.000000000000043,0.0,18.000000000000032,18.000000000000032,765.0
2012-09-13,0,3,1,56.99999999999999,50.99245358942096,0.35,69.0,OVERSTOCK,0.0,12.000000000000007,0.0,9.000000000000005,9.000000000000005,765.0
2012-09-13,1,3,1,28.000000000000004,26.16395242237231,0.35,36.0,OVERSTOCK,0.0,7.9999999999999964,0.0,5.999999999999997,5.999999999999997,765.0
2012-09-13,2,3,1,9.000000000000002,9.088974584592767,0.35,13.0,OVERSTOCK,0.0,3.9999999999999982,0.0,2.9999999999999987,2.9999999999999987,765.0
2012-09-13,3,3,1,11.0,6.588733253113644,0.35,9.0,UNDERSTOCK,2.0,0.0,7.0,0.0,7.0,765.0
2012-09-13,4,3,1,5.999999999999999,6.571106099045578,0.35,9.0,OVERSTOCK,0.0,3.000000000000001,0.0,2.250000000000001,2.250000000000001,765.0
2012-09-13,5,3,1,56.99999999999999,34.538533877579646,0.35,47.0,UNDERSTOCK,9.999999999999993,0.0,34.99999999999997,0.0,34.99999999999997,765.0
2012-09-13,6,3,1,194.99999999999991,163.39802137473666,0.35,221.0,OVERSTOCK,0.0,26.000000000000085,0.0,19.500000000000064,19.500000000000064,765.0
2012-09-13,7,3,1,570.9999999999999,427.678578244766,0.35,578.0,OVERSTOCK,0.0,7.000000000000114,0.0,5.250000000000085,5.250000000000085,765.0
2012-09-13,8,3,1,758.0000000000003,591.2888080163218,0.35,799.0,OVERSTOCK,0.0,40.99999999999966,0.0,30.749999999999744,30.749999999999744,765.0
2012-09-13,9,3,1,337.9999999999999,333.2272510638041,0.35,450.0,OVERSTOCK,0.0,112.00000000000011,0.0,84.00000000000009,84.00000000000009,765.0
2012-09-13,10,3,1,212.00000000000009,218.06890535994503,0.35,295.0,OVERSTOCK,0.0,82.99999999999991,0.0,62.249999999999936,62.249999999999936,765.0
2012-09-13,11,3,1,253.99999999999991,233.62804883705908,0.35,316.0,OVERSTOCK,0.0,62.000000000000085,0.0,46.500000000000064,46.500000000000064,765.0
2012-09-13,12,3,1,297.00000000000006,298.2794885351584,0.35,403.0,OVERSTOCK,0.0,105.99999999999994,0.0,79.49999999999996,79.49999999999996,765.0
2012-09-13,13,3,1,283.00000000000006,304.9373028723452,0.35,412.0,OVERSTOCK,0.0,128.99999999999994,0.0,96.74999999999996,96.74999999999996,765.0
2012-09-13,14,3,1,274.0000000000001,258.5287852611939,0.35,350.0,OVERSTOCK,0.0,75.99999999999989,0.0,56.999999999999915,56.999999999999915,765.0
2012-09-13,15,3,1,351.99999999999994,291.1696442541078,0.35,394.0,OVERSTOCK,0.0,42.00000000000006,0.0,31.500000000000043,31.500000000000043,765.0
2012-09-13,16,3,1,490.9999999999999,417.8390769821736,0.35,565.0,OVERSTOCK,0.0,74.00000000000011,0.0,55.500000000000085,55.500000000000085,765.0
2012-09-13,17,3,1,883.9999999999999,839.4217014633492,0.35,1134.0,OVERSTOCK,0.0,250.0000000000001,0.0,187.50000000000009,187.50000000000009,765.0
2012-09-13,18,3,1,852.0000000000001,800.6946856389113,0.35,1081.0,OVERSTOCK,0.0,228.9999999999999,0.0,171.74999999999991,171.74999999999991,765.0
2012-09-13,19,3,1,674.0000000000002,586.0119283990913,0.35,792.0,OVERSTOCK,0.0,117.99999999999977,0.0,88.49999999999983,88.49999999999983,765.0
2012-09-13,20,3,1,463.0,398.3635877177644,0.35,538.0,OVERSTOCK,0.0,75.0,0.0,56.25,56.25,765.0
2012-09-13,21,3,1,317.0,300.0216993069583,0.35,406.0,OVERSTOCK,0.0,89.0,0.0,66.75,66.75,765.0
2012-09-13,22,3,1,251.00000000000003,222.01256683177627,0.35,300.0,OVERSTOCK,0.0,48.99999999999997,0.0,36.74999999999998,36.74999999999998,765.0
2012-09-13,23,3,1,170.00000000000009,145.55034210027117,0.35,197.0,OVERSTOCK,0.0,26.999999999999915,0.0,20.249999999999936,20.249999999999936,765.0
2012-09-14,0,3,1,87.00000000000003,72.43125811959257,0.35,98.0,OVERSTOCK,0.0,10.999999999999972,0.0,8.249999999999979,8.249999999999979,765.0
2012-09-14,1,3,1,41.00000000000001,43.923437077947646,0.35,60.0,OVERSTOCK,0.0,18.999999999999993,0.0,14.249999999999995,14.249999999999995,765.0
2012-09-14,2,3,1,30.0,17.676341288438696,0.35,24.0,UNDERSTOCK,6.0,0.0,21.0,0.0,21.0,765.0
2012-09-14,3,3,1,14.0,6.73132935420712,0.35,10.0,UNDERSTOCK,4.0,0.0,14.0,0.0,14.0,765.0
2012-09-14,4,3,1,12.0,7.266776122993091,0.35,10.0,UNDERSTOCK,2.0,0.0,7.0,0.0,7.0,765.0
2012-09-14,5,3,1,41.00000000000001,32.96228931823618,0.35,45.0,OVERSTOCK,0.0,3.999999999999993,0.0,2.9999999999999947,2.9999999999999947,765.0
2012-09-14,6,3,1,151.99999999999997,142.4260543806431,0.35,193.0,OVERSTOCK,0.0,41.00000000000003,0.0,30.75000000000002,30.75000000000002,765.0
2012-09-14,7,3,2,454.0,347.2308800292116,0.35,469.0,OVERSTOCK,0.0,15.0,0.0,11.25,11.25,765.0
2012-09-14,8,3,2,765.9999999999999,593.5728352868758,0.35,802.0,OVERSTOCK,0.0,36.000000000000114,0.0,27.000000000000085,27.000000000000085,765.0
2012-09-14,9,3,2,347.00000000000006,326.46391428165254,0.35,441.0,OVERSTOCK,0.0,93.99999999999994,0.0,70.49999999999996,70.49999999999996,765.0
2012-09-14,10,3,2,246.00000000000009,253.57978154014333,0.35,343.0,OVERSTOCK,0.0,96.99999999999991,0.0,72.74999999999994,72.74999999999994,765.0
2012-09-14,11,3,2,279.9999999999999,280.7849723543733,0.35,380.0,OVERSTOCK,0.0,100.00000000000011,0.0,75.00000000000009,75.00000000000009,765.0
2012-09-14,12,3,2,409.00000000000017,359.8579706194632,0.35,486.0,OVERSTOCK,0.0,76.99999999999983,0.0,57.74999999999987,57.74999999999987,765.0
2012-09-14,13,3,2,408.00000000000017,361.2496844259986,0.35,488.0,OVERSTOCK,0.0,79.99999999999983,0.0,59.99999999999987,59.99999999999987,765.0
2012-09-14,14,3,2,370.9999999999999,366.21798977120886,0.35,495.0,OVERSTOCK,0.0,124.00000000000011,0.0,93.00000000000009,93.00000000000009,765.0
2012-09-14,15,3,2,367.0000000000001,359.7165233579259,0.35,486.0,OVERSTOCK,0.0,118.99999999999989,0.0,89.24999999999991,89.24999999999991,765.0
2012-09-14,16,3,2,563.0000000000002,477.83330535134814,0.35,646.0,OVERSTOCK,0.0,82.99999999999977,0.0,62.24999999999983,62.24999999999983,765.0
2012-09-14,17,3,1,894.0,756.1339721779117,0.35,1021.0,OVERSTOCK,0.0,127.0,0.0,95.25,95.25,765.0
2012-09-14,18,3,1,807.9999999999997,713.3158674268179,0.35,963.0,OVERSTOCK,0.0,155.00000000000034,0.0,116.25000000000026,116.25000000000026,765.0
2012-09-14,19,3,1,579.0,510.0242599331028,0.35,689.0,OVERSTOCK,0.0,110.0,0.0,82.5,82.5,765.0
2012-09-14,20,3,1,403.99999999999983,382.65494076531166,0.35,517.0,OVERSTOCK,0.0,113.00000000000017,0.0,84.75000000000013,84.75000000000013,765.0
2012-09-14,21,3,1,311.9999999999999,291.7772526129088,0.35,394.0,OVERSTOCK,0.0,82.00000000000011,0.0,61.500000000000085,61.500000000000085,765.0
2012-09-14,22,3,1,229.00000000000009,171.77254619542566,0.35,232.0,OVERSTOCK,0.0,2.9999999999999147,0.0,2.249999999999936,2.249999999999936,765.0
2012-09-14,23,3,1,194.99999999999991,192.4255239403614,0.35,260.0,OVERSTOCK,0.0,65.00000000000009,0.0,48.750000000000064,48.750000000000064,765.0
2012-09-15,0,3,1,207.0,126.42139480329514,0.35,171.0,UNDERSTOCK,36.0,0.0,126.0,0.0,126.0,810.0
2012-09-15,1,3,1,109.00000000000004,106.33096711489874,0.35,144.0,OVERSTOCK,0.0,34.99999999999996,0.0,26.249999999999968,26.249999999999968,810.0
2012-09-15,2,3,1,93.0,77.29097410244579,0.35,105.0,OVERSTOCK,0.0,12.0,0.0,9.0,9.0,810.0
2012-09-15,3,3,1,36.99999999999999,32.49377103219379,0.35,44.0,OVERSTOCK,0.0,7.000000000000007,0.0,5.250000000000005,5.250000000000005,810.0
2012-09-15,4,3,2,5.999999999999999,9.713810081958776,0.35,14.0,OVERSTOCK,0.0,8.0,0.0,6.0,6.0,810.0
2012-09-15,5,3,1,16.0,9.820820426403628,0.35,14.0,UNDERSTOCK,2.0,0.0,7.0,0.0,7.0,810.0
2012-09-15,6,3,1,33.00000000000001,29.903851958086683,0.35,41.0,OVERSTOCK,0.0,7.999999999999993,0.0,5.999999999999995,5.999999999999995,810.0
2012-09-15,7,3,1,73.00000000000003,57.70005847778302,0.35,78.0,OVERSTOCK,0.0,4.999999999999972,0.0,3.7499999999999787,3.7499999999999787,810.0
2012-09-15,8,3,1,212.00000000000009,162.41021960787765,0.35,220.0,OVERSTOCK,0.0,7.999999999999915,0.0,5.999999999999936,5.999999999999936,810.0
2012-09-15,9,3,1,341.99999999999983,309.0975104289344,0.35,418.0,OVERSTOCK,0.0,76.00000000000017,0.0,57.00000000000013,57.00000000000013,810.0
2012-09-15,10,3,1,442.0,413.19638611253225,0.35,558.0,OVERSTOCK,0.0,116.0,0.0,87.0,87.0,810.0
2012-09-15,11,3,1,626.9999999999999,547.7850997146351,0.35,740.0,OVERSTOCK,0.0,113.00000000000011,0.0,84.75000000000009,84.75000000000009,810.0
2012-09-15,12,3,1,706.0000000000002,612.4808517471522,0.35,827.0,OVERSTOCK,0.0,120.99999999999977,0.0,90.74999999999983,90.74999999999983,810.0
2012-09-15,13,3,1,704.0000000000002,619.2668247168122,0.35,837.0,OVERSTOCK,0.0,132.99999999999977,0.0,99.74999999999983,99.74999999999983,810.0
2012-09-15,14,3,1,715.0000000000001,622.0021473372497,0.35,840.0,OVERSTOCK,0.0,124.99999999999989,0.0,93.74999999999991,93.74999999999991,810.0
2012-09-15,15,3,2,653.9999999999999,615.8956626613324,0.35,832.0,OVERSTOCK,0.0,178.0000000000001,0.0,133.50000000000009,133.50000000000009,810.0
2012-09-15,16,3,2,782.9999999999998,579.3440243231195,0.35,783.0,OVERSTOCK,0.0,2.2737367544323206e-13,0.0,1.7053025658242404e-13,1.7053025658242404e-13,810.0
2012-09-15,17,3,2,729.0,525.3142345734642,0.35,710.0,UNDERSTOCK,19.0,0.0,66.5,0.0,66.5,810.0
2012-09-15,18,3,2,613.9999999999998,458.3008496630459,0.35,619.0,OVERSTOCK,0.0,5.000000000000227,0.0,3.7500000000001705,3.7500000000001705,810.0
2012-09-15,19,3,1,477.99999999999983,419.88459432057806,0.35,567.0,OVERSTOCK,0.0,89.00000000000017,0.0,66.75000000000013,66.75000000000013,810.0
2012-09-15,20,3,1,330.0,315.43020549324257,0.35,426.0,OVERSTOCK,0.0,96.0,0.0,72.0,72.0,810.0
2012-09-15,21,3,1,296.00000000000006,222.2006370245627,0.35,300.0,OVERSTOCK,0.0,3.999999999999943,0.0,2.9999999999999574,2.9999999999999574,810.0
2012-09-15,22,3,1,278.9999999999999,215.9758933531879,0.35,292.0,OVERSTOCK,0.0,13.000000000000114,0.0,9.750000000000085,9.750000000000085,810.0
2012-09-15,23,3,1,229.00000000000009,182.84395515739567,0.35,247.0,OVERSTOCK,0.0,17.999999999999915,0.0,13.499999999999936,13.499999999999936,810.0
2012-09-16,0,3,1,151.0,138.8425382996098,0.35,188.0,OVERSTOCK,0.0,37.0,0.0,27.75,27.75,720.0
2012-09-16,1,3,1,117.00000000000004,109.60648852825736,0.35,148.0,OVERSTOCK,0.0,30.999999999999957,0.0,23.249999999999968,23.249999999999968,720.0
2012-09-16,2,3,1,89.0,85.84442519157034,0.35,116.0,OVERSTOCK,0.0,27.0,0.0,20.25,20.25,720.0
2012-09-16,3,3,1,47.99999999999999,41.80825503761451,0.35,57.0,OVERSTOCK,0.0,9.000000000000007,0.0,6.750000000000005,6.750000000000005,720.0
2012-09-16,4,3,1,8.000000000000002,8.625249944377682,0.35,12.0,OVERSTOCK,0.0,3.9999999999999982,0.0,2.9999999999999987,2.9999999999999987,720.0
2012-09-16,5,3,1,12.999999999999996,8.908879085086749,0.35,13.0,OVERSTOCK,0.0,3.552713678800501e-15,0.0,2.6645352591003757e-15,2.6645352591003757e-15,720.0
2012-09-16,6,3,1,35.0,22.430256858352084,0.35,31.0,UNDERSTOCK,4.0,0.0,14.0,0.0,14.0,720.0
2012-09-16,7,3,1,71.0,46.0336500051388,0.35,63.0,UNDERSTOCK,8.0,0.0,28.0,0.0,28.0,720.0
2012-09-16,8,3,1,127.99999999999996,138.8557459761019,0.35,188.0,OVERSTOCK,0.0,60.00000000000004,0.0,45.00000000000003,45.00000000000003,720.0
2012-09-16,9,3,1,296.00000000000006,242.1755170685684,0.35,327.0,OVERSTOCK,0.0,30.999999999999943,0.0,23.249999999999957,23.249999999999957,720.0
2012-09-16,10,3,1,489.9999999999999,394.0337333015986,0.35,532.0,OVERSTOCK,0.0,42.000000000000114,0.0,31.500000000000085,31.500000000000085,720.0
2012-09-16,11,3,1,558.9999999999999,515.0552016673387,0.35,696.0,OVERSTOCK,0.0,137.0000000000001,0.0,102.75000000000009,102.75000000000009,720.0
2012-09-16,12,3,1,655.9999999999997,600.6171087909348,0.35,811.0,OVERSTOCK,0.0,155.00000000000034,0.0,116.25000000000026,116.25000000000026,720.0
2012-09-16,13,3,1,693.9999999999999,605.2837985130177,0.35,818.0,OVERSTOCK,0.0,124.00000000000011,0.0,93.00000000000009,93.00000000000009,720.0
2012-09-16,14,3,1,635.0000000000001,612.963615208995,0.35,828.0,OVERSTOCK,0.0,192.9999999999999,0.0,144.74999999999991,144.74999999999991,720.0
2012-09-16,15,3,1,556.9999999999999,579.9500404281766,0.35,783.0,OVERSTOCK,0.0,226.0000000000001,0.0,169.50000000000009,169.50000000000009,720.0
2012-09-16,16,3,1,596.0000000000001,577.4561756684191,0.35,780.0,OVERSTOCK,0.0,183.9999999999999,0.0,137.99999999999991,137.99999999999991,720.0
2012-09-16,17,3,1,570.0000000000001,482.4042980555794,0.35,652.0,OVERSTOCK,0.0,81.99999999999989,0.0,61.499999999999915,61.499999999999915,720.0
2012-09-16,18,3,1,481.0,438.6953044912088,0.35,593.0,OVERSTOCK,0.0,112.0,0.0,84.0,84.0,720.0
2012-09-16,19,3,1,403.00000000000017,373.0023196634653,0.35,504.0,OVERSTOCK,0.0,100.99999999999983,0.0,75.74999999999987,75.74999999999987,720.0
2012-09-16,20,3,1,323.99999999999994,299.80988654845834,0.35,405.0,OVERSTOCK,0.0,81.00000000000006,0.0,60.75000000000004,60.75000000000004,720.0
2012-09-16,21,3,1,191.0,264.46432508696483,0.35,358.0,OVERSTOCK,0.0,167.0,0.0,125.25,125.25,720.0
2012-09-16,22,3,1,126.99999999999996,143.5561713235591,0.35,194.0,OVERSTOCK,0.0,67.00000000000004,0.0,50.25000000000003,50.25000000000003,720.0
2012-09-16,23,3,1,94.0,86.4972185633861,0.35,117.0,OVERSTOCK,0.0,23.0,0.0,17.25,17.25,720.0
2012-09-17,0,3,1,45.0,36.0513326761893,0.35,49.0,OVERSTOCK,0.0,4.0,0.0,3.0,3.0,630.0
2012-09-17,1,3,1,21.000000000000004,16.21245845524886,0.35,22.0,OVERSTOCK,0.0,0.9999999999999964,0.0,0.7499999999999973,0.7499999999999973,630.0
2012-09-17,2,3,1,12.999999999999996,6.305937440237848,0.35,9.0,UNDERSTOCK,3.9999999999999964,0.0,13.999999999999988,0.0,13.999999999999988,630.0
2012-09-17,3,3,1,6.999999999999998,5.225576155398202,0.35,8.0,OVERSTOCK,0.0,1.0000000000000018,0.0,0.7500000000000013,0.7500000000000013,630.0
2012-09-17,4,3,1,11.0,5.767702504705747,0.35,8.0,UNDERSTOCK,3.0,0.0,10.5,0.0,10.5,630.0
2012-09-17,5,3,1,45.0,33.533261836291665,0.35,46.0,OVERSTOCK,0.0,1.0,0.0,0.75,0.75,630.0
2012-09-17,6,3,1,163.99999999999994,150.40356984513394,0.35,204.0,OVERSTOCK,0.0,40.00000000000006,0.0,30.000000000000043,30.000000000000043,630.0
2012-09-17,7,3,1,491.9999999999999,428.4443280573757,0.35,579.0,OVERSTOCK,0.0,87.00000000000011,0.0,65.25000000000009,65.25000000000009,630.0
2012-09-17,8,3,1,682.9999999999998,543.4309266028994,0.35,734.0,OVERSTOCK,0.0,51.00000000000023,0.0,38.25000000000017,38.25000000000017,630.0
2012-09-17,9,3,1,298.99999999999994,312.0439346796238,0.35,422.0,OVERSTOCK,0.0,123.00000000000006,0.0,92.25000000000004,92.25000000000004,630.0
2012-09-17,10,3,2,202.0,194.4386787964673,0.35,263.0,OVERSTOCK,0.0,61.0,0.0,45.75,45.75,630.0
2012-09-17,11,3,2,252.00000000000003,215.68525437001685,0.35,292.0,OVERSTOCK,0.0,39.99999999999997,0.0,29.99999999999998,29.99999999999998,630.0
2012-09-17,12,3,2,294.99999999999994,251.92012902412387,0.35,341.0,OVERSTOCK,0.0,46.00000000000006,0.0,34.50000000000004,34.50000000000004,630.0
2012-09-17,13,3,1,342.99999999999994,258.53457795695823,0.35,350.0,OVERSTOCK,0.0,7.000000000000057,0.0,5.250000000000043,5.250000000000043,630.0
2012-09-17,14,3,2,332.0,225.8817714779576,0.35,305.0,UNDERSTOCK,27.0,0.0,94.5,0.0,94.5,630.0
2012-09-17,15,3,2,337.9999999999999,227.0225278154652,0.35,307.0,UNDERSTOCK,30.999999999999886,0.0,108.4999999999996,0.0,108.4999999999996,630.0
2012-09-17,16,3,2,453.00000000000017,337.178176214221,0.35,456.0,OVERSTOCK,0.0,2.9999999999998295,0.0,2.249999999999872,2.249999999999872,630.0
2012-09-17,17,3,2,842.0,699.4297115317474,0.35,945.0,OVERSTOCK,0.0,103.0,0.0,77.25,77.25,630.0
2012-09-17,18,3,2,774.0000000000002,668.9238081164358,0.35,904.0,OVERSTOCK,0.0,129.99999999999977,0.0,97.49999999999983,97.49999999999983,630.0
2012-09-17,19,3,2,486.0,477.2714579172587,0.35,645.0,OVERSTOCK,0.0,159.0,0.0,119.25,119.25,630.0
2012-09-17,20,3,2,340.00000000000006,368.06097830972817,0.35,497.0,OVERSTOCK,0.0,156.99999999999994,0.0,117.74999999999996,117.74999999999996,630.0
2012-09-17,21,3,3,233.00000000000009,120.9827947492112,0.35,164.0,UNDERSTOCK,69.00000000000009,0.0,241.50000000000028,0.0,241.50000000000028,630.0
2012-09-17,22,3,3,128.99999999999997,93.47972662359182,0.35,127.0,UNDERSTOCK,1.9999999999999716,0.0,6.9999999999999005,0.0,6.9999999999999005,630.0
2012-09-17,23,3,3,70.0,45.8600191726775,0.35,62.0,UNDERSTOCK,8.0,0.0,28.0,0.0,28.0,630.0
2012-09-18,0,3,3,12.999999999999996,17.304334085343747,0.35,24.0,OVERSTOCK,0.0,11.000000000000004,0.0,8.250000000000004,8.250000000000004,450.0
2012-09-18,1,3,3,5.0,8.10872907747419,0.35,11.0,OVERSTOCK,0.0,6.0,0.0,4.5,4.5,450.0
2012-09-18,2,3,3,4.0,4.02017373839826,0.35,6.0,OVERSTOCK,0.0,2.0,0.0,1.5,1.5,450.0
2012-09-18,3,3,2,5.999999999999999,4.584121161223806,0.35,7.0,OVERSTOCK,0.0,1.0000000000000009,0.0,0.7500000000000007,0.7500000000000007,450.0
2012-09-18,4,3,2,6.999999999999998,5.213490529284062,0.35,8.0,OVERSTOCK,0.0,1.0000000000000018,0.0,0.7500000000000013,0.7500000000000013,450.0
2012-09-18,5,3,2,47.99999999999999,33.63440332464598,0.35,46.0,UNDERSTOCK,1.999999999999993,0.0,6.999999999999975,0.0,6.999999999999975,450.0
2012-09-18,6,3,2,166.99999999999997,162.00710341935033,0.35,219.0,OVERSTOCK,0.0,52.00000000000003,0.0,39.00000000000002,39.00000000000002,450.0
2012-09-18,7,3,2,355.9999999999999,339.2574069482274,0.35,458.0,OVERSTOCK,0.0,102.00000000000011,0.0,76.50000000000009,76.50000000000009,450.0
2012-09-18,8,3,2,672.0,539.5330274650751,0.35,729.0,OVERSTOCK,0.0,57.0,0.0,42.75,42.75,450.0
2012-09-18,9,3,2,292.99999999999994,326.30607542310406,0.35,441.0,OVERSTOCK,0.0,148.00000000000006,0.0,111.00000000000004,111.00000000000004,450.0
2012-09-18,10,3,3,160.00000000000003,157.80623546402464,0.35,214.0,OVERSTOCK,0.0,53.99999999999997,0.0,40.49999999999998,40.49999999999998,450.0
2012-09-18,11,3,2,151.0,218.48656341085763,0.35,295.0,OVERSTOCK,0.0,144.0,0.0,108.0,108.0,450.0
2012-09-18,12,3,3,87.99999999999999,143.63004119368773,0.35,194.0,OVERSTOCK,0.0,106.00000000000001,0.0,79.50000000000001,79.50000000000001,450.0
2012-09-18,13,3,2,114.0,248.78088116170133,0.35,336.0,OVERSTOCK,0.0,222.0,0.0,166.5,166.5,450.0
2012-09-18,14,3,3,143.0,93.91657119571693,0.35,127.0,UNDERSTOCK,16.0,0.0,56.0,0.0,56.0,450.0
2012-09-18,15,3,3,35.99999999999999,116.5077229039058,0.35,158.0,OVERSTOCK,0.0,122.0,0.0,91.5,91.5,450.0
2012-09-18,16,3,3,141.00000000000003,150.74402159843297,0.35,204.0,OVERSTOCK,0.0,62.99999999999997,0.0,47.24999999999998,47.24999999999998,450.0
2012-09-18,17,3,3,337.9999999999999,258.8498292020975,0.35,350.0,OVERSTOCK,0.0,12.000000000000114,0.0,9.000000000000085,9.000000000000085,450.0
2012-09-18,18,3,2,281.00000000000006,385.1959498465838,0.35,521.0,OVERSTOCK,0.0,239.99999999999994,0.0,179.99999999999994,179.99999999999994,450.0
2012-09-18,19,3,2,323.99999999999994,300.64853462729525,0.35,406.0,OVERSTOCK,0.0,82.00000000000006,0.0,61.50000000000004,61.50000000000004,450.0
2012-09-18,20,3,2,290.0000000000001,231.9655277204413,0.35,314.0,OVERSTOCK,0.0,23.999999999999886,0.0,17.999999999999915,17.999999999999915,450.0
2012-09-18,21,3,2,207.0,229.68528583705265,0.35,311.0,OVERSTOCK,0.0,104.0,0.0,78.0,78.0,450.0
2012-09-18,22,3,3,151.0,62.95638017777438,0.35,85.0,UNDERSTOCK,66.0,0.0,231.0,0.0,231.0,450.0
2012-09-18,23,3,2,78.0,85.70642852018742,0.35,116.0,OVERSTOCK,0.0,38.0,0.0,28.5,28.5,450.0
2012-09-19,0,3,2,26.0,31.762318511634064,0.35,43.0,OVERSTOCK,0.0,17.0,0.0,12.75,12.75,720.0
2012-09-19,1,3,2,12.0,13.945487099135082,0.35,19.0,OVERSTOCK,0.0,7.0,0.0,5.25,5.25,720.0
2012-09-19,2,3,2,3.0,7.573746925340845,0.35,11.0,OVERSTOCK,0.0,8.0,0.0,6.0,6.0,720.0
2012-09-19,3,3,2,5.0,5.159134784750941,0.35,7.0,OVERSTOCK,0.0,2.0,0.0,1.5,1.5,720.0
2012-09-19,4,3,2,10.000000000000002,5.700845142565451,0.35,8.0,UNDERSTOCK,2.0000000000000018,0.0,7.000000000000006,0.0,7.000000000000006,720.0
2012-09-19,5,3,2,56.00000000000001,33.09870840743035,0.35,45.0,UNDERSTOCK,11.000000000000007,0.0,38.50000000000003,0.0,38.50000000000003,720.0
2012-09-19,6,3,1,172.00000000000006,173.80073266995728,0.35,235.0,OVERSTOCK,0.0,62.99999999999994,0.0,47.24999999999996,47.24999999999996,720.0
2012-09-19,7,3,1,545.0000000000001,443.40800373339766,0.35,599.0,OVERSTOCK,0.0,53.999999999999886,0.0,40.499999999999915,40.499999999999915,720.0
2012-09-19,8,3,1,797.0000000000002,602.0081457596232,0.35,813.0,OVERSTOCK,0.0,15.999999999999773,0.0,11.99999999999983,11.99999999999983,720.0
2012-09-19,9,3,1,361.9999999999999,314.0058178938967,0.35,424.0,OVERSTOCK,0.0,62.000000000000114,0.0,46.500000000000085,46.500000000000085,720.0
2012-09-19,10,3,1,192.0,200.3373608217399,0.35,271.0,OVERSTOCK,0.0,79.0,0.0,59.25,59.25,720.0
2012-09-19,11,3,1,247.00000000000009,229.5751515326111,0.35,310.0,OVERSTOCK,0.0,62.999999999999915,0.0,47.249999999999936,47.249999999999936,720.0
2012-09-19,12,3,1,312.99999999999994,297.56544451488776,0.35,402.0,OVERSTOCK,0.0,89.00000000000006,0.0,66.75000000000004,66.75000000000004,720.0
2012-09-19,13,3,1,288.99999999999994,290.8237518011993,0.35,393.0,OVERSTOCK,0.0,104.00000000000006,0.0,78.00000000000004,78.00000000000004,720.0
2012-09-19,14,3,1,286.00000000000006,251.7391283076015,0.35,340.0,OVERSTOCK,0.0,53.99999999999994,0.0,40.49999999999996,40.49999999999996,720.0
2012-09-19,15,3,1,311.00000000000006,285.99565076078386,0.35,387.0,OVERSTOCK,0.0,75.99999999999994,0.0,56.99999999999996,56.99999999999996,720.0
2012-09-19,16,3,1,466.00000000000006,412.8650047603804,0.35,558.0,OVERSTOCK,0.0,91.99999999999994,0.0,68.99999999999996,68.99999999999996,720.0
2012-09-19,17,3,1,885.9999999999998,777.3563786169962,0.35,1050.0,OVERSTOCK,0.0,164.00000000000023,0.0,123.00000000000017,123.00000000000017,720.0
2012-09-19,18,3,1,891.9999999999997,685.50340758518,0.35,926.0,OVERSTOCK,0.0,34.00000000000034,0.0,25.500000000000256,25.500000000000256,720.0
2012-09-19,19,3,1,611.0,532.4935925406436,0.35,719.0,OVERSTOCK,0.0,108.0,0.0,81.0,81.0,720.0
2012-09-19,20,3,1,409.00000000000017,374.12702143685794,0.35,506.0,OVERSTOCK,0.0,96.99999999999983,0.0,72.74999999999987,72.74999999999987,720.0
2012-09-19,21,3,1,348.9999999999999,241.95438624740856,0.35,327.0,UNDERSTOCK,21.999999999999886,0.0,76.9999999999996,0.0,76.9999999999996,720.0
2012-09-19,22,3,1,229.00000000000009,188.4188821060813,0.35,255.0,OVERSTOCK,0.0,25.999999999999915,0.0,19.499999999999936,19.499999999999936,720.0
2012-09-19,23,3,1,123.00000000000004,96.18052611902844,0.35,130.0,OVERSTOCK,0.0,6.999999999999957,0.0,5.249999999999968,5.249999999999968,720.0
2012-09-20,0,3,1,58.000000000000014,46.06714079063523,0.35,63.0,OVERSTOCK,0.0,4.999999999999986,0.0,3.7499999999999893,3.7499999999999893,720.0
2012-09-20,1,3,1,17.999999999999996,22.087860581182497,0.35,30.0,OVERSTOCK,0.0,12.000000000000004,0.0,9.000000000000004,9.000000000000004,720.0
2012-09-20,2,3,1,11.0,10.3515050580303,0.35,14.0,OVERSTOCK,0.0,3.0,0.0,2.25,2.25,720.0
2012-09-20,3,3,1,5.999999999999999,6.449806220900661,0.35,9.0,OVERSTOCK,0.0,3.000000000000001,0.0,2.250000000000001,2.250000000000001,720.0
2012-09-20,4,3,1,5.999999999999999,6.961638652514493,0.35,10.0,OVERSTOCK,0.0,4.000000000000001,0.0,3.000000000000001,3.000000000000001,720.0
2012-09-20,5,3,1,56.00000000000001,33.73988591973652,0.35,46.0,UNDERSTOCK,10.000000000000007,0.0,35.00000000000003,0.0,35.00000000000003,720.0
2012-09-20,6,3,1,170.00000000000009,159.4010996194432,0.35,216.0,OVERSTOCK,0.0,45.999999999999915,0.0,34.499999999999936,34.499999999999936,720.0
2012-09-20,7,3,1,533.9999999999999,423.4094234540492,0.35,572.0,OVERSTOCK,0.0,38.000000000000114,0.0,28.500000000000085,28.500000000000085,720.0
2012-09-20,8,3,1,790.0000000000003,596.1303350817474,0.35,805.0,OVERSTOCK,0.0,14.999999999999659,0.0,11.249999999999744,11.249999999999744,720.0
2012-09-20,9,3,1,355.0,316.4500115237382,0.35,428.0,OVERSTOCK,0.0,73.0,0.0,54.75,54.75,720.0
2012-09-20,10,3,1,190.0,205.1685465533789,0.35,277.0,OVERSTOCK,0.0,87.0,0.0,65.25,65.25,720.0
2012-09-20,11,3,1,243.00000000000009,236.75180299713088,0.35,320.0,OVERSTOCK,0.0,76.99999999999991,0.0,57.749999999999936,57.749999999999936,720.0
2012-09-20,12,3,1,290.0000000000001,299.4290447960161,0.35,405.0,OVERSTOCK,0.0,114.99999999999989,0.0,86.24999999999991,86.24999999999991,720.0
2012-09-20,13,3,1,335.99999999999994,294.8031748049551,0.35,398.0,OVERSTOCK,0.0,62.00000000000006,0.0,46.50000000000004,46.50000000000004,720.0
2012-09-20,14,3,1,298.0000000000001,259.1743795178992,0.35,350.0,OVERSTOCK,0.0,51.999999999999886,0.0,38.999999999999915,38.999999999999915,720.0
2012-09-20,15,3,1,291.0,293.63590019538856,0.35,397.0,OVERSTOCK,0.0,106.0,0.0,79.5,79.5,720.0
2012-09-20,16,3,1,457.00000000000017,431.0526346933252,0.35,582.0,OVERSTOCK,0.0,124.99999999999983,0.0,93.74999999999987,93.74999999999987,720.0
2012-09-20,17,3,1,975.9999999999995,805.2217287401542,0.35,1088.0,OVERSTOCK,0.0,112.00000000000045,0.0,84.00000000000034,84.00000000000034,720.0
2012-09-20,18,3,1,899.9999999999998,764.2211769939844,0.35,1032.0,OVERSTOCK,0.0,132.00000000000023,0.0,99.00000000000017,99.00000000000017,720.0
2012-09-20,19,3,1,603.0000000000001,539.4053755816979,0.35,729.0,OVERSTOCK,0.0,125.99999999999989,0.0,94.49999999999991,94.49999999999991,720.0
2012-09-20,20,3,1,417.0,390.779717430289,0.35,528.0,OVERSTOCK,0.0,111.0,0.0,83.25,83.25,720.0
2012-09-20,21,3,1,274.0000000000001,279.4455423616499,0.35,378.0,OVERSTOCK,0.0,103.99999999999989,0.0,77.99999999999991,77.99999999999991,720.0
2012-09-20,22,3,1,287.00000000000006,203.64466265153308,0.35,275.0,UNDERSTOCK,12.000000000000057,0.0,42.0000000000002,0.0,42.0000000000002,720.0
2012-09-20,23,3,1,154.00000000000003,144.54006188944348,0.35,196.0,OVERSTOCK,0.0,41.99999999999997,0.0,31.49999999999998,31.49999999999998,720.0
2012-09-21,0,3,1,65.99999999999997,72.37517253422426,0.35,98.0,OVERSTOCK,0.0,32.00000000000003,0.0,24.00000000000002,24.00000000000002,765.0
2012-09-21,1,3,1,48.99999999999999,43.930917469154735,0.35,60.0,OVERSTOCK,0.0,11.000000000000007,0.0,8.250000000000005,8.250000000000005,765.0
2012-09-21,2,3,1,14.0,19.022170703405667,0.35,26.0,OVERSTOCK,0.0,12.0,0.0,9.0,9.0,765.0
2012-09-21,3,3,1,12.0,6.713237854489897,0.35,10.0,UNDERSTOCK,2.0,0.0,7.0,0.0,7.0,765.0
2012-09-21,4,3,1,10.000000000000002,6.878671996078748,0.35,10.0,UNDERSTOCK,1.7763568394002505e-15,0.0,6.217248937900877e-15,0.0,6.217248937900877e-15,765.0
2012-09-21,5,3,1,48.99999999999999,32.90427062709066,0.35,45.0,UNDERSTOCK,3.999999999999993,0.0,13.999999999999975,0.0,13.999999999999975,765.0
2012-09-21,6,3,1,165.00000000000006,149.5864662092329,0.35,202.0,OVERSTOCK,0.0,36.99999999999994,0.0,27.749999999999957,27.749999999999957,765.0
2012-09-21,7,3,1,503.00000000000006,382.77404179153183,0.35,517.0,OVERSTOCK,0.0,13.999999999999943,0.0,10.499999999999957,10.499999999999957,765.0
2012-09-21,8,3,1,757.0,592.5005605778957,0.35,800.0,OVERSTOCK,0.0,43.0,0.0,32.25,32.25,765.0
2012-09-21,9,3,1,383.0,335.8082731387009,0.35,454.0,OVERSTOCK,0.0,71.0,0.0,53.25,53.25,765.0
2012-09-21,10,3,1,225.00000000000009,236.08328166138912,0.35,319.0,OVERSTOCK,0.0,93.99999999999991,0.0,70.49999999999994,70.49999999999994,765.0
2012-09-21,11,3,1,321.00000000000006,268.7225571024944,0.35,363.0,OVERSTOCK,0.0,41.99999999999994,0.0,31.499999999999957,31.499999999999957,765.0
2012-09-21,12,3,1,389.00000000000006,355.8526124323989,0.35,481.0,OVERSTOCK,0.0,91.99999999999994,0.0,68.99999999999996,68.99999999999996,765.0
2012-09-21,13,3,1,421.0000000000001,359.5993314272357,0.35,486.0,OVERSTOCK,0.0,64.99999999999989,0.0,48.749999999999915,48.749999999999915,765.0
2012-09-21,14,3,1,412.00000000000017,353.2194633313277,0.35,477.0,OVERSTOCK,0.0,64.99999999999983,0.0,48.74999999999987,48.74999999999987,765.0
2012-09-21,15,3,1,423.0,356.4923435079576,0.35,482.0,OVERSTOCK,0.0,59.0,0.0,44.25,44.25,765.0
2012-09-21,16,3,1,567.0000000000001,502.9448075947118,0.35,679.0,OVERSTOCK,0.0,111.99999999999989,0.0,83.99999999999991,83.99999999999991,765.0
2012-09-21,17,3,1,846.0000000000003,721.7048738866961,0.35,975.0,OVERSTOCK,0.0,128.99999999999966,0.0,96.74999999999974,96.74999999999974,765.0
2012-09-21,18,3,1,804.9999999999998,660.3460199530383,0.35,892.0,OVERSTOCK,0.0,87.00000000000023,0.0,65.25000000000017,65.25000000000017,765.0
2012-09-21,19,3,1,587.9999999999999,497.4992371996941,0.35,672.0,OVERSTOCK,0.0,84.00000000000011,0.0,63.000000000000085,63.000000000000085,765.0
2012-09-21,20,3,1,368.9999999999999,391.0059147329267,0.35,528.0,OVERSTOCK,0.0,159.0000000000001,0.0,119.25000000000009,119.25000000000009,765.0
2012-09-21,21,3,1,311.9999999999999,271.30527516399275,0.35,367.0,OVERSTOCK,0.0,55.000000000000114,0.0,41.250000000000085,41.250000000000085,765.0
2012-09-21,22,3,1,294.99999999999994,217.85683500856388,0.35,295.0,OVERSTOCK,0.0,5.684341886080802e-14,0.0,4.263256414560601e-14,4.263256414560601e-14,765.0
2012-09-21,23,3,1,186.00000000000003,178.11219391489934,0.35,241.0,OVERSTOCK,0.0,54.99999999999997,0.0,41.24999999999998,41.24999999999998,765.0
2012-09-22,0,3,1,172.00000000000006,118.55874361329732,0.35,161.0,UNDERSTOCK,11.000000000000057,0.0,38.5000000000002,0.0,38.5000000000002,765.0
2012-09-22,1,3,1,124.00000000000004,74.44125477628809,0.35,101.0,UNDERSTOCK,23.000000000000043,0.0,80.50000000000014,0.0,80.50000000000014,765.0
2012-09-22,2,3,1,82.99999999999999,60.78619726693977,0.35,83.0,OVERSTOCK,0.0,1.4210854715202004e-14,0.0,1.0658141036401503e-14,1.0658141036401503e-14,765.0
2012-09-22,3,3,1,45.0,26.706376910837974,0.35,37.0,UNDERSTOCK,8.0,0.0,28.0,0.0,28.0,765.0
2012-09-22,4,3,1,14.999999999999998,7.993771157974673,0.35,11.0,UNDERSTOCK,3.9999999999999982,0.0,13.999999999999993,0.0,13.999999999999993,765.0
2012-09-22,5,3,1,16.999999999999996,8.783530947097184,0.35,12.0,UNDERSTOCK,4.9999999999999964,0.0,17.499999999999986,0.0,17.499999999999986,765.0
2012-09-22,6,3,1,41.00000000000001,26.4239571929804,0.35,36.0,UNDERSTOCK,5.000000000000007,0.0,17.500000000000025,0.0,17.500000000000025,765.0
2012-09-22,7,3,1,77.0,54.97003015386806,0.35,75.0,UNDERSTOCK,2.0,0.0,7.0,0.0,7.0,765.0
2012-09-22,8,3,1,218.00000000000003,154.95031495049903,0.35,210.0,UNDERSTOCK,8.000000000000028,0.0,28.0000000000001,0.0,28.0000000000001,765.0
2012-09-22,9,3,1,377.0000000000001,285.4153933166749,0.35,386.0,OVERSTOCK,0.0,8.999999999999886,0.0,6.749999999999915,6.749999999999915,765.0
2012-09-22,10,3,1,474.00000000000006,412.6535286029283,0.35,558.0,OVERSTOCK,0.0,83.99999999999994,0.0,62.99999999999996,62.99999999999996,765.0
2012-09-22,11,3,1,626.0000000000001,524.9519712153515,0.35,709.0,OVERSTOCK,0.0,82.99999999999989,0.0,62.249999999999915,62.249999999999915,765.0
2012-09-22,12,3,1,688.0000000000001,557.3112508385228,0.35,753.0,OVERSTOCK,0.0,64.99999999999989,0.0,48.749999999999915,48.749999999999915,765.0
2012-09-22,13,3,1,706.9999999999999,553.5126264671461,0.35,748.0,OVERSTOCK,0.0,41.000000000000114,0.0,30.750000000000085,30.750000000000085,765.0
2012-09-22,14,3,1,653.9999999999999,561.9866979971547,0.35,759.0,OVERSTOCK,0.0,105.00000000000011,0.0,78.75000000000009,78.75000000000009,765.0
2012-09-22,15,3,1,749.9999999999998,552.123031152479,0.35,746.0,UNDERSTOCK,3.9999999999997726,0.0,13.999999999999204,0.0,13.999999999999204,765.0
2012-09-22,16,3,1,679.9999999999998,585.1118202901881,0.35,790.0,OVERSTOCK,0.0,110.00000000000023,0.0,82.50000000000017,82.50000000000017,765.0
2012-09-22,17,3,1,646.0000000000002,520.9365404161933,0.35,704.0,OVERSTOCK,0.0,57.99999999999977,0.0,43.49999999999983,43.49999999999983,765.0
2012-09-22,18,3,1,597.9999999999999,465.6369715008306,0.35,629.0,OVERSTOCK,0.0,31.000000000000114,0.0,23.250000000000085,23.250000000000085,765.0
2012-09-22,19,3,1,406.9999999999999,414.9102383183031,0.35,561.0,OVERSTOCK,0.0,154.0000000000001,0.0,115.50000000000009,115.50000000000009,765.0
2012-09-22,20,3,1,325.0,313.96195964829246,0.35,424.0,OVERSTOCK,0.0,99.0,0.0,74.25,74.25,765.0
2012-09-22,21,3,1,260.99999999999994,270.5741024957652,0.35,366.0,OVERSTOCK,0.0,105.00000000000006,0.0,78.75000000000004,78.75000000000004,765.0
2012-09-22,22,3,1,239.0,248.1692587477812,0.35,336.0,OVERSTOCK,0.0,97.0,0.0,72.75,72.75,765.0
2012-09-22,23,3,1,170.99999999999994,208.6762838546146,0.35,282.0,OVERSTOCK,0.0,111.00000000000006,0.0,83.25000000000004,83.25000000000004,765.0
2012-09-23,0,4,1,180.00000000000006,133.56398659054838,0.35,181.0,OVERSTOCK,0.0,0.9999999999999432,0.0,0.7499999999999574,0.7499999999999574,675.0
2012-09-23,1,4,1,141.99999999999994,61.421522116781,0.35,83.0,UNDERSTOCK,58.99999999999994,0.0,206.4999999999998,0.0,206.4999999999998,675.0
2012-09-23,2,4,1,95.0,78.59036816117415,0.35,107.0,OVERSTOCK,0.0,12.0,0.0,9.0,9.0,675.0
2012-09-23,3,4,1,54.000000000000014,35.807834512341536,0.35,49.0,UNDERSTOCK,5.000000000000014,0.0,17.50000000000005,0.0,17.50000000000005,675.0
2012-09-23,4,4,1,10.000000000000002,6.786380541702395,0.35,10.0,UNDERSTOCK,1.7763568394002505e-15,0.0,6.217248937900877e-15,0.0,6.217248937900877e-15,675.0
2012-09-23,5,4,1,5.999999999999999,6.949627495781014,0.35,10.0,OVERSTOCK,0.0,4.000000000000001,0.0,3.000000000000001,3.000000000000001,675.0
2012-09-23,6,4,1,16.0,16.00223607717326,0.35,22.0,OVERSTOCK,0.0,6.0,0.0,4.5,4.5,675.0
2012-09-23,7,4,1,56.99999999999999,52.85568835134671,0.35,72.0,OVERSTOCK,0.0,15.000000000000007,0.0,11.250000000000005,11.250000000000005,675.0
2012-09-23,8,4,1,174.99999999999991,126.28015983493188,0.35,171.0,UNDERSTOCK,3.9999999999999147,0.0,13.999999999999702,0.0,13.999999999999702,675.0
2012-09-23,9,4,1,276.0,223.6210919806504,0.35,302.0,OVERSTOCK,0.0,26.0,0.0,19.5,19.5,675.0
2012-09-23,10,4,1,488.99999999999983,362.1302988414032,0.35,489.0,OVERSTOCK,0.0,1.7053025658242404e-13,0.0,1.2789769243681803e-13,1.2789769243681803e-13,675.0
2012-09-23,11,4,1,570.0000000000001,428.75306679617074,0.35,579.0,OVERSTOCK,0.0,8.999999999999886,0.0,6.749999999999915,6.749999999999915,675.0
2012-09-23,12,4,1,775.9999999999999,495.7759384379069,0.35,670.0,UNDERSTOCK,105.99999999999989,0.0,370.9999999999996,0.0,370.9999999999996,675.0
2012-09-23,13,4,1,702.0000000000001,608.4804663565649,0.35,822.0,OVERSTOCK,0.0,119.99999999999989,0.0,89.99999999999991,89.99999999999991,675.0
2012-09-23,14,4,1,665.9999999999998,606.4732660599914,0.35,819.0,OVERSTOCK,0.0,153.00000000000023,0.0,114.75000000000017,114.75000000000017,675.0
2012-09-23,15,4,1,639.9999999999999,589.9734209720428,0.35,797.0,OVERSTOCK,0.0,157.0000000000001,0.0,117.75000000000009,117.75000000000009,675.0
2012-09-23,16,4,1,690.9999999999998,592.5338194761929,0.35,800.0,OVERSTOCK,0.0,109.00000000000023,0.0,81.75000000000017,81.75000000000017,675.0
2012-09-23,17,4,1,722.9999999999998,467.2846570898554,0.35,631.0,UNDERSTOCK,91.99999999999977,0.0,321.9999999999992,0.0,321.9999999999992,675.0
2012-09-23,18,4,1,539.9999999999998,412.384033290396,0.35,557.0,OVERSTOCK,0.0,17.000000000000227,0.0,12.75000000000017,12.75000000000017,675.0
2012-09-23,19,4,1,413.0,336.50504347034905,0.35,455.0,OVERSTOCK,0.0,42.0,0.0,31.5,31.5,675.0
2012-09-23,20,4,1,252.00000000000003,239.51281272404935,0.35,324.0,OVERSTOCK,0.0,71.99999999999997,0.0,53.99999999999998,53.99999999999998,675.0
2012-09-23,21,4,2,196.0,176.24756596065322,0.35,238.0,OVERSTOCK,0.0,42.0,0.0,31.5,31.5,675.0
2012-09-23,22,4,1,137.99999999999997,132.3443882625066,0.35,179.0,OVERSTOCK,0.0,41.00000000000003,0.0,30.75000000000002,30.75000000000002,675.0
2012-09-23,23,4,2,100.00000000000004,82.69459135046232,0.35,112.0,OVERSTOCK,0.0,11.999999999999957,0.0,8.999999999999968,8.999999999999968,675.0
2012-09-24,0,4,1,63.99999999999998,35.682402284203846,0.35,49.0,UNDERSTOCK,14.999999999999979,0.0,52.49999999999993,0.0,52.49999999999993,675.0
2012-09-24,1,4,1,17.999999999999996,15.741441472934923,0.35,22.0,OVERSTOCK,0.0,4.0000000000000036,0.0,3.0000000000000027,3.0000000000000027,675.0
2012-09-24,2,4,2,8.000000000000002,9.944153615834177,0.35,14.0,OVERSTOCK,0.0,5.999999999999998,0.0,4.499999999999998,4.499999999999998,675.0
2012-09-24,3,4,1,5.0,4.476773630189582,0.35,7.0,OVERSTOCK,0.0,2.0,0.0,1.5,1.5,675.0
2012-09-24,4,4,1,8.000000000000002,5.363930556812775,0.35,8.0,UNDERSTOCK,1.7763568394002505e-15,0.0,6.217248937900877e-15,0.0,6.217248937900877e-15,675.0
2012-09-24,5,4,1,36.99999999999999,32.22855820163811,0.35,44.0,OVERSTOCK,0.0,7.000000000000007,0.0,5.250000000000005,5.250000000000005,675.0
2012-09-24,6,4,1,168.0,145.53646302531396,0.35,197.0,OVERSTOCK,0.0,29.0,0.0,21.75,21.75,675.0
2012-09-24,7,4,1,530.0,412.9580589255881,0.35,558.0,OVERSTOCK,0.0,28.0,0.0,21.0,21.0,675.0
2012-09-24,8,4,1,749.9999999999998,564.810450882727,0.35,763.0,OVERSTOCK,0.0,13.000000000000227,0.0,9.75000000000017,9.75000000000017,675.0
2012-09-24,9,4,1,328.0,305.663799259999,0.35,413.0,OVERSTOCK,0.0,85.0,0.0,63.75,63.75,675.0
2012-09-24,10,4,1,198.0,191.5255813377827,0.35,259.0,OVERSTOCK,0.0,61.0,0.0,45.75,45.75,675.0
2012-09-24,11,4,1,238.00000000000009,218.88823251500065,0.35,296.0,OVERSTOCK,0.0,57.999999999999915,0.0,43.499999999999936,43.499999999999936,675.0
2012-09-24,12,4,1,341.99999999999983,262.9765579704613,0.35,356.0,OVERSTOCK,0.0,14.00000000000017,0.0,10.500000000000128,10.500000000000128,675.0
2012-09-24,13,4,1,328.0,273.784488873348,0.35,370.0,OVERSTOCK,0.0,42.0,0.0,31.5,31.5,675.0
2012-09-24,14,4,1,303.00000000000006,262.63140163616004,0.35,355.0,OVERSTOCK,0.0,51.99999999999994,0.0,38.99999999999996,38.99999999999996,675.0
2012-09-24,15,4,1,299.9999999999999,282.9013726072341,0.35,382.0,OVERSTOCK,0.0,82.00000000000011,0.0,61.500000000000085,61.500000000000085,675.0
2012-09-24,16,4,1,516.0,381.8142251945554,0.35,516.0,OK,0.0,0.0,0.0,0.0,0.0,675.0
2012-09-24,17,4,1,897.9999999999998,676.8159505369123,0.35,914.0,OVERSTOCK,0.0,16.000000000000227,0.0,12.00000000000017,12.00000000000017,675.0
2012-09-24,18,4,1,853.0000000000003,674.1715542217111,0.35,911.0,OVERSTOCK,0.0,57.99999999999966,0.0,43.499999999999744,43.499999999999744,675.0
2012-09-24,19,4,1,590.0000000000002,482.5599045134384,0.35,652.0,OVERSTOCK,0.0,61.99999999999977,0.0,46.49999999999983,46.49999999999983,675.0
2012-09-24,20,4,1,432.0,343.909668152079,0.35,465.0,OVERSTOCK,0.0,33.0,0.0,24.75,24.75,675.0
2012-09-24,21,4,1,256.00000000000006,238.05369138857995,0.35,322.0,OVERSTOCK,0.0,65.99999999999994,0.0,49.49999999999996,49.49999999999996,675.0
2012-09-24,22,4,1,172.00000000000006,124.2242452540701,0.35,168.0,UNDERSTOCK,4.000000000000057,0.0,14.000000000000199,0.0,14.000000000000199,675.0
2012-09-24,23,4,1,94.0,74.69425854503513,0.35,101.0,OVERSTOCK,0.0,7.0,0.0,5.25,5.25,675.0
2012-09-25,0,4,1,63.99999999999998,34.31748895256936,0.35,47.0,UNDERSTOCK,16.99999999999998,0.0,59.49999999999993,0.0,59.49999999999993,720.0
2012-09-25,1,4,1,12.999999999999996,15.885999283469715,0.35,22.0,OVERSTOCK,0.0,9.000000000000004,0.0,6.750000000000003,6.750000000000003,720.0
2012-09-25,2,4,1,14.0,5.696164559210108,0.35,8.0,UNDERSTOCK,6.0,0.0,21.0,0.0,21.0,720.0
2012-09-25,3,4,1,5.0,4.229182740883791,0.35,6.0,OVERSTOCK,0.0,1.0,0.0,0.75,0.75,720.0
2012-09-25,4,4,1,9.000000000000002,4.796465111858589,0.35,7.0,UNDERSTOCK,2.0000000000000018,0.0,7.000000000000006,0.0,7.000000000000006,720.0
2012-09-25,5,4,1,47.00000000000001,32.714082431394715,0.35,45.0,UNDERSTOCK,2.000000000000007,0.0,7.000000000000025,0.0,7.000000000000025,720.0
2012-09-25,6,4,1,194.0,168.09946492690517,0.35,227.0,OVERSTOCK,0.0,33.0,0.0,24.75,24.75,720.0
2012-09-25,7,4,1,556.0000000000001,401.45597253254414,0.35,542.0,UNDERSTOCK,14.000000000000114,0.0,49.0000000000004,0.0,49.0000000000004,720.0
2012-09-25,8,4,1,804.9999999999998,586.7093510320162,0.35,793.0,UNDERSTOCK,11.999999999999773,0.0,41.999999999999204,0.0,41.999999999999204,720.0
2012-09-25,9,4,1,409.00000000000017,316.57253322008273,0.35,428.0,OVERSTOCK,0.0,18.99999999999983,0.0,14.249999999999872,14.249999999999872,720.0
2012-09-25,10,4,1,170.00000000000009,195.92703456635107,0.35,265.0,OVERSTOCK,0.0,94.99999999999991,0.0,71.24999999999994,71.24999999999994,720.0
2012-09-25,11,4,1,218.00000000000003,230.31578510665463,0.35,311.0,OVERSTOCK,0.0,92.99999999999997,0.0,69.74999999999997,69.74999999999997,720.0
2012-09-25,12,4,1,301.9999999999999,280.70996227960467,0.35,379.0,OVERSTOCK,0.0,77.00000000000011,0.0,57.750000000000085,57.750000000000085,720.0
2012-09-25,13,4,1,305.0,270.1335493206313,0.35,365.0,OVERSTOCK,0.0,60.0,0.0,45.0,45.0,720.0
2012-09-25,14,4,1,292.99999999999994,251.32080157177484,0.35,340.0,OVERSTOCK,0.0,47.00000000000006,0.0,35.25000000000004,35.25000000000004,720.0
2012-09-25,15,4,1,303.00000000000006,271.6459657741296,0.35,367.0,OVERSTOCK,0.0,63.99999999999994,0.0,47.99999999999996,47.99999999999996,720.0
2012-09-25,16,4,1,495.00000000000017,431.5279850114432,0.35,583.0,OVERSTOCK,0.0,87.99999999999983,0.0,65.99999999999987,65.99999999999987,720.0
2012-09-25,17,4,1,966.9999999999995,827.3559508897318,0.35,1117.0,OVERSTOCK,0.0,150.00000000000045,0.0,112.50000000000034,112.50000000000034,720.0
2012-09-25,18,4,1,822.0,811.123616776972,0.35,1096.0,OVERSTOCK,0.0,274.0,0.0,205.5,205.5,720.0
2012-09-25,19,4,1,539.0000000000002,572.0981671973834,0.35,773.0,OVERSTOCK,0.0,233.99999999999977,0.0,175.49999999999983,175.49999999999983,720.0
2012-09-25,20,4,1,425.00000000000017,435.2059401930813,0.35,588.0,OVERSTOCK,0.0,162.99999999999983,0.0,122.24999999999987,122.24999999999987,720.0
2012-09-25,21,4,1,297.00000000000006,299.6777350997486,0.35,405.0,OVERSTOCK,0.0,107.99999999999994,0.0,80.99999999999996,80.99999999999996,720.0
2012-09-25,22,4,1,188.00000000000003,223.6363296975218,0.35,302.0,OVERSTOCK,0.0,113.99999999999997,0.0,85.49999999999997,85.49999999999997,720.0
2012-09-25,23,4,1,98.0,134.98266592274922,0.35,183.0,OVERSTOCK,0.0,85.0,0.0,63.75,63.75,720.0
2012-09-26,0,4,1,40.00000000000001,36.36655422274471,0.35,50.0,OVERSTOCK,0.0,9.999999999999993,0.0,7.499999999999995,7.499999999999995,765.0
2012-09-26,1,4,1,29.000000000000004,17.903639414585232,0.35,25.0,UNDERSTOCK,4.0000000000000036,0.0,14.000000000000012,0.0,14.000000000000012,765.0
2012-09-26,2,4,2,16.999999999999996,7.952004634856321,0.35,11.0,UNDERSTOCK,5.9999999999999964,0.0,20.999999999999986,0.0,20.999999999999986,765.0
2012-09-26,3,4,2,10.000000000000002,4.791155991147765,0.35,7.0,UNDERSTOCK,3.0000000000000018,0.0,10.500000000000007,0.0,10.500000000000007,765.0
2012-09-26,4,4,1,14.0,5.860579938007458,0.35,8.0,UNDERSTOCK,6.0,0.0,21.0,0.0,21.0,765.0
2012-09-26,5,4,1,35.99999999999999,33.25900522426722,0.35,45.0,OVERSTOCK,0.0,9.000000000000007,0.0,6.750000000000005,6.750000000000005,765.0
2012-09-26,6,4,1,182.00000000000009,176.15110236226985,0.35,238.0,OVERSTOCK,0.0,55.999999999999915,0.0,41.999999999999936,41.999999999999936,765.0
2012-09-26,7,4,1,531.9999999999999,437.3652916477532,0.35,591.0,OVERSTOCK,0.0,59.000000000000114,0.0,44.250000000000085,44.250000000000085,765.0
2012-09-26,8,4,1,837.9999999999998,593.5320480465953,0.35,802.0,UNDERSTOCK,35.99999999999977,0.0,125.9999999999992,0.0,125.9999999999992,765.0
2012-09-26,9,4,1,333.99999999999994,323.93518081772646,0.35,438.0,OVERSTOCK,0.0,104.00000000000006,0.0,78.00000000000004,78.00000000000004,765.0
2012-09-26,10,4,1,185.00000000000009,201.13138631459404,0.35,272.0,OVERSTOCK,0.0,86.99999999999991,0.0,65.24999999999994,65.24999999999994,765.0
2012-09-26,11,4,1,227.00000000000009,225.84512820746843,0.35,305.0,OVERSTOCK,0.0,77.99999999999991,0.0,58.499999999999936,58.499999999999936,765.0
2012-09-26,12,4,1,315.9999999999999,278.95456188248875,0.35,377.0,OVERSTOCK,0.0,61.000000000000114,0.0,45.750000000000085,45.750000000000085,765.0
2012-09-26,13,4,1,340.00000000000006,278.4392937291029,0.35,376.0,OVERSTOCK,0.0,35.99999999999994,0.0,26.999999999999957,26.999999999999957,765.0
2012-09-26,14,4,1,276.99999999999994,249.8410354026737,0.35,338.0,OVERSTOCK,0.0,61.00000000000006,0.0,45.75000000000004,45.75000000000004,765.0
2012-09-26,15,4,1,299.9999999999999,279.38212935784134,0.35,378.0,OVERSTOCK,0.0,78.00000000000011,0.0,58.500000000000085,58.500000000000085,765.0
2012-09-26,16,4,1,467.9999999999999,429.7000227979121,0.35,581.0,OVERSTOCK,0.0,113.00000000000011,0.0,84.75000000000009,84.75000000000009,765.0
2012-09-26,17,4,1,953.0000000000005,839.2821492409128,0.35,1134.0,OVERSTOCK,0.0,180.99999999999955,0.0,135.74999999999966,135.74999999999966,765.0
2012-09-26,18,4,1,883.9999999999999,827.8736794511083,0.35,1118.0,OVERSTOCK,0.0,234.0000000000001,0.0,175.50000000000009,175.50000000000009,765.0
2012-09-26,19,4,1,626.9999999999999,614.0126907973004,0.35,829.0,OVERSTOCK,0.0,202.0000000000001,0.0,151.50000000000009,151.50000000000009,765.0
2012-09-26,20,4,1,434.00000000000006,460.59731551608826,0.35,622.0,OVERSTOCK,0.0,187.99999999999994,0.0,140.99999999999994,140.99999999999994,765.0
2012-09-26,21,4,1,359.99999999999983,341.6236140510654,0.35,462.0,OVERSTOCK,0.0,102.00000000000017,0.0,76.50000000000013,76.50000000000013,765.0
2012-09-26,22,4,3,215.00000000000009,116.84737189817172,0.35,158.0,UNDERSTOCK,57.000000000000085,0.0,199.50000000000028,0.0,199.50000000000028,765.0
2012-09-26,23,4,2,115.0,109.81923591852065,0.35,149.0,OVERSTOCK,0.0,34.0,0.0,25.5,25.5,765.0
2012-09-27,0,4,1,64.99999999999997,55.26910133369047,0.35,75.0,OVERSTOCK,0.0,10.000000000000028,0.0,7.500000000000021,7.500000000000021,675.0
2012-09-27,1,4,1,21.000000000000004,28.0198592639101,0.35,38.0,OVERSTOCK,0.0,16.999999999999996,0.0,12.749999999999996,12.749999999999996,675.0
2012-09-27,2,4,1,16.0,9.551359871444795,0.35,13.0,UNDERSTOCK,3.0,0.0,10.5,0.0,10.5,675.0
2012-09-27,3,4,1,6.999999999999998,6.636391300655181,0.35,9.0,OVERSTOCK,0.0,2.0000000000000018,0.0,1.5000000000000013,1.5000000000000013,675.0
2012-09-27,4,4,1,8.000000000000002,6.1142586393149765,0.35,9.0,OVERSTOCK,0.0,0.9999999999999982,0.0,0.7499999999999987,0.7499999999999987,675.0
2012-09-27,5,4,1,65.99999999999997,34.178053601690536,0.35,47.0,UNDERSTOCK,18.99999999999997,0.0,66.4999999999999,0.0,66.4999999999999,675.0
2012-09-27,6,4,1,169.00000000000006,167.79806088633168,0.35,227.0,OVERSTOCK,0.0,57.99999999999994,0.0,43.49999999999996,43.49999999999996,675.0
2012-09-27,7,4,1,558.0,420.28677452662777,0.35,568.0,OVERSTOCK,0.0,10.0,0.0,7.5,7.5,675.0
2012-09-27,8,4,1,794.0000000000001,675.9907652853891,0.35,913.0,OVERSTOCK,0.0,118.99999999999989,0.0,89.24999999999991,89.24999999999991,675.0
2012-09-27,9,4,1,335.0,324.28957388841,0.35,438.0,OVERSTOCK,0.0,103.0,0.0,77.25,77.25,675.0
2012-09-27,10,4,2,208.0,209.29958987653905,0.35,283.0,OVERSTOCK,0.0,75.0,0.0,56.25,56.25,675.0
2012-09-27,11,4,2,294.0000000000001,226.85600217749547,0.35,307.0,OVERSTOCK,0.0,12.999999999999886,0.0,9.749999999999915,9.749999999999915,675.0
2012-09-27,12,4,2,335.0,277.3051033603664,0.35,375.0,OVERSTOCK,0.0,40.0,0.0,30.0,30.0,675.0
2012-09-27,13,4,2,326.0,275.3578756081831,0.35,372.0,OVERSTOCK,0.0,46.0,0.0,34.5,34.5,675.0
2012-09-27,14,4,2,257.9999999999999,256.58406773987457,0.35,347.0,OVERSTOCK,0.0,89.00000000000011,0.0,66.75000000000009,66.75000000000009,675.0
2012-09-27,15,4,2,296.00000000000006,290.01961417393613,0.35,392.0,OVERSTOCK,0.0,95.99999999999994,0.0,71.99999999999996,71.99999999999996,675.0
2012-09-27,16,4,2,471.99999999999983,408.3961530417441,0.35,552.0,OVERSTOCK,0.0,80.00000000000017,0.0,60.00000000000013,60.00000000000013,675.0
2012-09-27,17,4,2,905.0000000000005,580.7284639728064,0.35,784.0,UNDERSTOCK,121.00000000000045,0.0,423.5000000000016,0.0,423.5000000000016,675.0
2012-09-27,18,4,2,899.0000000000001,585.6195818458352,0.35,791.0,UNDERSTOCK,108.00000000000011,0.0,378.0000000000004,0.0,378.0000000000004,675.0
2012-09-27,19,4,1,558.9999999999999,592.672512808579,0.35,801.0,OVERSTOCK,0.0,242.0000000000001,0.0,181.50000000000009,181.50000000000009,675.0
2012-09-27,20,4,2,457.00000000000017,388.9854593241658,0.35,526.0,OVERSTOCK,0.0,68.99999999999983,0.0,51.74999999999987,51.74999999999987,675.0
2012-09-27,21,4,3,253.0,137.544717584873,0.35,186.0,UNDERSTOCK,67.0,0.0,234.5,0.0,234.5,675.0
2012-09-27,22,4,3,47.00000000000001,92.58861352952177,0.35,125.0,OVERSTOCK,0.0,78.0,0.0,58.5,58.5,675.0
2012-09-27,23,4,3,45.0,62.58082568747828,0.35,85.0,OVERSTOCK,0.0,40.0,0.0,30.0,30.0,675.0
2012-09-28,0,4,3,16.999999999999996,31.800038875482283,0.35,43.0,OVERSTOCK,0.0,26.000000000000004,0.0,19.500000000000004,19.500000000000004,720.0
2012-09-28,1,4,3,12.999999999999996,39.65831394650375,0.35,54.0,OVERSTOCK,0.0,41.0,0.0,30.75,30.75,720.0
2012-09-28,2,4,3,10.000000000000002,12.317451109861263,0.35,17.0,OVERSTOCK,0.0,6.999999999999998,0.0,5.249999999999998,5.249999999999998,720.0
2012-09-28,3,4,2,6.999999999999998,7.4351011230177315,0.35,11.0,OVERSTOCK,0.0,4.000000000000002,0.0,3.0000000000000013,3.0000000000000013,720.0
2012-09-28,4,4,3,12.0,6.578425122263249,0.35,9.0,UNDERSTOCK,3.0,0.0,10.5,0.0,10.5,720.0
2012-09-28,5,4,1,37.99999999999999,31.90869950958067,0.35,44.0,OVERSTOCK,0.0,6.000000000000007,0.0,4.500000000000005,4.500000000000005,720.0
2012-09-28,6,4,2,137.99999999999997,131.43870062970575,0.35,178.0,OVERSTOCK,0.0,40.00000000000003,0.0,30.00000000000002,30.00000000000002,720.0
2012-09-28,7,4,2,394.00000000000006,326.63140774187013,0.35,441.0,OVERSTOCK,0.0,46.99999999999994,0.0,35.24999999999996,35.24999999999996,720.0
2012-09-28,8,4,1,704.9999999999999,584.0101154405523,0.35,789.0,OVERSTOCK,0.0,84.00000000000011,0.0,63.000000000000085,63.000000000000085,720.0
2012-09-28,9,4,2,426.0000000000001,335.00008852209163,0.35,453.0,OVERSTOCK,0.0,26.999999999999886,0.0,20.249999999999915,20.249999999999915,720.0
2012-09-28,10,4,2,244.99999999999991,235.1544091393027,0.35,318.0,OVERSTOCK,0.0,73.00000000000009,0.0,54.750000000000064,54.750000000000064,720.0
2012-09-28,11,4,2,361.00000000000017,282.1360277080898,0.35,381.0,OVERSTOCK,0.0,19.99999999999983,0.0,14.999999999999872,14.999999999999872,720.0
2012-09-28,12,4,2,380.0000000000001,359.0014465813967,0.35,485.0,OVERSTOCK,0.0,104.99999999999989,0.0,78.74999999999991,78.74999999999991,720.0
2012-09-28,13,4,2,409.99999999999983,361.32685262500615,0.35,488.0,OVERSTOCK,0.0,78.00000000000017,0.0,58.50000000000013,58.50000000000013,720.0
2012-09-28,14,4,2,398.9999999999999,356.59130524789526,0.35,482.0,OVERSTOCK,0.0,83.00000000000011,0.0,62.250000000000085,62.250000000000085,720.0
2012-09-28,15,4,2,392.0,342.5122045306289,0.35,463.0,OVERSTOCK,0.0,71.0,0.0,53.25,53.25,720.0
2012-09-28,16,4,2,502.0,503.97099175292783,0.35,681.0,OVERSTOCK,0.0,179.0,0.0,134.25,134.25,720.0
2012-09-28,17,4,2,807.9999999999997,728.8345784043289,0.35,984.0,OVERSTOCK,0.0,176.00000000000034,0.0,132.00000000000026,132.00000000000026,720.0
2012-09-28,18,4,2,666.9999999999998,706.6277913885627,0.35,954.0,OVERSTOCK,0.0,287.0000000000002,0.0,215.25000000000017,215.25000000000017,720.0
2012-09-28,19,4,3,507.9999999999999,406.1196062707301,0.35,549.0,OVERSTOCK,0.0,41.000000000000114,0.0,30.750000000000085,30.750000000000085,720.0
2012-09-28,20,4,3,335.99999999999994,275.67680390676406,0.35,373.0,OVERSTOCK,0.0,37.00000000000006,0.0,27.750000000000043,27.750000000000043,720.0
2012-09-28,21,4,3,237.00000000000009,200.09132074528915,0.35,271.0,OVERSTOCK,0.0,33.999999999999915,0.0,25.499999999999936,25.499999999999936,720.0
2012-09-28,22,4,2,219.99999999999991,199.6722072907887,0.35,270.0,OVERSTOCK,0.0,50.000000000000085,0.0,37.500000000000064,37.500000000000064,720.0
2012-09-28,23,4,2,190.0,188.0959372046165,0.35,254.0,OVERSTOCK,0.0,64.0,0.0,48.0,48.0,720.0
2012-09-29,0,4,1,148.99999999999997,130.96592582738631,0.35,177.0,OVERSTOCK,0.0,28.00000000000003,0.0,21.00000000000002,21.00000000000002,765.0
2012-09-29,1,4,1,100.99999999999996,88.74245518474487,0.35,120.0,OVERSTOCK,0.0,19.000000000000043,0.0,14.250000000000032,14.250000000000032,765.0
2012-09-29,2,4,2,92.00000000000004,69.05401382714125,0.35,94.0,OVERSTOCK,0.0,1.9999999999999574,0.0,1.499999999999968,1.499999999999968,765.0
2012-09-29,3,4,2,29.000000000000004,31.48354830070653,0.35,43.0,OVERSTOCK,0.0,13.999999999999996,0.0,10.499999999999996,10.499999999999996,765.0
2012-09-29,4,4,1,14.0,7.753373912745172,0.35,11.0,UNDERSTOCK,3.0,0.0,10.5,0.0,10.5,765.0
2012-09-29,5,4,1,14.999999999999998,8.684913645309372,0.35,12.0,UNDERSTOCK,2.9999999999999982,0.0,10.499999999999993,0.0,10.499999999999993,765.0
2012-09-29,6,4,1,36.99999999999999,31.03321249121925,0.35,42.0,OVERSTOCK,0.0,5.000000000000007,0.0,3.7500000000000053,3.7500000000000053,765.0
2012-09-29,7,4,1,73.00000000000003,57.392622608646285,0.35,78.0,OVERSTOCK,0.0,4.999999999999972,0.0,3.7499999999999787,3.7499999999999787,765.0
2012-09-29,8,4,1,211.0,157.23891672089013,0.35,213.0,OVERSTOCK,0.0,2.0,0.0,1.5,1.5,765.0
2012-09-29,9,4,1,332.0,264.04145854613336,0.35,357.0,OVERSTOCK,0.0,25.0,0.0,18.75,18.75,765.0
2012-09-29,10,4,1,471.99999999999983,388.0375796863517,0.35,524.0,OVERSTOCK,0.0,52.00000000000017,0.0,39.00000000000013,39.00000000000013,765.0
2012-09-29,11,4,1,662.9999999999998,464.008054007429,0.35,627.0,UNDERSTOCK,35.99999999999977,0.0,125.9999999999992,0.0,125.9999999999992,765.0
2012-09-29,12,4,1,682.0,620.8001081143353,0.35,839.0,OVERSTOCK,0.0,157.0,0.0,117.75,117.75,765.0
2012-09-29,13,4,1,685.9999999999998,634.2187932133683,0.35,857.0,OVERSTOCK,0.0,171.00000000000023,0.0,128.25000000000017,128.25000000000017,765.0
2012-09-29,14,4,1,749.9999999999998,632.3699884960895,0.35,854.0,OVERSTOCK,0.0,104.00000000000023,0.0,78.00000000000017,78.00000000000017,765.0
2012-09-29,15,4,1,727.0,622.2442592700631,0.35,841.0,OVERSTOCK,0.0,114.0,0.0,85.5,85.5,765.0
2012-09-29,16,4,1,722.0000000000001,594.5207643474378,0.35,803.0,OVERSTOCK,0.0,80.99999999999989,0.0,60.749999999999915,60.749999999999915,765.0
2012-09-29,17,4,1,712.0,506.1712130225756,0.35,684.0,UNDERSTOCK,28.0,0.0,98.0,0.0,98.0,765.0
2012-09-29,18,4,1,594.0000000000002,400.61121473717424,0.35,541.0,UNDERSTOCK,53.00000000000023,0.0,185.5000000000008,0.0,185.5000000000008,765.0
2012-09-29,19,4,1,470.0,347.676228126496,0.35,470.0,OK,0.0,0.0,0.0,0.0,0.0,765.0
2012-09-29,20,4,1,315.00000000000006,252.35470407074672,0.35,341.0,OVERSTOCK,0.0,25.999999999999943,0.0,19.499999999999957,19.499999999999957,765.0
2012-09-29,21,4,1,292.0000000000001,187.914807197676,0.35,254.0,UNDERSTOCK,38.000000000000114,0.0,133.0000000000004,0.0,133.0000000000004,765.0
2012-09-29,22,4,1,221.0,178.73581299188862,0.35,242.0,OVERSTOCK,0.0,21.0,0.0,15.75,15.75,765.0
2012-09-29,23,4,1,196.0,176.87092077243986,0.35,239.0,OVERSTOCK,0.0,43.0,0.0,32.25,32.25,765.0
2012-09-30,0,4,1,146.99999999999994,132.04223963866227,0.35,179.0,OVERSTOCK,0.0,32.00000000000006,0.0,24.000000000000043,24.000000000000043,675.0
2012-09-30,1,4,1,116.00000000000004,103.19629583581732,0.35,140.0,OVERSTOCK,0.0,23.999999999999957,0.0,17.999999999999968,17.999999999999968,675.0
2012-09-30,2,4,1,92.00000000000004,72.242149620468,0.35,98.0,OVERSTOCK,0.0,5.999999999999957,0.0,4.499999999999968,4.499999999999968,675.0
2012-09-30,3,4,1,58.000000000000014,39.06817316048665,0.35,53.0,UNDERSTOCK,5.000000000000014,0.0,17.50000000000005,0.0,17.50000000000005,675.0
2012-09-30,4,4,1,6.999999999999998,8.085618043972428,0.35,11.0,OVERSTOCK,0.0,4.000000000000002,0.0,3.0000000000000013,3.0000000000000013,675.0
2012-09-30,5,4,1,10.000000000000002,7.5553152762982,0.35,11.0,OVERSTOCK,0.0,0.9999999999999982,0.0,0.7499999999999987,0.7499999999999987,675.0
2012-09-30,6,4,1,22.0,20.203193902097777,0.35,28.0,OVERSTOCK,0.0,6.0,0.0,4.5,4.5,675.0
2012-09-30,7,4,1,56.99999999999999,54.49615908498862,0.35,74.0,OVERSTOCK,0.0,17.000000000000007,0.0,12.750000000000005,12.750000000000005,675.0
2012-09-30,8,4,1,143.99999999999997,126.8154186241366,0.35,172.0,OVERSTOCK,0.0,28.00000000000003,0.0,21.00000000000002,21.00000000000002,675.0
2012-09-30,9,4,1,284.99999999999994,219.93849673800847,0.35,297.0,OVERSTOCK,0.0,12.000000000000057,0.0,9.000000000000043,9.000000000000043,675.0
2012-09-30,10,4,1,479.0,374.5379869404424,0.35,506.0,OVERSTOCK,0.0,27.0,0.0,20.25,20.25,675.0
2012-09-30,11,4,1,590.9999999999999,511.8266548277588,0.35,691.0,OVERSTOCK,0.0,100.00000000000011,0.0,75.00000000000009,75.00000000000009,675.0
2012-09-30,12,4,1,679.9999999999998,607.1393438238025,0.35,820.0,OVERSTOCK,0.0,140.00000000000023,0.0,105.00000000000017,105.00000000000017,675.0
2012-09-30,13,4,1,594.0000000000002,606.1033692734592,0.35,819.0,OVERSTOCK,0.0,224.99999999999977,0.0,168.74999999999983,168.74999999999983,675.0
2012-09-30,14,4,1,612.0000000000001,599.9251982744256,0.35,810.0,OVERSTOCK,0.0,197.9999999999999,0.0,148.49999999999991,148.49999999999991,675.0
2012-09-30,15,4,1,648.9999999999999,601.253722754754,0.35,812.0,OVERSTOCK,0.0,163.0000000000001,0.0,122.25000000000009,122.25000000000009,675.0
2012-09-30,16,4,1,648.0000000000002,594.834284638741,0.35,804.0,OVERSTOCK,0.0,155.99999999999977,0.0,116.99999999999983,116.99999999999983,675.0
2012-09-30,17,4,1,575.0000000000001,506.7799592740213,0.35,685.0,OVERSTOCK,0.0,109.99999999999989,0.0,82.49999999999991,82.49999999999991,675.0
2012-09-30,18,4,1,401.0,384.05306905251774,0.35,519.0,OVERSTOCK,0.0,118.0,0.0,88.5,88.5,675.0
2012-09-30,19,4,3,257.0,199.616046051844,0.35,270.0,OVERSTOCK,0.0,13.0,0.0,9.75,9.75,675.0
2012-09-30,20,4,3,194.0,144.6534213887098,0.35,196.0,OVERSTOCK,0.0,2.0,0.0,1.5,1.5,675.0
2012-09-30,21,4,1,123.00000000000004,163.06723606420658,0.35,221.0,OVERSTOCK,0.0,97.99999999999996,0.0,73.49999999999997,73.49999999999997,675.0
2012-09-30,22,4,1,91.0,112.2323412215274,0.35,152.0,OVERSTOCK,0.0,61.0,0.0,45.75,45.75,675.0
2012-09-30,23,4,1,56.99999999999999,73.69711624598435,0.35,100.0,OVERSTOCK,0.0,43.00000000000001,0.0,32.25000000000001,32.25000000000001,675.0
2012-10-01,0,4,1,45.0,37.10540848695444,0.35,51.0,OVERSTOCK,0.0,6.0,0.0,4.5,4.5,495.0
2012-10-01,1,4,1,17.999999999999996,14.549551144789165,0.35,20.0,OVERSTOCK,0.0,2.0000000000000036,0.0,1.5000000000000027,1.5000000000000027,495.0
2012-10-01,2,4,1,12.0,6.747165051013276,0.35,10.0,UNDERSTOCK,2.0,0.0,7.0,0.0,7.0,495.0
2012-10-01,3,4,1,6.999999999999998,4.963693941332066,0.35,7.0,OVERSTOCK,0.0,1.7763568394002505e-15,0.0,1.3322676295501878e-15,1.3322676295501878e-15,495.0
2012-10-01,4,4,1,10.000000000000002,4.936330136147938,0.35,7.0,UNDERSTOCK,3.0000000000000018,0.0,10.500000000000007,0.0,10.500000000000007,495.0
2012-10-01,5,4,1,35.99999999999999,33.11678272001988,0.35,45.0,OVERSTOCK,0.0,9.000000000000007,0.0,6.750000000000005,6.750000000000005,495.0
2012-10-01,6,4,1,155.0,145.87168743343963,0.35,197.0,OVERSTOCK,0.0,42.0,0.0,31.5,31.5,495.0
2012-10-01,7,4,1,483.0000000000002,288.72465014343874,0.35,390.0,UNDERSTOCK,93.00000000000023,0.0,325.5000000000008,0.0,325.5000000000008,495.0
2012-10-01,8,4,2,783.9999999999998,354.64950705741205,0.35,479.0,UNDERSTOCK,304.9999999999998,0.0,1067.499999999999,0.0,1067.499999999999,495.0
2012-10-01,9,4,2,340.00000000000006,196.14250782104116,0.35,265.0,UNDERSTOCK,75.00000000000006,0.0,262.5000000000002,0.0,262.5000000000002,495.0
2012-10-01,10,4,1,179.0,166.77294327893134,0.35,226.0,OVERSTOCK,0.0,47.0,0.0,35.25,35.25,495.0
2012-10-01,11,4,1,272.0,178.72130189495113,0.35,242.0,UNDERSTOCK,30.0,0.0,105.0,0.0,105.0,495.0
2012-10-01,12,4,2,322.9999999999999,235.2158208105137,0.35,318.0,UNDERSTOCK,4.999999999999886,0.0,17.499999999999602,0.0,17.499999999999602,495.0
2012-10-01,13,4,2,305.0,233.59826995605948,0.35,316.0,OVERSTOCK,0.0,11.0,0.0,8.25,8.25,495.0
2012-10-01,14,4,2,244.0000000000001,196.0698389767619,0.35,265.0,OVERSTOCK,0.0,20.999999999999886,0.0,15.749999999999915,15.749999999999915,495.0
2012-10-01,15,4,2,328.99999999999994,229.1735513480133,0.35,310.0,UNDERSTOCK,18.999999999999943,0.0,66.4999999999998,0.0,66.4999999999998,495.0
2012-10-01,16,4,2,459.0000000000001,378.58373443160224,0.35,512.0,OVERSTOCK,0.0,52.999999999999886,0.0,39.749999999999915,39.749999999999915,495.0
2012-10-01,17,4,3,856.0000000000001,426.4520747785452,0.35,576.0,UNDERSTOCK,280.0000000000001,0.0,980.0000000000005,0.0,980.0000000000005,495.0
2012-10-01,18,4,3,612.9999999999999,446.50241344008543,0.35,603.0,UNDERSTOCK,9.999999999999886,0.0,34.9999999999996,0.0,34.9999999999996,495.0
2012-10-01,19,4,2,516.0,441.80847489252807,0.35,597.0,OVERSTOCK,0.0,81.0,0.0,60.75,60.75,495.0
2012-10-01,20,4,3,262.00000000000006,167.61873773913956,0.35,227.0,UNDERSTOCK,35.00000000000006,0.0,122.5000000000002,0.0,122.5000000000002,495.0
2012-10-01,21,4,2,218.00000000000003,206.2400923084202,0.35,279.0,OVERSTOCK,0.0,60.99999999999997,0.0,45.74999999999998,45.74999999999998,495.0
2012-10-01,22,4,3,207.0,64.43894597945038,0.35,87.0,UNDERSTOCK,120.0,0.0,420.0,0.0,420.0,495.0
2012-10-01,23,4,3,104.99999999999996,59.40871180489649,0.35,81.0,UNDERSTOCK,23.999999999999957,0.0,83.99999999999986,0.0,83.99999999999986,495.0
2012-10-02,0,4,2,31.0,31.55542155873861,0.35,43.0,OVERSTOCK,0.0,12.0,0.0,9.0,9.0,315.0
2012-10-02,1,4,2,11.0,14.197089382405617,0.35,20.0,OVERSTOCK,0.0,9.0,0.0,6.75,6.75,315.0
2012-10-02,2,4,2,2.0000000000000004,6.75017768122556,0.35,10.0,OVERSTOCK,0.0,8.0,0.0,6.0,6.0,315.0
2012-10-02,3,4,2,5.0,4.557067440629922,0.35,7.0,OVERSTOCK,0.0,2.0,0.0,1.5,1.5,315.0
2012-10-02,4,4,2,10.000000000000002,6.3443127461024345,0.35,9.0,UNDERSTOCK,1.0000000000000018,0.0,3.500000000000006,0.0,3.500000000000006,315.0
2012-10-02,5,4,2,42.99999999999999,30.49642395987914,0.35,42.0,UNDERSTOCK,0.9999999999999929,0.0,3.499999999999975,0.0,3.499999999999975,315.0
2012-10-02,6,4,3,179.0,87.64061253802373,0.35,119.0,UNDERSTOCK,60.0,0.0,210.0,0.0,210.0,315.0
2012-10-02,7,4,3,260.00000000000006,204.96035091310563,0.35,277.0,OVERSTOCK,0.0,16.999999999999943,0.0,12.749999999999957,12.749999999999957,315.0
2012-10-02,8,4,3,134.00000000000003,207.9545162639007,0.35,281.0,OVERSTOCK,0.0,146.99999999999997,0.0,110.24999999999997,110.24999999999997,315.0
2012-10-02,9,4,3,86.0,164.81869517606435,0.35,223.0,OVERSTOCK,0.0,137.0,0.0,102.75,102.75,315.0
2012-10-02,10,4,3,45.0,112.60392967705916,0.35,153.0,OVERSTOCK,0.0,108.0,0.0,81.0,81.0,315.0
2012-10-02,11,4,3,99.00000000000004,113.37986825298186,0.35,154.0,OVERSTOCK,0.0,54.99999999999996,0.0,41.24999999999997,41.24999999999997,315.0
2012-10-02,12,4,2,103.99999999999996,199.9883402987605,0.35,270.0,OVERSTOCK,0.0,166.00000000000006,0.0,124.50000000000004,124.50000000000004,315.0
2012-10-02,13,4,2,154.00000000000003,193.07828304968592,0.35,261.0,OVERSTOCK,0.0,106.99999999999997,0.0,80.24999999999997,80.24999999999997,315.0
2012-10-02,14,4,3,163.00000000000006,105.44614867000828,0.35,143.0,UNDERSTOCK,20.000000000000057,0.0,70.0000000000002,0.0,70.0000000000002,315.0
2012-10-02,15,4,3,208.99999999999997,120.87378842306885,0.35,164.0,UNDERSTOCK,44.99999999999997,0.0,157.4999999999999,0.0,157.4999999999999,315.0
2012-10-02,16,4,3,374.0,147.5720498197356,0.35,200.0,UNDERSTOCK,174.0,0.0,609.0,0.0,609.0,315.0
2012-10-02,17,4,3,715.0000000000001,241.8557787208409,0.35,327.0,UNDERSTOCK,388.0000000000001,0.0,1358.0000000000005,0.0,1358.0000000000005,315.0
2012-10-02,18,4,3,686.9999999999999,192.89223099792312,0.35,261.0,UNDERSTOCK,425.9999999999999,0.0,1490.9999999999995,0.0,1490.9999999999995,315.0
2012-10-02,19,4,3,395.0,174.9336124737001,0.35,237.0,UNDERSTOCK,158.0,0.0,553.0,0.0,553.0,315.0
2012-10-02,20,4,3,305.9999999999999,122.25300593752368,0.35,166.0,UNDERSTOCK,139.9999999999999,0.0,489.9999999999996,0.0,489.9999999999996,315.0
2012-10-02,21,4,3,288.99999999999994,92.02889551168154,0.35,125.0,UNDERSTOCK,163.99999999999994,0.0,573.9999999999998,0.0,573.9999999999998,315.0
2012-10-02,22,4,2,239.99999999999997,101.11189229860835,0.35,137.0,UNDERSTOCK,102.99999999999997,0.0,360.4999999999999,0.0,360.4999999999999,315.0
2012-10-02,23,4,2,98.0,94.72211039776656,0.35,128.0,OVERSTOCK,0.0,30.0,0.0,22.5,22.5,315.0
2012-10-03,0,4,3,52.00000000000001,23.81289548531667,0.35,33.0,UNDERSTOCK,19.000000000000007,0.0,66.50000000000003,0.0,66.50000000000003,630.0
2012-10-03,1,4,2,19.0,12.736718054642193,0.35,18.0,UNDERSTOCK,1.0,0.0,3.5,0.0,3.5,630.0
2012-10-03,2,4,2,9.000000000000002,6.603468558458117,0.35,9.0,UNDERSTOCK,1.7763568394002505e-15,0.0,6.217248937900877e-15,0.0,6.217248937900877e-15,630.0
2012-10-03,3,4,2,6.999999999999998,4.153349264307227,0.35,6.0,UNDERSTOCK,0.9999999999999982,0.0,3.499999999999994,0.0,3.499999999999994,630.0
2012-10-03,4,4,2,11.0,4.896908292799164,0.35,7.0,UNDERSTOCK,4.0,0.0,14.0,0.0,14.0,630.0
2012-10-03,5,4,2,33.99999999999999,34.64500925988261,0.35,47.0,OVERSTOCK,0.0,13.000000000000007,0.0,9.750000000000005,9.750000000000005,630.0
2012-10-03,6,4,2,176.99999999999997,156.39182402231813,0.35,212.0,OVERSTOCK,0.0,35.00000000000003,0.0,26.25000000000002,26.25000000000002,630.0
2012-10-03,7,4,2,515.0,264.3710538231868,0.35,357.0,UNDERSTOCK,158.0,0.0,553.0,0.0,553.0,630.0
2012-10-03,8,4,2,808.9999999999998,370.3813840987668,0.35,501.0,UNDERSTOCK,307.9999999999998,0.0,1077.999999999999,0.0,1077.999999999999,630.0
2012-10-03,9,4,2,361.9999999999999,245.7855920481076,0.35,332.0,UNDERSTOCK,29.999999999999886,0.0,104.9999999999996,0.0,104.9999999999996,630.0
2012-10-03,10,4,1,174.99999999999991,200.60936611202212,0.35,271.0,OVERSTOCK,0.0,96.00000000000009,0.0,72.00000000000006,72.00000000000006,630.0
2012-10-03,11,4,1,229.99999999999997,202.747129727613,0.35,274.0,OVERSTOCK,0.0,44.00000000000003,0.0,33.00000000000002,33.00000000000002,630.0
2012-10-03,12,4,2,357.9999999999999,207.10136073642744,0.35,280.0,UNDERSTOCK,77.99999999999989,0.0,272.9999999999996,0.0,272.9999999999996,630.0
2012-10-03,13,4,2,278.9999999999999,203.7988677406805,0.35,276.0,UNDERSTOCK,2.9999999999998863,0.0,10.499999999999602,0.0,10.499999999999602,630.0
2012-10-03,14,4,2,251.00000000000003,217.80274265331636,0.35,295.0,OVERSTOCK,0.0,43.99999999999997,0.0,32.99999999999998,32.99999999999998,630.0
2012-10-03,15,4,2,318.99999999999994,215.24558590106767,0.35,291.0,UNDERSTOCK,27.999999999999943,0.0,97.9999999999998,0.0,97.9999999999998,630.0
2012-10-03,16,4,2,477.99999999999983,379.0605758849673,0.35,512.0,OVERSTOCK,0.0,34.00000000000017,0.0,25.500000000000128,25.500000000000128,630.0
2012-10-03,17,4,1,917.0000000000002,714.8977186681402,0.35,966.0,OVERSTOCK,0.0,48.99999999999977,0.0,36.74999999999983,36.74999999999983,630.0
2012-10-03,18,4,1,810.0000000000002,707.0750675207915,0.35,955.0,OVERSTOCK,0.0,144.99999999999977,0.0,108.74999999999983,108.74999999999983,630.0
2012-10-03,19,4,1,593.0000000000001,551.4903268607949,0.35,745.0,OVERSTOCK,0.0,151.9999999999999,0.0,113.99999999999991,113.99999999999991,630.0
2012-10-03,20,4,1,497.0,397.5377797932071,0.35,537.0,OVERSTOCK,0.0,40.0,0.0,30.0,30.0,630.0
2012-10-03,21,4,2,208.99999999999997,236.8907501025643,0.35,320.0,OVERSTOCK,0.0,111.00000000000003,0.0,83.25000000000003,83.25000000000003,630.0
2012-10-03,22,4,1,241.00000000000009,254.6849908703461,0.35,344.0,OVERSTOCK,0.0,102.99999999999991,0.0,77.24999999999994,77.24999999999994,630.0
2012-10-03,23,4,2,219.99999999999991,137.64584699051397,0.35,186.0,UNDERSTOCK,33.999999999999915,0.0,118.9999999999997,0.0,118.9999999999997,630.0
2012-10-04,0,4,3,76.00000000000001,26.195121258905125,0.35,36.0,UNDERSTOCK,40.000000000000014,0.0,140.00000000000006,0.0,140.00000000000006,630.0
2012-10-04,1,4,2,25.000000000000004,13.498885392469798,0.35,19.0,UNDERSTOCK,6.0000000000000036,0.0,21.000000000000014,0.0,21.000000000000014,630.0
2012-10-04,2,4,1,12.999999999999996,6.940975126063066,0.35,10.0,UNDERSTOCK,2.9999999999999964,0.0,10.499999999999988,0.0,10.499999999999988,630.0
2012-10-04,3,4,2,11.0,5.876703156364743,0.35,8.0,UNDERSTOCK,3.0,0.0,10.5,0.0,10.5,630.0
2012-10-04,4,4,2,10.000000000000002,6.578889170218062,0.35,9.0,UNDERSTOCK,1.0000000000000018,0.0,3.500000000000006,0.0,3.500000000000006,630.0
2012-10-04,5,4,3,39.0,27.65476717080864,0.35,38.0,UNDERSTOCK,1.0,0.0,3.5,0.0,3.5,630.0
2012-10-04,6,4,3,132.99999999999997,70.54537058890322,0.35,96.0,UNDERSTOCK,36.99999999999997,0.0,129.4999999999999,0.0,129.4999999999999,630.0
2012-10-04,7,4,2,390.9999999999999,271.4054170846637,0.35,367.0,UNDERSTOCK,23.999999999999886,0.0,83.9999999999996,0.0,83.9999999999996,630.0
2012-10-04,8,4,1,737.9999999999998,379.4068645649522,0.35,513.0,UNDERSTOCK,224.99999999999977,0.0,787.4999999999992,0.0,787.4999999999992,630.0
2012-10-04,9,4,2,359.00000000000006,248.06125988692992,0.35,335.0,UNDERSTOCK,24.000000000000057,0.0,84.0000000000002,0.0,84.0000000000002,630.0
2012-10-04,10,4,2,176.99999999999997,182.55271963238448,0.35,247.0,OVERSTOCK,0.0,70.00000000000003,0.0,52.50000000000002,52.50000000000002,630.0
2012-10-04,11,4,2,213.99999999999991,191.7466803298842,0.35,259.0,OVERSTOCK,0.0,45.000000000000085,0.0,33.750000000000064,33.750000000000064,630.0
2012-10-04,12,4,2,288.00000000000006,238.54962613125863,0.35,323.0,OVERSTOCK,0.0,34.99999999999994,0.0,26.249999999999957,26.249999999999957,630.0
2012-10-04,13,4,2,294.0000000000001,230.6294241829614,0.35,312.0,OVERSTOCK,0.0,17.999999999999886,0.0,13.499999999999915,13.499999999999915,630.0
2012-10-04,14,4,1,266.99999999999994,228.771724541183,0.35,309.0,OVERSTOCK,0.0,42.00000000000006,0.0,31.500000000000043,31.500000000000043,630.0
2012-10-04,15,4,1,325.0,250.71880118095137,0.35,339.0,OVERSTOCK,0.0,14.0,0.0,10.5,10.5,630.0
2012-10-04,16,4,1,497.0,401.1030463161175,0.35,542.0,OVERSTOCK,0.0,45.0,0.0,33.75,33.75,630.0
2012-10-04,17,4,1,901.0000000000005,756.996253180391,0.35,1022.0,OVERSTOCK,0.0,120.99999999999955,0.0,90.74999999999966,90.74999999999966,630.0
2012-10-04,18,4,1,887.0,729.4951570221986,0.35,985.0,OVERSTOCK,0.0,98.0,0.0,73.5,73.5,630.0
2012-10-04,19,4,1,533.9999999999999,537.6160072670503,0.35,726.0,OVERSTOCK,0.0,192.0000000000001,0.0,144.00000000000009,144.00000000000009,630.0
2012-10-04,20,4,1,440.9999999999999,371.0675072699749,0.35,501.0,OVERSTOCK,0.0,60.000000000000114,0.0,45.000000000000085,45.000000000000085,630.0
2012-10-04,21,4,1,321.00000000000006,240.1467653993596,0.35,325.0,OVERSTOCK,0.0,3.999999999999943,0.0,2.9999999999999574,2.9999999999999574,630.0
2012-10-04,22,4,1,231.99999999999991,285.2453635996714,0.35,386.0,OVERSTOCK,0.0,154.00000000000009,0.0,115.50000000000006,115.50000000000006,630.0
2012-10-04,23,4,1,155.0,147.9448947687728,0.35,200.0,OVERSTOCK,0.0,45.0,0.0,33.75,33.75,630.0
2012-10-05,0,4,1,102.0,70.30558350497448,0.35,95.0,UNDERSTOCK,7.0,0.0,24.5,0.0,24.5,675.0
2012-10-05,1,4,1,45.99999999999999,42.06601910520655,0.35,57.0,OVERSTOCK,0.0,11.000000000000007,0.0,8.250000000000005,8.250000000000005,675.0
2012-10-05,2,4,1,11.0,15.50318786141939,0.35,21.0,OVERSTOCK,0.0,10.0,0.0,7.5,7.5,675.0
2012-10-05,3,4,1,16.0,7.365316406717122,0.35,10.0,UNDERSTOCK,6.0,0.0,21.0,0.0,21.0,675.0
2012-10-05,4,4,1,11.0,7.771877148086848,0.35,11.0,OK,0.0,0.0,0.0,0.0,0.0,675.0
2012-10-05,5,4,1,41.00000000000001,32.35310323997723,0.35,44.0,OVERSTOCK,0.0,2.999999999999993,0.0,2.2499999999999947,2.2499999999999947,675.0
2012-10-05,6,4,1,137.00000000000006,146.02903856431317,0.35,198.0,OVERSTOCK,0.0,60.99999999999994,0.0,45.74999999999996,45.74999999999996,675.0
2012-10-05,7,4,1,428.0,274.2329650965886,0.35,371.0,UNDERSTOCK,57.0,0.0,199.5,0.0,199.5,675.0
2012-10-05,8,4,1,785.0,382.6480768485688,0.35,517.0,UNDERSTOCK,268.0,0.0,938.0,0.0,938.0,675.0
2012-10-05,9,4,1,384.00000000000017,269.17383054680187,0.35,364.0,UNDERSTOCK,20.00000000000017,0.0,70.0000000000006,0.0,70.0000000000006,675.0
2012-10-05,10,4,1,260.00000000000006,220.4464226375264,0.35,298.0,OVERSTOCK,0.0,37.99999999999994,0.0,28.499999999999957,28.499999999999957,675.0
2012-10-05,11,4,1,304.00000000000006,250.09937934101453,0.35,338.0,OVERSTOCK,0.0,33.99999999999994,0.0,25.499999999999957,25.499999999999957,675.0
2012-10-05,12,4,1,467.9999999999999,318.4120542285778,0.35,430.0,UNDERSTOCK,37.999999999999886,0.0,132.9999999999996,0.0,132.9999999999996,675.0
2012-10-05,13,4,1,424.00000000000017,273.0356013679436,0.35,369.0,UNDERSTOCK,55.00000000000017,0.0,192.5000000000006,0.0,192.5000000000006,675.0
2012-10-05,14,4,1,400.00000000000006,317.1377134935336,0.35,429.0,OVERSTOCK,0.0,28.999999999999943,0.0,21.749999999999957,21.749999999999957,675.0
2012-10-05,15,4,1,470.0,309.3650970308995,0.35,418.0,UNDERSTOCK,52.0,0.0,182.0,0.0,182.0,675.0
2012-10-05,16,4,1,634.0,456.50015641408953,0.35,617.0,UNDERSTOCK,17.0,0.0,59.5,0.0,59.5,675.0
2012-10-05,17,4,1,899.9999999999998,726.3592488131347,0.35,981.0,OVERSTOCK,0.0,81.00000000000023,0.0,60.75000000000017,60.75000000000017,675.0
2012-10-05,18,4,1,761.0000000000002,630.8223788869092,0.35,852.0,OVERSTOCK,0.0,90.99999999999977,0.0,68.24999999999983,68.24999999999983,675.0
2012-10-05,19,4,1,499.9999999999999,448.0778465361844,0.35,605.0,OVERSTOCK,0.0,105.00000000000011,0.0,78.75000000000009,78.75000000000009,675.0
2012-10-05,20,4,1,372.00000000000017,327.4868574277359,0.35,443.0,OVERSTOCK,0.0,70.99999999999983,0.0,53.24999999999987,53.24999999999987,675.0
2012-10-05,21,4,1,266.99999999999994,238.32180956322935,0.35,322.0,OVERSTOCK,0.0,55.00000000000006,0.0,41.25000000000004,41.25000000000004,675.0
2012-10-05,22,4,1,263.99999999999994,213.23107168200625,0.35,288.0,OVERSTOCK,0.0,24.000000000000057,0.0,18.000000000000043,18.000000000000043,675.0
2012-10-05,23,4,1,170.99999999999994,174.72524010525208,0.35,236.0,OVERSTOCK,0.0,65.00000000000006,0.0,48.75000000000004,48.75000000000004,675.0
2012-10-06,0,4,1,191.0,118.01813087266127,0.35,160.0,UNDERSTOCK,31.0,0.0,108.5,0.0,108.5,675.0
2012-10-06,1,4,1,141.00000000000003,84.98471494240609,0.35,115.0,UNDERSTOCK,26.00000000000003,0.0,91.0000000000001,0.0,91.0000000000001,675.0
2012-10-06,2,4,1,75.0,68.47798859537242,0.35,93.0,OVERSTOCK,0.0,18.0,0.0,13.5,13.5,675.0
2012-10-06,3,4,1,56.00000000000001,27.96970980916213,0.35,38.0,UNDERSTOCK,18.000000000000007,0.0,63.00000000000003,0.0,63.00000000000003,675.0
2012-10-06,4,4,1,11.0,9.033490261265388,0.35,13.0,OVERSTOCK,0.0,2.0,0.0,1.5,1.5,675.0
2012-10-06,5,4,1,10.000000000000002,10.077392521251303,0.35,14.0,OVERSTOCK,0.0,3.9999999999999982,0.0,2.9999999999999987,2.9999999999999987,675.0
2012-10-06,6,4,1,30.0,24.70071739535314,0.35,34.0,OVERSTOCK,0.0,4.0,0.0,3.0,3.0,675.0
2012-10-06,7,4,1,84.00000000000001,81.2878810438599,0.35,110.0,OVERSTOCK,0.0,25.999999999999986,0.0,19.49999999999999,19.49999999999999,675.0
2012-10-06,8,4,1,205.99999999999997,187.5903292856732,0.35,254.0,OVERSTOCK,0.0,48.00000000000003,0.0,36.00000000000002,36.00000000000002,675.0
2012-10-06,9,4,1,395.0,273.8014654185615,0.35,370.0,UNDERSTOCK,25.0,0.0,87.5,0.0,87.5,675.0
2012-10-06,10,4,1,539.0000000000002,373.9695109683946,0.35,505.0,UNDERSTOCK,34.00000000000023,0.0,119.0000000000008,0.0,119.0000000000008,675.0
2012-10-06,11,4,1,646.9999999999999,447.4071571948451,0.35,604.0,UNDERSTOCK,42.999999999999886,0.0,150.4999999999996,0.0,150.4999999999996,675.0
2012-10-06,12,4,1,742.9999999999998,527.019192066038,0.35,712.0,UNDERSTOCK,30.999999999999773,0.0,108.4999999999992,0.0,108.4999999999992,675.0
2012-10-06,13,4,2,709.9999999999998,531.9532842768809,0.35,719.0,OVERSTOCK,0.0,9.000000000000227,0.0,6.7500000000001705,6.7500000000001705,675.0
2012-10-06,14,4,2,576.0000000000001,534.1165373972229,0.35,722.0,OVERSTOCK,0.0,145.9999999999999,0.0,109.49999999999991,109.49999999999991,675.0
2012-10-06,15,4,1,620.0,561.595612127988,0.35,759.0,OVERSTOCK,0.0,139.0,0.0,104.25,104.25,675.0
2012-10-06,16,4,1,658.9999999999999,515.734994251377,0.35,697.0,OVERSTOCK,0.0,38.000000000000114,0.0,28.500000000000085,28.500000000000085,675.0
2012-10-06,17,4,1,610.0000000000002,380.0089851476982,0.35,514.0,UNDERSTOCK,96.00000000000023,0.0,336.0000000000008,0.0,336.0000000000008,675.0
2012-10-06,18,4,1,495.00000000000017,337.61871610184903,0.35,456.0,UNDERSTOCK,39.00000000000017,0.0,136.5000000000006,0.0,136.5000000000006,675.0
2012-10-06,19,4,1,340.9999999999999,272.85845594212896,0.35,369.0,OVERSTOCK,0.0,28.000000000000114,0.0,21.000000000000085,21.000000000000085,675.0
2012-10-06,20,4,1,247.00000000000009,225.46908938395356,0.35,305.0,OVERSTOCK,0.0,57.999999999999915,0.0,43.499999999999936,43.499999999999936,675.0
2012-10-06,21,4,1,215.00000000000009,162.00674701855465,0.35,219.0,OVERSTOCK,0.0,3.9999999999999147,0.0,2.999999999999936,2.999999999999936,675.0
2012-10-06,22,4,1,185.00000000000009,153.24661116714128,0.35,207.0,OVERSTOCK,0.0,21.999999999999915,0.0,16.499999999999936,16.499999999999936,675.0
2012-10-06,23,4,1,179.0,129.18845541755778,0.35,175.0,UNDERSTOCK,4.0,0.0,14.0,0.0,14.0,675.0
2012-10-07,0,4,1,126.99999999999996,95.60382034697228,0.35,130.0,OVERSTOCK,0.0,3.0000000000000426,0.0,2.250000000000032,2.250000000000032,315.0
2012-10-07,1,4,1,109.00000000000004,76.55655000090465,0.35,104.0,UNDERSTOCK,5.000000000000043,0.0,17.50000000000015,0.0,17.50000000000015,315.0
2012-10-07,2,4,1,73.99999999999997,61.54632045105785,0.35,84.0,OVERSTOCK,0.0,10.000000000000028,0.0,7.500000000000021,7.500000000000021,315.0
2012-10-07,3,4,2,22.0,37.52153712582105,0.35,51.0,OVERSTOCK,0.0,29.0,0.0,21.75,21.75,315.0
2012-10-07,4,4,2,11.0,8.890420432567192,0.35,13.0,OVERSTOCK,0.0,2.0,0.0,1.5,1.5,315.0
2012-10-07,5,4,2,10.000000000000002,8.941674159787544,0.35,13.0,OVERSTOCK,0.0,2.9999999999999982,0.0,2.2499999999999987,2.2499999999999987,315.0
2012-10-07,6,4,2,23.000000000000004,18.23001510172305,0.35,25.0,OVERSTOCK,0.0,1.9999999999999964,0.0,1.4999999999999973,1.4999999999999973,315.0
2012-10-07,7,4,3,35.0,61.034561822371245,0.35,83.0,OVERSTOCK,0.0,48.0,0.0,36.0,36.0,315.0
2012-10-07,8,4,3,61.99999999999999,68.24413362672011,0.35,93.0,OVERSTOCK,0.0,31.000000000000007,0.0,23.250000000000007,23.250000000000007,315.0
2012-10-07,9,4,3,86.0,105.5079652264014,0.35,143.0,OVERSTOCK,0.0,57.0,0.0,42.75,42.75,315.0
2012-10-07,10,4,2,185.00000000000009,274.20782763035834,0.35,371.0,OVERSTOCK,0.0,185.99999999999991,0.0,139.49999999999994,139.49999999999994,315.0
2012-10-07,11,4,2,335.99999999999994,292.3191137080912,0.35,395.0,OVERSTOCK,0.0,59.00000000000006,0.0,44.25000000000004,44.25000000000004,315.0
2012-10-07,12,4,2,392.0,301.60485622626425,0.35,408.0,OVERSTOCK,0.0,16.0,0.0,12.0,12.0,315.0
2012-10-07,13,4,2,320.0,286.12620008117665,0.35,387.0,OVERSTOCK,0.0,67.0,0.0,50.25,50.25,315.0
2012-10-07,14,4,2,314.0,266.0931182445999,0.35,360.0,OVERSTOCK,0.0,46.0,0.0,34.5,34.5,315.0
2012-10-07,15,4,3,305.9999999999999,82.75958360375411,0.35,112.0,UNDERSTOCK,193.9999999999999,0.0,678.9999999999995,0.0,678.9999999999995,315.0
2012-10-07,16,4,3,333.0000000000001,84.09148342580377,0.35,114.0,UNDERSTOCK,219.0000000000001,0.0,766.5000000000005,0.0,766.5000000000005,315.0
2012-10-07,17,4,3,157.00000000000003,85.06349890508237,0.35,115.0,UNDERSTOCK,42.00000000000003,0.0,147.0000000000001,0.0,147.0000000000001,315.0
2012-10-07,18,4,3,105.99999999999996,93.98636990364508,0.35,127.0,OVERSTOCK,0.0,21.000000000000043,0.0,15.750000000000032,15.750000000000032,315.0
2012-10-07,19,4,2,114.0,150.50445708197788,0.35,204.0,OVERSTOCK,0.0,90.0,0.0,67.5,67.5,315.0
2012-10-07,20,4,1,116.00000000000004,120.31691956935596,0.35,163.0,OVERSTOCK,0.0,46.99999999999996,0.0,35.24999999999997,35.24999999999997,315.0
2012-10-07,21,4,1,113.00000000000004,77.27582151843012,0.35,105.0,UNDERSTOCK,8.000000000000043,0.0,28.00000000000015,0.0,28.00000000000015,315.0
2012-10-07,22,4,1,78.99999999999997,71.0340038003974,0.35,96.0,OVERSTOCK,0.0,17.00000000000003,0.0,12.750000000000021,12.750000000000021,315.0
2012-10-07,23,4,1,80.00000000000003,42.74109044960945,0.35,58.0,UNDERSTOCK,22.00000000000003,0.0,77.0000000000001,0.0,77.0000000000001,315.0
2012-10-08,0,4,1,51.00000000000001,44.790746747860325,0.35,61.0,OVERSTOCK,0.0,9.999999999999993,0.0,7.499999999999995,7.499999999999995,360.0
2012-10-08,1,4,1,36.99999999999999,25.35408959259593,0.35,35.0,UNDERSTOCK,1.999999999999993,0.0,6.999999999999975,0.0,6.999999999999975,360.0
2012-10-08,2,4,1,14.999999999999998,16.271525438683113,0.35,22.0,OVERSTOCK,0.0,7.000000000000002,0.0,5.250000000000002,5.250000000000002,360.0
2012-10-08,3,4,1,10.000000000000002,10.46842611574125,0.35,15.0,OVERSTOCK,0.0,4.999999999999998,0.0,3.7499999999999987,3.7499999999999987,360.0
2012-10-08,4,4,1,6.999999999999998,6.189841880470977,0.35,9.0,OVERSTOCK,0.0,2.0000000000000018,0.0,1.5000000000000013,1.5000000000000013,360.0
2012-10-08,5,4,1,19.0,6.677793318921851,0.35,10.0,UNDERSTOCK,9.0,0.0,31.5,0.0,31.5,360.0
2012-10-08,6,4,1,58.99999999999999,31.78185077154919,0.35,43.0,UNDERSTOCK,15.999999999999993,0.0,55.99999999999997,0.0,55.99999999999997,360.0
2012-10-08,7,4,2,154.00000000000003,49.20040435701368,0.35,67.0,UNDERSTOCK,87.00000000000003,0.0,304.5000000000001,0.0,304.5000000000001,360.0
2012-10-08,8,4,2,397.0,115.93508177524602,0.35,157.0,UNDERSTOCK,240.0,0.0,840.0,0.0,840.0,360.0
2012-10-08,9,4,2,332.0,202.0755100465006,0.35,273.0,UNDERSTOCK,59.0,0.0,206.5,0.0,206.5,360.0
2012-10-08,10,4,2,298.0000000000001,285.8598975157,0.35,386.0,OVERSTOCK,0.0,87.99999999999989,0.0,65.99999999999991,65.99999999999991,360.0
2012-10-08,11,4,2,308.0000000000001,303.6145330646128,0.35,410.0,OVERSTOCK,0.0,101.99999999999989,0.0,76.49999999999991,76.49999999999991,360.0
2012-10-08,12,4,2,340.9999999999999,292.42728839694325,0.35,395.0,OVERSTOCK,0.0,54.000000000000114,0.0,40.500000000000085,40.500000000000085,360.0
2012-10-08,13,4,2,405.0,291.473811256134,0.35,394.0,UNDERSTOCK,11.0,0.0,38.5,0.0,38.5,360.0
2012-10-08,14,4,2,419.9999999999999,307.61671170057633,0.35,416.0,UNDERSTOCK,3.9999999999998863,0.0,13.999999999999602,0.0,13.999999999999602,360.0
2012-10-08,15,4,3,370.0,114.42361333456952,0.35,155.0,UNDERSTOCK,215.0,0.0,752.5,0.0,752.5,360.0
2012-10-08,16,4,3,377.0000000000001,136.9638044028335,0.35,185.0,UNDERSTOCK,192.0000000000001,0.0,672.0000000000005,0.0,672.0000000000005,360.0
2012-10-08,17,4,2,497.0,248.41020903261503,0.35,336.0,UNDERSTOCK,161.0,0.0,563.5,0.0,563.5,360.0
2012-10-08,18,4,2,456.00000000000017,237.6039740111408,0.35,321.0,UNDERSTOCK,135.00000000000017,0.0,472.50000000000057,0.0,472.50000000000057,360.0
2012-10-08,19,4,2,370.9999999999999,190.8499533804655,0.35,258.0,UNDERSTOCK,112.99999999999989,0.0,395.4999999999996,0.0,395.4999999999996,360.0
2012-10-08,20,4,3,227.00000000000009,116.76576167474909,0.35,158.0,UNDERSTOCK,69.00000000000009,0.0,241.50000000000028,0.0,241.50000000000028,360.0
2012-10-08,21,4,2,151.0,108.73553736191866,0.35,147.0,UNDERSTOCK,4.0,0.0,14.0,0.0,14.0,360.0
2012-10-08,22,4,3,107.00000000000004,65.8016540750057,0.35,89.0,UNDERSTOCK,18.000000000000043,0.0,63.00000000000015,0.0,63.00000000000015,360.0
2012-10-08,23,4,2,69.00000000000003,47.71983943135194,0.35,65.0,UNDERSTOCK,4.000000000000028,0.0,14.0000000000001,0.0,14.0000000000001,360.0
2012-10-09,0,4,2,31.0,18.90589948856168,0.35,26.0,UNDERSTOCK,5.0,0.0,17.5,0.0,17.5,540.0
2012-10-09,1,4,3,12.999999999999996,6.463397735155349,0.35,9.0,UNDERSTOCK,3.9999999999999964,0.0,13.999999999999988,0.0,13.999999999999988,540.0
2012-10-09,2,4,3,6.999999999999998,4.071762723194495,0.35,6.0,UNDERSTOCK,0.9999999999999982,0.0,3.499999999999994,0.0,3.499999999999994,540.0
2012-10-09,3,4,3,3.0,4.561578696239102,0.35,7.0,OVERSTOCK,0.0,4.0,0.0,3.0,3.0,540.0
2012-10-09,4,4,3,6.999999999999998,5.701183222248198,0.35,8.0,OVERSTOCK,0.0,1.0000000000000018,0.0,0.7500000000000013,0.7500000000000013,540.0
2012-10-09,5,4,2,19.0,29.601872399478037,0.35,40.0,OVERSTOCK,0.0,21.0,0.0,15.75,15.75,540.0
2012-10-09,6,4,2,143.0,113.0604378951284,0.35,153.0,OVERSTOCK,0.0,10.0,0.0,7.5,7.5,540.0
2012-10-09,7,4,1,361.9999999999999,315.9738774906178,0.35,427.0,OVERSTOCK,0.0,65.00000000000011,0.0,48.750000000000085,48.750000000000085,540.0
2012-10-09,8,4,2,712.9999999999998,432.1454963236524,0.35,584.0,UNDERSTOCK,128.99999999999977,0.0,451.4999999999992,0.0,451.4999999999992,540.0
2012-10-09,9,4,2,381.9999999999999,242.4547564552527,0.35,328.0,UNDERSTOCK,53.999999999999886,0.0,188.9999999999996,0.0,188.9999999999996,540.0
2012-10-09,10,4,2,163.99999999999994,161.28908122319854,0.35,218.0,OVERSTOCK,0.0,54.00000000000006,0.0,40.50000000000004,40.50000000000004,540.0
2012-10-09,11,4,2,193.00000000000003,175.65194661068548,0.35,238.0,OVERSTOCK,0.0,44.99999999999997,0.0,33.74999999999998,33.74999999999998,540.0
2012-10-09,12,4,2,260.00000000000006,186.02912692667775,0.35,252.0,UNDERSTOCK,8.000000000000057,0.0,28.0000000000002,0.0,28.0000000000002,540.0
2012-10-09,13,4,2,238.00000000000009,180.90526653041528,0.35,245.0,OVERSTOCK,0.0,6.999999999999915,0.0,5.249999999999936,5.249999999999936,540.0
2012-10-09,14,4,2,244.0000000000001,182.60319158716456,0.35,247.0,OVERSTOCK,0.0,2.9999999999998863,0.0,2.2499999999999147,2.2499999999999147,540.0
2012-10-09,15,4,2,253.99999999999991,187.80193963358727,0.35,254.0,OVERSTOCK,0.0,8.526512829121202e-14,0.0,6.394884621840902e-14,6.394884621840902e-14,540.0
2012-10-09,16,4,2,424.00000000000017,297.9194914997558,0.35,403.0,UNDERSTOCK,21.00000000000017,0.0,73.5000000000006,0.0,73.5000000000006,540.0
2012-10-09,17,4,2,806.0000000000002,612.8488714036409,0.35,828.0,OVERSTOCK,0.0,21.999999999999773,0.0,16.49999999999983,16.49999999999983,540.0
2012-10-09,18,4,2,783.9999999999998,585.2311903872684,0.35,791.0,OVERSTOCK,0.0,7.000000000000227,0.0,5.2500000000001705,5.2500000000001705,540.0
2012-10-09,19,4,2,514.0000000000001,393.3795260244154,0.35,532.0,OVERSTOCK,0.0,17.999999999999886,0.0,13.499999999999915,13.499999999999915,540.0
2012-10-09,20,4,2,359.99999999999983,288.8095511659941,0.35,390.0,OVERSTOCK,0.0,30.00000000000017,0.0,22.500000000000128,22.500000000000128,540.0
2012-10-09,21,4,2,225.00000000000009,199.03820129748743,0.35,269.0,OVERSTOCK,0.0,43.999999999999915,0.0,32.999999999999936,32.999999999999936,540.0
2012-10-09,22,4,2,162.0,130.06686976114008,0.35,176.0,OVERSTOCK,0.0,14.0,0.0,10.5,10.5,540.0
2012-10-09,23,4,2,84.00000000000001,79.5436518340965,0.35,108.0,OVERSTOCK,0.0,23.999999999999986,0.0,17.99999999999999,17.99999999999999,540.0
2012-10-10,0,4,2,33.00000000000001,27.539312804810844,0.35,38.0,OVERSTOCK,0.0,4.999999999999993,0.0,3.7499999999999947,3.7499999999999947,585.0
2012-10-10,1,4,2,8.000000000000002,13.25964653728034,0.35,18.0,OVERSTOCK,0.0,9.999999999999998,0.0,7.499999999999998,7.499999999999998,585.0
2012-10-10,2,4,2,8.000000000000002,5.81702465759496,0.35,8.0,UNDERSTOCK,1.7763568394002505e-15,0.0,6.217248937900877e-15,0.0,6.217248937900877e-15,585.0
2012-10-10,3,4,2,5.999999999999999,3.885096544117239,0.35,6.0,OVERSTOCK,0.0,8.881784197001252e-16,0.0,6.661338147750939e-16,6.661338147750939e-16,585.0
2012-10-10,4,4,2,5.999999999999999,4.367574264376035,0.35,6.0,OVERSTOCK,0.0,8.881784197001252e-16,0.0,6.661338147750939e-16,6.661338147750939e-16,585.0
2012-10-10,5,4,2,40.00000000000001,32.26936567290024,0.35,44.0,OVERSTOCK,0.0,3.999999999999993,0.0,2.9999999999999947,2.9999999999999947,585.0
2012-10-10,6,4,2,174.99999999999991,151.04242196457562,0.35,204.0,OVERSTOCK,0.0,29.000000000000085,0.0,21.750000000000064,21.750000000000064,585.0
2012-10-10,7,4,1,507.00000000000006,294.0921562260027,0.35,398.0,UNDERSTOCK,109.00000000000006,0.0,381.5000000000002,0.0,381.5000000000002,585.0
2012-10-10,8,4,1,839.0,430.0513982476119,0.35,581.0,UNDERSTOCK,258.0,0.0,903.0,0.0,903.0,585.0
2012-10-10,9,4,1,366.0000000000001,260.6811602450531,0.35,352.0,UNDERSTOCK,14.000000000000114,0.0,49.0000000000004,0.0,49.0000000000004,585.0
2012-10-10,10,4,1,217.0,195.6816117393302,0.35,265.0,OVERSTOCK,0.0,48.0,0.0,36.0,36.0,585.0
2012-10-10,11,4,1,291.0,218.7502646059852,0.35,296.0,OVERSTOCK,0.0,5.0,0.0,3.75,3.75,585.0
2012-10-10,12,4,1,390.0,234.5152356997105,0.35,317.0,UNDERSTOCK,73.0,0.0,255.5,0.0,255.5,585.0
2012-10-10,13,4,1,297.00000000000006,191.4867945655609,0.35,259.0,UNDERSTOCK,38.00000000000006,0.0,133.0000000000002,0.0,133.0000000000002,585.0
2012-10-10,14,4,1,271.0000000000001,240.84140601817936,0.35,326.0,OVERSTOCK,0.0,54.999999999999886,0.0,41.249999999999915,41.249999999999915,585.0
2012-10-10,15,4,1,318.99999999999994,256.16392296127805,0.35,346.0,OVERSTOCK,0.0,27.000000000000057,0.0,20.250000000000043,20.250000000000043,585.0
2012-10-10,16,4,1,565.9999999999998,386.26789329945,0.35,522.0,UNDERSTOCK,43.99999999999977,0.0,153.9999999999992,0.0,153.9999999999992,585.0
2012-10-10,17,4,1,948.0000000000002,642.885102492449,0.35,868.0,UNDERSTOCK,80.00000000000023,0.0,280.0000000000008,0.0,280.0000000000008,585.0
2012-10-10,18,4,2,844.0000000000001,642.3316295122909,0.35,868.0,OVERSTOCK,0.0,23.999999999999886,0.0,17.999999999999915,17.999999999999915,585.0
2012-10-10,19,4,2,565.9999999999998,451.4329563023919,0.35,610.0,OVERSTOCK,0.0,44.00000000000023,0.0,33.00000000000017,33.00000000000017,585.0
2012-10-10,20,4,1,392.0,319.5280130914113,0.35,432.0,OVERSTOCK,0.0,40.0,0.0,30.0,30.0,585.0
2012-10-10,21,4,1,269.00000000000006,223.39050725314328,0.35,302.0,OVERSTOCK,0.0,32.99999999999994,0.0,24.749999999999957,24.749999999999957,585.0
2012-10-10,22,4,1,197.0,157.7818105664614,0.35,214.0,OVERSTOCK,0.0,17.0,0.0,12.75,12.75,585.0
2012-10-10,23,4,1,136.00000000000003,79.08621182221742,0.35,107.0,UNDERSTOCK,29.00000000000003,0.0,101.5000000000001,0.0,101.5000000000001,585.0
2012-10-11,0,4,1,42.0,38.82299163680276,0.35,53.0,OVERSTOCK,0.0,11.0,0.0,8.25,8.25,585.0
2012-10-11,1,4,1,11.0,14.280794423033534,0.35,20.0,OVERSTOCK,0.0,9.0,0.0,6.75,6.75,585.0
2012-10-11,2,4,1,11.0,6.964798579176771,0.35,10.0,UNDERSTOCK,1.0,0.0,3.5,0.0,3.5,585.0
2012-10-11,3,4,1,3.0,4.583144672091788,0.35,7.0,OVERSTOCK,0.0,4.0,0.0,3.0,3.0,585.0
2012-10-11,4,4,1,10.000000000000002,4.643572719168361,0.35,7.0,UNDERSTOCK,3.0000000000000018,0.0,10.500000000000007,0.0,10.500000000000007,585.0
2012-10-11,5,4,1,42.0,29.116060019733474,0.35,40.0,UNDERSTOCK,2.0,0.0,7.0,0.0,7.0,585.0
2012-10-11,6,4,1,158.99999999999994,123.0595945113474,0.35,167.0,OVERSTOCK,0.0,8.000000000000057,0.0,6.000000000000043,6.000000000000043,585.0
2012-10-11,7,4,1,477.99999999999983,320.3918963925295,0.35,433.0,UNDERSTOCK,44.99999999999983,0.0,157.4999999999994,0.0,157.4999999999994,585.0
2012-10-11,8,4,1,798.0,587.5845513393931,0.35,794.0,UNDERSTOCK,4.0,0.0,14.0,0.0,14.0,585.0
2012-10-11,9,4,1,355.0,288.2194426105977,0.35,390.0,OVERSTOCK,0.0,35.0,0.0,26.25,26.25,585.0
2012-10-11,10,4,1,204.00000000000009,180.5235436538528,0.35,244.0,OVERSTOCK,0.0,39.999999999999915,0.0,29.999999999999936,29.999999999999936,585.0
2012-10-11,11,4,1,251.00000000000003,177.56216133524495,0.35,240.0,UNDERSTOCK,11.000000000000028,0.0,38.5000000000001,0.0,38.5000000000001,585.0
2012-10-11,12,4,1,326.0,190.3194974545652,0.35,257.0,UNDERSTOCK,69.0,0.0,241.5,0.0,241.5,585.0
2012-10-11,13,4,1,291.0,193.55452705982736,0.35,262.0,UNDERSTOCK,29.0,0.0,101.5,0.0,101.5,585.0
2012-10-11,14,4,1,347.99999999999994,190.74771691306236,0.35,258.0,UNDERSTOCK,89.99999999999994,0.0,314.9999999999998,0.0,314.9999999999998,585.0
2012-10-11,15,4,1,460.00000000000006,240.40396506508705,0.35,325.0,UNDERSTOCK,135.00000000000006,0.0,472.5000000000002,0.0,472.5000000000002,585.0
2012-10-11,16,4,1,481.0,343.46245007118705,0.35,464.0,UNDERSTOCK,17.0,0.0,59.5,0.0,59.5,585.0
2012-10-11,17,4,1,826.9999999999999,631.21121577901,0.35,853.0,OVERSTOCK,0.0,26.000000000000114,0.0,19.500000000000085,19.500000000000085,585.0
2012-10-11,18,4,1,692.0,605.2163656211391,0.35,818.0,OVERSTOCK,0.0,126.0,0.0,94.5,94.5,585.0
2012-10-11,19,4,1,742.9999999999998,402.83037406800105,0.35,544.0,UNDERSTOCK,198.99999999999977,0.0,696.4999999999992,0.0,696.4999999999992,585.0
2012-10-11,20,4,1,415.0,249.39084980828375,0.35,337.0,UNDERSTOCK,78.0,0.0,273.0,0.0,273.0,585.0
2012-10-11,21,4,1,260.00000000000006,195.44252411546185,0.35,264.0,OVERSTOCK,0.0,3.999999999999943,0.0,2.9999999999999574,2.9999999999999574,585.0
2012-10-11,22,4,1,176.99999999999997,145.72902941268842,0.35,197.0,OVERSTOCK,0.0,20.00000000000003,0.0,15.000000000000021,15.000000000000021,585.0
2012-10-11,23,4,1,186.00000000000003,106.6477111996327,0.35,144.0,UNDERSTOCK,42.00000000000003,0.0,147.0000000000001,0.0,147.0000000000001,585.0
2012-10-12,0,4,1,68.00000000000001,51.4389804297029,0.35,70.0,OVERSTOCK,0.0,1.9999999999999858,0.0,1.4999999999999893,1.4999999999999893,585.0
2012-10-12,1,4,1,36.99999999999999,31.745626318201246,0.35,43.0,OVERSTOCK,0.0,6.000000000000007,0.0,4.500000000000005,4.500000000000005,585.0
2012-10-12,2,4,1,16.0,12.907241045292048,0.35,18.0,OVERSTOCK,0.0,2.0,0.0,1.5,1.5,585.0
2012-10-12,3,4,1,5.999999999999999,7.057902223551831,0.35,10.0,OVERSTOCK,0.0,4.000000000000001,0.0,3.000000000000001,3.000000000000001,585.0
2012-10-12,4,4,1,8.000000000000002,5.668063409601143,0.35,8.0,UNDERSTOCK,1.7763568394002505e-15,0.0,6.217248937900877e-15,0.0,6.217248937900877e-15,585.0
2012-10-12,5,4,1,35.0,30.27056611536946,0.35,41.0,OVERSTOCK,0.0,6.0,0.0,4.5,4.5,585.0
2012-10-12,6,4,1,143.0,97.07173536371272,0.35,132.0,UNDERSTOCK,11.0,0.0,38.5,0.0,38.5,585.0
2012-10-12,7,4,1,392.0,316.81611370196407,0.35,428.0,OVERSTOCK,0.0,36.0,0.0,27.0,27.0,585.0
2012-10-12,8,4,1,744.9999999999997,439.9115420026555,0.35,594.0,UNDERSTOCK,150.99999999999966,0.0,528.4999999999989,0.0,528.4999999999989,585.0
2012-10-12,9,4,1,400.00000000000006,265.504416592856,0.35,359.0,UNDERSTOCK,41.00000000000006,0.0,143.5000000000002,0.0,143.5000000000002,585.0
2012-10-12,10,4,1,274.9999999999999,206.0512960027941,0.35,279.0,OVERSTOCK,0.0,4.000000000000114,0.0,3.0000000000000853,3.0000000000000853,585.0
2012-10-12,11,4,1,312.99999999999994,222.42190327531256,0.35,301.0,UNDERSTOCK,11.999999999999943,0.0,41.9999999999998,0.0,41.9999999999998,585.0
2012-10-12,12,4,1,387.00000000000006,259.5375107164048,0.35,351.0,UNDERSTOCK,36.00000000000006,0.0,126.0000000000002,0.0,126.0000000000002,585.0
2012-10-12,13,4,1,381.00000000000006,257.391215648794,0.35,348.0,UNDERSTOCK,33.00000000000006,0.0,115.5000000000002,0.0,115.5000000000002,585.0
2012-10-12,14,4,1,370.9999999999999,253.9553360939891,0.35,343.0,UNDERSTOCK,27.999999999999886,0.0,97.9999999999996,0.0,97.9999999999996,585.0
2012-10-12,15,4,1,455.00000000000017,252.13380075519504,0.35,341.0,UNDERSTOCK,114.00000000000017,0.0,399.00000000000057,0.0,399.00000000000057,585.0
2012-10-12,16,4,1,520.0,305.1479431230983,0.35,412.0,UNDERSTOCK,108.0,0.0,378.0,0.0,378.0,585.0
2012-10-12,17,4,1,836.9999999999998,578.7741701076674,0.35,782.0,UNDERSTOCK,54.99999999999977,0.0,192.4999999999992,0.0,192.4999999999992,585.0
2012-10-12,18,4,1,641.9999999999998,558.0845904673693,0.35,754.0,OVERSTOCK,0.0,112.00000000000023,0.0,84.00000000000017,84.00000000000017,585.0
2012-10-12,19,4,1,493.00000000000017,371.6230905079774,0.35,502.0,OVERSTOCK,0.0,8.99999999999983,0.0,6.749999999999872,6.749999999999872,585.0
2012-10-12,20,4,1,308.0000000000001,223.10082504729837,0.35,302.0,UNDERSTOCK,6.000000000000114,0.0,21.000000000000398,0.0,21.000000000000398,585.0
2012-10-12,21,4,1,190.0,181.61416956232785,0.35,246.0,OVERSTOCK,0.0,56.0,0.0,42.0,42.0,585.0
2012-10-12,22,4,1,160.00000000000003,141.58116395835452,0.35,192.0,OVERSTOCK,0.0,31.99999999999997,0.0,23.99999999999998,23.99999999999998,585.0
2012-10-12,23,4,1,100.00000000000004,85.15169712214217,0.35,115.0,OVERSTOCK,0.0,14.999999999999957,0.0,11.249999999999968,11.249999999999968,585.0
2012-10-13,0,4,1,248.9999999999999,66.0881132163736,0.35,90.0,UNDERSTOCK,158.9999999999999,0.0,556.4999999999995,0.0,556.4999999999995,540.0
2012-10-13,1,4,1,145.99999999999997,57.79904412496173,0.35,79.0,UNDERSTOCK,66.99999999999997,0.0,234.4999999999999,0.0,234.4999999999999,540.0
2012-10-13,2,4,1,67.00000000000001,42.94147964935697,0.35,58.0,UNDERSTOCK,9.000000000000014,0.0,31.50000000000005,0.0,31.50000000000005,540.0
2012-10-13,3,4,1,14.999999999999998,16.657436558883628,0.35,23.0,OVERSTOCK,0.0,8.000000000000002,0.0,6.000000000000002,6.000000000000002,540.0
2012-10-13,4,4,1,11.0,5.704210715356521,0.35,8.0,UNDERSTOCK,3.0,0.0,10.5,0.0,10.5,540.0
2012-10-13,5,4,1,11.0,5.427262113909062,0.35,8.0,UNDERSTOCK,3.0,0.0,10.5,0.0,10.5,540.0
2012-10-13,6,4,1,28.000000000000004,23.379412622569067,0.35,32.0,OVERSTOCK,0.0,3.9999999999999964,0.0,2.9999999999999973,2.9999999999999973,540.0
2012-10-13,7,4,1,70.0,41.820248289044834,0.35,57.0,UNDERSTOCK,13.0,0.0,45.5,0.0,45.5,540.0
2012-10-13,8,4,1,174.00000000000009,127.42965994630396,0.35,173.0,UNDERSTOCK,1.0000000000000853,0.0,3.5000000000002984,0.0,3.5000000000002984,540.0
2012-10-13,9,4,1,266.00000000000006,214.26843333132211,0.35,290.0,OVERSTOCK,0.0,23.999999999999943,0.0,17.999999999999957,17.999999999999957,540.0
2012-10-13,10,4,1,347.00000000000006,308.04831573775493,0.35,416.0,OVERSTOCK,0.0,68.99999999999994,0.0,51.74999999999996,51.74999999999996,540.0
2012-10-13,11,4,1,527.0,399.8495478652312,0.35,540.0,OVERSTOCK,0.0,13.0,0.0,9.75,9.75,540.0
2012-10-13,12,4,1,573.0000000000002,379.98406735407787,0.35,513.0,UNDERSTOCK,60.00000000000023,0.0,210.0000000000008,0.0,210.0000000000008,540.0
2012-10-13,13,4,1,670.0000000000001,416.3729205561392,0.35,563.0,UNDERSTOCK,107.00000000000011,0.0,374.5000000000004,0.0,374.5000000000004,540.0
2012-10-13,14,4,1,596.9999999999998,439.21244010004585,0.35,593.0,UNDERSTOCK,3.9999999999997726,0.0,13.999999999999204,0.0,13.999999999999204,540.0
2012-10-13,15,4,1,614.9999999999998,448.5710444987788,0.35,606.0,UNDERSTOCK,8.999999999999773,0.0,31.499999999999204,0.0,31.499999999999204,540.0
2012-10-13,16,4,1,636.9999999999999,435.89446778829375,0.35,589.0,UNDERSTOCK,47.999999999999886,0.0,167.9999999999996,0.0,167.9999999999996,540.0
2012-10-13,17,4,1,528.0,309.356143840936,0.35,418.0,UNDERSTOCK,110.0,0.0,385.0,0.0,385.0,540.0
2012-10-13,18,4,1,473.00000000000017,284.9409718242923,0.35,385.0,UNDERSTOCK,88.00000000000017,0.0,308.00000000000057,0.0,308.00000000000057,540.0
2012-10-13,19,4,1,332.0,240.3640387465484,0.35,325.0,UNDERSTOCK,7.0,0.0,24.5,0.0,24.5,540.0
2012-10-13,20,4,1,254.99999999999997,125.81650130965046,0.35,170.0,UNDERSTOCK,84.99999999999997,0.0,297.4999999999999,0.0,297.4999999999999,540.0
2012-10-13,21,4,1,204.00000000000009,137.0753457696055,0.35,186.0,UNDERSTOCK,18.000000000000085,0.0,63.0000000000003,0.0,63.0000000000003,540.0
2012-10-13,22,4,1,189.0,130.23256655802595,0.35,176.0,UNDERSTOCK,13.0,0.0,45.5,0.0,45.5,540.0
2012-10-13,23,4,1,125.0,99.22121980579402,0.35,134.0,OVERSTOCK,0.0,9.0,0.0,6.75,6.75,540.0
2012-10-14,0,4,1,110.99999999999996,88.53305148177323,0.35,120.0,OVERSTOCK,0.0,9.000000000000043,0.0,6.750000000000032,6.750000000000032,630.0
2012-10-14,1,4,1,112.00000000000004,69.84233488502193,0.35,95.0,UNDERSTOCK,17.000000000000043,0.0,59.50000000000015,0.0,59.50000000000015,630.0
2012-10-14,2,4,1,65.99999999999997,52.8440369227006,0.35,72.0,OVERSTOCK,0.0,6.000000000000028,0.0,4.500000000000021,4.500000000000021,630.0
2012-10-14,3,4,1,28.000000000000004,28.984093781588943,0.35,40.0,OVERSTOCK,0.0,11.999999999999996,0.0,8.999999999999996,8.999999999999996,630.0
2012-10-14,4,4,1,12.0,8.242806291810998,0.35,12.0,OK,0.0,0.0,0.0,0.0,0.0,630.0
2012-10-14,5,4,1,11.0,7.86501782805809,0.35,11.0,OK,0.0,0.0,0.0,0.0,0.0,630.0
2012-10-14,6,4,1,24.0,16.986452595615635,0.35,23.0,UNDERSTOCK,1.0,0.0,3.5,0.0,3.5,630.0
2012-10-14,7,4,1,51.00000000000001,63.6191843532112,0.35,86.0,OVERSTOCK,0.0,34.99999999999999,0.0,26.249999999999993,26.249999999999993,630.0
2012-10-14,8,4,1,132.0,129.9758023411276,0.35,176.0,OVERSTOCK,0.0,44.0,0.0,33.0,33.0,630.0
2012-10-14,9,4,2,222.99999999999997,176.95586331314703,0.35,239.0,OVERSTOCK,0.0,16.00000000000003,0.0,12.000000000000021,12.000000000000021,630.0
2012-10-14,10,4,1,428.0,322.7735594742161,0.35,436.0,OVERSTOCK,0.0,8.0,0.0,6.0,6.0,630.0
2012-10-14,11,4,1,494.0,361.86306278916055,0.35,489.0,UNDERSTOCK,5.0,0.0,17.5,0.0,17.5,630.0
2012-10-14,12,4,1,562.0000000000001,500.67668143006864,0.35,676.0,OVERSTOCK,0.0,113.99999999999989,0.0,85.49999999999991,85.49999999999991,630.0
2012-10-14,13,4,1,619.0000000000002,514.7099502224183,0.35,695.0,OVERSTOCK,0.0,75.99999999999977,0.0,56.99999999999983,56.99999999999983,630.0
2012-10-14,14,4,1,616.9999999999998,511.5336561954394,0.35,691.0,OVERSTOCK,0.0,74.00000000000023,0.0,55.50000000000017,55.50000000000017,630.0
2012-10-14,15,4,1,568.0,495.39947950423306,0.35,669.0,OVERSTOCK,0.0,101.0,0.0,75.75,75.75,630.0
2012-10-14,16,4,1,581.0000000000002,526.841586092272,0.35,712.0,OVERSTOCK,0.0,130.99999999999977,0.0,98.24999999999983,98.24999999999983,630.0
2012-10-14,17,4,1,539.0000000000002,434.51298231276735,0.35,587.0,OVERSTOCK,0.0,47.99999999999977,0.0,35.99999999999983,35.99999999999983,630.0
2012-10-14,18,4,1,453.00000000000017,334.63656846319145,0.35,452.0,UNDERSTOCK,1.0000000000001705,0.0,3.500000000000597,0.0,3.500000000000597,630.0
2012-10-14,19,4,1,335.99999999999994,292.8165841500441,0.35,396.0,OVERSTOCK,0.0,60.00000000000006,0.0,45.00000000000004,45.00000000000004,630.0
2012-10-14,20,4,1,246.00000000000009,236.7954179932661,0.35,320.0,OVERSTOCK,0.0,73.99999999999991,0.0,55.499999999999936,55.499999999999936,630.0
2012-10-14,21,4,1,196.0,184.46565634014496,0.35,250.0,OVERSTOCK,0.0,54.0,0.0,40.5,40.5,630.0
2012-10-14,22,4,1,125.0,137.46077893209596,0.35,186.0,OVERSTOCK,0.0,61.0,0.0,45.75,45.75,630.0
2012-10-14,23,4,2,104.99999999999996,73.9536074531575,0.35,100.0,UNDERSTOCK,4.999999999999957,0.0,17.49999999999985,0.0,17.49999999999985,630.0
2012-10-15,0,4,2,47.99999999999999,30.62062716738824,0.35,42.0,UNDERSTOCK,5.999999999999993,0.0,20.999999999999975,0.0,20.999999999999975,495.0
2012-10-15,1,4,2,29.000000000000004,14.095750269608622,0.35,20.0,UNDERSTOCK,9.000000000000004,0.0,31.500000000000014,0.0,31.500000000000014,495.0
2012-10-15,2,4,2,5.999999999999999,8.083311037025828,0.35,11.0,OVERSTOCK,0.0,5.000000000000001,0.0,3.750000000000001,3.750000000000001,495.0
2012-10-15,3,4,2,4.0,3.968827554840527,0.35,6.0,OVERSTOCK,0.0,2.0,0.0,1.5,1.5,495.0
2012-10-15,4,4,2,10.000000000000002,5.656183693353746,0.35,8.0,UNDERSTOCK,2.0000000000000018,0.0,7.000000000000006,0.0,7.000000000000006,495.0
2012-10-15,5,4,2,40.00000000000001,27.6886514017927,0.35,38.0,UNDERSTOCK,2.000000000000007,0.0,7.000000000000025,0.0,7.000000000000025,495.0
2012-10-15,6,4,2,146.99999999999994,145.737637281131,0.35,197.0,OVERSTOCK,0.0,50.00000000000006,0.0,37.50000000000004,37.50000000000004,495.0
2012-10-15,7,4,2,476.00000000000017,292.1298477805696,0.35,395.0,UNDERSTOCK,81.00000000000017,0.0,283.50000000000057,0.0,283.50000000000057,495.0
2012-10-15,8,4,2,737.0,453.3145094543066,0.35,612.0,UNDERSTOCK,125.0,0.0,437.5,0.0,437.5,495.0
2012-10-15,9,4,3,359.00000000000006,178.03999341165303,0.35,241.0,UNDERSTOCK,118.00000000000006,0.0,413.0000000000002,0.0,413.0000000000002,495.0
2012-10-15,10,4,2,168.0,175.97925866414676,0.35,238.0,OVERSTOCK,0.0,70.0,0.0,52.5,52.5,495.0
2012-10-15,11,4,2,262.99999999999994,184.9200819303699,0.35,250.0,UNDERSTOCK,12.999999999999943,0.0,45.4999999999998,0.0,45.4999999999998,495.0
2012-10-15,12,4,3,284.00000000000006,147.67934959208563,0.35,200.0,UNDERSTOCK,84.00000000000006,0.0,294.0000000000002,0.0,294.0000000000002,495.0
2012-10-15,13,4,2,145.99999999999997,182.106207301858,0.35,246.0,OVERSTOCK,0.0,100.00000000000003,0.0,75.00000000000003,75.00000000000003,495.0
2012-10-15,14,4,2,185.00000000000009,177.24887421239944,0.35,240.0,OVERSTOCK,0.0,54.999999999999915,0.0,41.249999999999936,41.249999999999936,495.0
2012-10-15,15,4,1,260.00000000000006,202.97691677501865,0.35,275.0,OVERSTOCK,0.0,14.999999999999943,0.0,11.249999999999957,11.249999999999957,495.0
2012-10-15,16,4,1,446.9999999999999,309.8678774236454,0.35,419.0,UNDERSTOCK,27.999999999999886,0.0,97.9999999999996,0.0,97.9999999999996,495.0
2012-10-15,17,4,1,765.9999999999999,645.3137144041895,0.35,872.0,OVERSTOCK,0.0,106.00000000000011,0.0,79.50000000000009,79.50000000000009,495.0
2012-10-15,18,4,3,592.0000000000002,399.5641546556857,0.35,540.0,UNDERSTOCK,52.00000000000023,0.0,182.0000000000008,0.0,182.0000000000008,495.0
2012-10-15,19,4,3,239.0,247.71599735672845,0.35,335.0,OVERSTOCK,0.0,96.0,0.0,72.0,72.0,495.0
2012-10-15,20,4,2,256.00000000000006,302.2140294960861,0.35,408.0,OVERSTOCK,0.0,151.99999999999994,0.0,113.99999999999996,113.99999999999996,495.0
2012-10-15,21,4,1,205.99999999999997,221.7214456110415,0.35,300.0,OVERSTOCK,0.0,94.00000000000003,0.0,70.50000000000003,70.50000000000003,495.0
2012-10-15,22,4,1,126.0,116.30274055420055,0.35,158.0,OVERSTOCK,0.0,32.0,0.0,24.0,24.0,495.0
2012-10-15,23,4,1,81.00000000000001,68.9547004095526,0.35,94.0,OVERSTOCK,0.0,12.999999999999986,0.0,9.74999999999999,9.74999999999999,495.0
2012-10-16,0,4,1,47.99999999999999,31.737746709353075,0.35,43.0,UNDERSTOCK,4.999999999999993,0.0,17.499999999999975,0.0,17.499999999999975,540.0
2012-10-16,1,4,1,12.999999999999996,12.832742576496331,0.35,18.0,OVERSTOCK,0.0,5.0000000000000036,0.0,3.7500000000000027,3.7500000000000027,540.0
2012-10-16,2,4,1,3.0,5.692806295808931,0.35,8.0,OVERSTOCK,0.0,5.0,0.0,3.75,3.75,540.0
2012-10-16,3,4,1,2.0000000000000004,4.243595700518019,0.35,6.0,OVERSTOCK,0.0,3.9999999999999996,0.0,2.9999999999999996,2.9999999999999996,540.0
2012-10-16,4,4,1,6.999999999999998,4.296398453409714,0.35,6.0,UNDERSTOCK,0.9999999999999982,0.0,3.499999999999994,0.0,3.499999999999994,540.0
2012-10-16,5,4,1,52.00000000000001,30.043803349958885,0.35,41.0,UNDERSTOCK,11.000000000000007,0.0,38.50000000000003,0.0,38.50000000000003,540.0
2012-10-16,6,4,1,172.00000000000006,153.74892934928334,0.35,208.0,OVERSTOCK,0.0,35.99999999999994,0.0,26.999999999999957,26.999999999999957,540.0
2012-10-16,7,4,1,525.0000000000001,284.83882849376687,0.35,385.0,UNDERSTOCK,140.0000000000001,0.0,490.0000000000004,0.0,490.0000000000004,540.0
2012-10-16,8,4,1,835.0000000000001,370.9055095244288,0.35,501.0,UNDERSTOCK,334.0000000000001,0.0,1169.0000000000005,0.0,1169.0000000000005,540.0
2012-10-16,9,4,1,355.0,257.2279303492173,0.35,348.0,UNDERSTOCK,7.0,0.0,24.5,0.0,24.5,540.0
2012-10-16,10,4,1,222.00000000000003,181.97538358447403,0.35,246.0,OVERSTOCK,0.0,23.99999999999997,0.0,17.99999999999998,17.99999999999998,540.0
2012-10-16,11,4,1,228.00000000000009,205.0090234283943,0.35,277.0,OVERSTOCK,0.0,48.999999999999915,0.0,36.749999999999936,36.749999999999936,540.0
2012-10-16,12,4,2,325.0,204.82567390542224,0.35,277.0,UNDERSTOCK,48.0,0.0,168.0,0.0,168.0,540.0
2012-10-16,13,4,1,328.0,224.7635424829224,0.35,304.0,UNDERSTOCK,24.0,0.0,84.0,0.0,84.0,540.0
2012-10-16,14,4,1,308.0000000000001,210.5474119390134,0.35,285.0,UNDERSTOCK,23.000000000000114,0.0,80.5000000000004,0.0,80.5000000000004,540.0
2012-10-16,15,4,1,346.00000000000006,216.00566613373368,0.35,292.0,UNDERSTOCK,54.00000000000006,0.0,189.0000000000002,0.0,189.0000000000002,540.0
2012-10-16,16,4,1,446.00000000000017,335.39672765704046,0.35,453.0,OVERSTOCK,0.0,6.9999999999998295,0.0,5.249999999999872,5.249999999999872,540.0
2012-10-16,17,4,1,942.9999999999998,649.4655532593724,0.35,877.0,UNDERSTOCK,65.99999999999977,0.0,230.9999999999992,0.0,230.9999999999992,540.0
2012-10-16,18,4,1,837.9999999999998,625.6729446814395,0.35,845.0,OVERSTOCK,0.0,7.000000000000227,0.0,5.2500000000001705,5.2500000000001705,540.0
2012-10-16,19,4,1,531.0000000000001,424.1315113161387,0.35,573.0,OVERSTOCK,0.0,41.999999999999886,0.0,31.499999999999915,31.499999999999915,540.0
2012-10-16,20,4,1,432.0,260.48805572581506,0.35,352.0,UNDERSTOCK,80.0,0.0,280.0,0.0,280.0,540.0
2012-10-16,21,4,1,194.99999999999991,176.96526957619088,0.35,239.0,OVERSTOCK,0.0,44.000000000000085,0.0,33.000000000000064,33.000000000000064,540.0
2012-10-16,22,4,1,181.0,135.14930423836142,0.35,183.0,OVERSTOCK,0.0,2.0,0.0,1.5,1.5,540.0
2012-10-16,23,4,1,198.99999999999991,62.09756873654391,0.35,84.0,UNDERSTOCK,114.99999999999991,0.0,402.4999999999997,0.0,402.4999999999997,540.0
2012-10-17,0,4,1,48.99999999999999,21.624422381982647,0.35,30.0,UNDERSTOCK,18.999999999999993,0.0,66.49999999999997,0.0,66.49999999999997,585.0
2012-10-17,1,4,1,16.999999999999996,8.793504477350229,0.35,12.0,UNDERSTOCK,4.9999999999999964,0.0,17.499999999999986,0.0,17.499999999999986,585.0
2012-10-17,2,4,1,16.0,4.530330756648214,0.35,7.0,UNDERSTOCK,9.0,0.0,31.5,0.0,31.5,585.0
2012-10-17,3,4,1,6.999999999999998,5.221032766834384,0.35,8.0,OVERSTOCK,0.0,1.0000000000000018,0.0,0.7500000000000013,0.7500000000000013,585.0
2012-10-17,4,4,1,4.0,5.442411960401517,0.35,8.0,OVERSTOCK,0.0,4.0,0.0,3.0,3.0,585.0
2012-10-17,5,4,2,41.00000000000001,30.54559222011291,0.35,42.0,OVERSTOCK,0.0,0.9999999999999929,0.0,0.7499999999999947,0.7499999999999947,585.0
2012-10-17,6,4,1,178.0,121.04750794349292,0.35,164.0,UNDERSTOCK,14.0,0.0,49.0,0.0,49.0,585.0
2012-10-17,7,4,1,463.99999999999983,331.3635289333132,0.35,448.0,UNDERSTOCK,15.99999999999983,0.0,55.9999999999994,0.0,55.9999999999994,585.0
2012-10-17,8,4,2,816.9999999999997,531.5688499511436,0.35,718.0,UNDERSTOCK,98.99999999999966,0.0,346.4999999999988,0.0,346.4999999999988,585.0
2012-10-17,9,4,2,381.9999999999999,248.30928307188276,0.35,336.0,UNDERSTOCK,45.999999999999886,0.0,160.9999999999996,0.0,160.9999999999996,585.0
2012-10-17,10,4,2,228.00000000000009,138.1368401051253,0.35,187.0,UNDERSTOCK,41.000000000000085,0.0,143.50000000000028,0.0,143.50000000000028,585.0
2012-10-17,11,4,2,234.0,175.33619309956208,0.35,237.0,OVERSTOCK,0.0,3.0,0.0,2.25,2.25,585.0
2012-10-17,12,4,2,332.0,212.99469459058147,0.35,288.0,UNDERSTOCK,44.0,0.0,154.0,0.0,154.0,585.0
2012-10-17,13,4,2,309.99999999999994,206.94671184189863,0.35,280.0,UNDERSTOCK,29.999999999999943,0.0,104.9999999999998,0.0,104.9999999999998,585.0
2012-10-17,14,4,2,270.00000000000006,213.82668447741815,0.35,289.0,OVERSTOCK,0.0,18.999999999999943,0.0,14.249999999999957,14.249999999999957,585.0
2012-10-17,15,4,2,301.0,217.3330192532884,0.35,294.0,UNDERSTOCK,7.0,0.0,24.5,0.0,24.5,585.0
2012-10-17,16,4,1,466.00000000000006,338.5221543662045,0.35,458.0,UNDERSTOCK,8.000000000000057,0.0,28.0000000000002,0.0,28.0000000000002,585.0
2012-10-17,17,4,1,888.0000000000001,641.1326411906094,0.35,866.0,UNDERSTOCK,22.000000000000114,0.0,77.0000000000004,0.0,77.0000000000004,585.0
2012-10-17,18,4,1,883.9999999999999,627.4576547342193,0.35,848.0,UNDERSTOCK,35.999999999999886,0.0,125.9999999999996,0.0,125.9999999999996,585.0
2012-10-17,19,4,1,516.0,401.44775942085073,0.35,542.0,OVERSTOCK,0.0,26.0,0.0,19.5,19.5,585.0
2012-10-17,20,4,1,413.99999999999983,294.8353177413262,0.35,399.0,UNDERSTOCK,14.99999999999983,0.0,52.4999999999994,0.0,52.4999999999994,585.0
2012-10-17,21,4,1,328.99999999999994,212.64302384927356,0.35,288.0,UNDERSTOCK,40.99999999999994,0.0,143.4999999999998,0.0,143.4999999999998,585.0
2012-10-17,22,4,1,215.00000000000009,144.3010790139135,0.35,195.0,UNDERSTOCK,20.000000000000085,0.0,70.0000000000003,0.0,70.0000000000003,585.0
2012-10-17,23,4,1,99.00000000000004,78.62095601314827,0.35,107.0,OVERSTOCK,0.0,7.999999999999957,0.0,5.999999999999968,5.999999999999968,585.0
2012-10-18,0,4,1,56.99999999999999,31.79708050683755,0.35,43.0,UNDERSTOCK,13.999999999999993,0.0,48.99999999999997,0.0,48.99999999999997,585.0
2012-10-18,1,4,1,14.0,18.19915646331288,0.35,25.0,OVERSTOCK,0.0,11.0,0.0,8.25,8.25,585.0
2012-10-18,2,4,1,14.0,6.711191681072658,0.35,10.0,UNDERSTOCK,4.0,0.0,14.0,0.0,14.0,585.0
2012-10-18,3,4,1,5.0,4.305232350030607,0.35,6.0,OVERSTOCK,0.0,1.0,0.0,0.75,0.75,585.0
2012-10-18,4,4,1,5.0,4.56142701142003,0.35,7.0,OVERSTOCK,0.0,2.0,0.0,1.5,1.5,585.0
2012-10-18,5,4,1,42.0,31.833274012076703,0.35,43.0,OVERSTOCK,0.0,1.0,0.0,0.75,0.75,585.0
2012-10-18,6,4,1,153.00000000000006,159.74111311942687,0.35,216.0,OVERSTOCK,0.0,62.99999999999994,0.0,47.24999999999996,47.24999999999996,585.0
2012-10-18,7,4,1,507.9999999999999,280.1027703310064,0.35,379.0,UNDERSTOCK,128.9999999999999,0.0,451.4999999999996,0.0,451.4999999999996,585.0
2012-10-18,8,4,1,833.9999999999997,416.9387354443413,0.35,563.0,UNDERSTOCK,270.99999999999966,0.0,948.4999999999989,0.0,948.4999999999989,585.0
2012-10-18,9,4,2,387.00000000000006,246.36420736538344,0.35,333.0,UNDERSTOCK,54.00000000000006,0.0,189.0000000000002,0.0,189.0000000000002,585.0
2012-10-18,10,4,2,218.00000000000003,163.1361292237493,0.35,221.0,OVERSTOCK,0.0,2.9999999999999716,0.0,2.2499999999999787,2.2499999999999787,585.0
2012-10-18,11,4,2,268.0,204.15174259788589,0.35,276.0,OVERSTOCK,0.0,8.0,0.0,6.0,6.0,585.0
2012-10-18,12,4,2,377.0000000000001,234.46858002435164,0.35,317.0,UNDERSTOCK,60.000000000000114,0.0,210.0000000000004,0.0,210.0000000000004,585.0
2012-10-18,13,4,1,332.0,248.56288811383024,0.35,336.0,OVERSTOCK,0.0,4.0,0.0,3.0,3.0,585.0
2012-10-18,14,4,2,284.99999999999994,215.33190286916823,0.35,291.0,OVERSTOCK,0.0,6.000000000000057,0.0,4.500000000000043,4.500000000000043,585.0
2012-10-18,15,4,2,352.99999999999994,225.6966323201144,0.35,305.0,UNDERSTOCK,47.99999999999994,0.0,167.9999999999998,0.0,167.9999999999998,585.0
2012-10-18,16,4,1,450.0000000000001,386.87411694247226,0.35,523.0,OVERSTOCK,0.0,72.99999999999989,0.0,54.749999999999915,54.749999999999915,585.0
2012-10-18,17,4,2,889.9999999999997,608.5957070479902,0.35,822.0,UNDERSTOCK,67.99999999999966,0.0,237.9999999999988,0.0,237.9999999999988,585.0
2012-10-18,18,4,2,787.9999999999997,630.260631333336,0.35,851.0,OVERSTOCK,0.0,63.00000000000034,0.0,47.250000000000256,47.250000000000256,585.0
2012-10-18,19,4,2,513.0000000000002,446.5492721508871,0.35,603.0,OVERSTOCK,0.0,89.99999999999977,0.0,67.49999999999983,67.49999999999983,585.0
2012-10-18,20,4,2,387.00000000000006,339.5678315755119,0.35,459.0,OVERSTOCK,0.0,71.99999999999994,0.0,53.99999999999996,53.99999999999996,585.0
2012-10-18,21,4,2,283.00000000000006,223.7698462149775,0.35,303.0,OVERSTOCK,0.0,19.999999999999943,0.0,14.999999999999957,14.999999999999957,585.0
2012-10-18,22,4,2,229.00000000000009,178.25216233129532,0.35,241.0,OVERSTOCK,0.0,11.999999999999915,0.0,8.999999999999936,8.999999999999936,585.0
2012-10-18,23,4,2,117.00000000000004,130.627791116403,0.35,177.0,OVERSTOCK,0.0,59.99999999999996,0.0,44.99999999999997,44.99999999999997,585.0
2012-10-19,0,4,2,56.00000000000001,62.94193389467925,0.35,85.0,OVERSTOCK,0.0,28.999999999999993,0.0,21.749999999999993,21.749999999999993,495.0
2012-10-19,1,4,3,16.0,37.82965003214598,0.35,52.0,OVERSTOCK,0.0,36.0,0.0,27.0,27.0,495.0
2012-10-19,2,4,2,10.000000000000002,12.74510283581695,0.35,18.0,OVERSTOCK,0.0,7.999999999999998,0.0,5.999999999999998,5.999999999999998,495.0
2012-10-19,3,4,2,5.0,7.4069515172272,0.35,10.0,OVERSTOCK,0.0,5.0,0.0,3.75,3.75,495.0
2012-10-19,4,4,2,5.999999999999999,8.222078154002856,0.35,12.0,OVERSTOCK,0.0,6.000000000000001,0.0,4.500000000000001,4.500000000000001,495.0
2012-10-19,5,4,2,35.99999999999999,32.25479340062752,0.35,44.0,OVERSTOCK,0.0,8.000000000000007,0.0,6.000000000000005,6.000000000000005,495.0
2012-10-19,6,4,3,130.99999999999997,64.90993627595427,0.35,88.0,UNDERSTOCK,42.99999999999997,0.0,150.4999999999999,0.0,150.4999999999999,495.0
2012-10-19,7,4,3,154.00000000000003,220.84855048769012,0.35,299.0,OVERSTOCK,0.0,144.99999999999997,0.0,108.74999999999997,108.74999999999997,495.0
2012-10-19,8,4,2,467.00000000000017,359.4050495876535,0.35,486.0,OVERSTOCK,0.0,18.99999999999983,0.0,14.249999999999872,14.249999999999872,495.0
2012-10-19,9,4,2,389.00000000000006,219.6243614207464,0.35,297.0,UNDERSTOCK,92.00000000000006,0.0,322.0000000000002,0.0,322.0000000000002,495.0
2012-10-19,10,4,2,224.0,189.82666273471253,0.35,257.0,OVERSTOCK,0.0,33.0,0.0,24.75,24.75,495.0
2012-10-19,11,4,1,252.00000000000003,202.5430185149562,0.35,274.0,OVERSTOCK,0.0,21.99999999999997,0.0,16.49999999999998,16.49999999999998,495.0
2012-10-19,12,4,1,332.0,257.5906223782286,0.35,348.0,OVERSTOCK,0.0,16.0,0.0,12.0,12.0,495.0
2012-10-19,13,4,1,375.00000000000006,232.80349846254555,0.35,315.0,UNDERSTOCK,60.00000000000006,0.0,210.0000000000002,0.0,210.0000000000002,495.0
2012-10-19,14,4,1,364.9999999999999,289.87137395180247,0.35,392.0,OVERSTOCK,0.0,27.000000000000114,0.0,20.250000000000085,20.250000000000085,495.0
2012-10-19,15,4,1,395.0,256.53016768291,0.35,347.0,UNDERSTOCK,48.0,0.0,168.0,0.0,168.0,495.0
2012-10-19,16,4,3,565.0000000000001,229.3531803009515,0.35,310.0,UNDERSTOCK,255.0000000000001,0.0,892.5000000000005,0.0,892.5000000000005,495.0
2012-10-19,17,4,3,425.00000000000017,379.1500777823164,0.35,512.0,OVERSTOCK,0.0,86.99999999999983,0.0,65.24999999999987,65.24999999999987,495.0
2012-10-19,18,4,1,233.00000000000009,421.2264418280563,0.35,569.0,OVERSTOCK,0.0,335.9999999999999,0.0,251.99999999999991,251.99999999999991,495.0
2012-10-19,19,4,1,231.99999999999991,286.05575725272666,0.35,387.0,OVERSTOCK,0.0,155.00000000000009,0.0,116.25000000000006,116.25000000000006,495.0
2012-10-19,20,4,1,229.00000000000009,309.83483942704703,0.35,419.0,OVERSTOCK,0.0,189.99999999999991,0.0,142.49999999999994,142.49999999999994,495.0
2012-10-19,21,4,1,205.99999999999997,176.30535959518596,0.35,239.0,OVERSTOCK,0.0,33.00000000000003,0.0,24.75000000000002,24.75000000000002,495.0
2012-10-19,22,4,1,190.0,187.7537415686454,0.35,254.0,OVERSTOCK,0.0,64.0,0.0,48.0,48.0,495.0
2012-10-19,23,4,1,130.99999999999997,128.59891761204094,0.35,174.0,OVERSTOCK,0.0,43.00000000000003,0.0,32.25000000000002,32.25000000000002,495.0
2012-10-20,0,4,1,123.00000000000004,117.2665323186328,0.35,159.0,OVERSTOCK,0.0,35.99999999999996,0.0,26.999999999999968,26.999999999999968,630.0
2012-10-20,1,4,1,95.0,93.46400276086248,0.35,127.0,OVERSTOCK,0.0,32.0,0.0,24.0,24.0,630.0
2012-10-20,2,4,1,78.0,55.4961775545362,0.35,75.0,UNDERSTOCK,3.0,0.0,10.5,0.0,10.5,630.0
2012-10-20,3,4,1,29.000000000000004,24.81052811400518,0.35,34.0,OVERSTOCK,0.0,4.9999999999999964,0.0,3.7499999999999973,3.7499999999999973,630.0
2012-10-20,4,4,1,17.999999999999996,9.111559902458533,0.35,13.0,UNDERSTOCK,4.9999999999999964,0.0,17.499999999999986,0.0,17.499999999999986,630.0
2012-10-20,5,4,1,12.999999999999996,8.136805659190028,0.35,11.0,UNDERSTOCK,1.9999999999999964,0.0,6.999999999999988,0.0,6.999999999999988,630.0
2012-10-20,6,4,1,31.0,31.821577606792548,0.35,43.0,OVERSTOCK,0.0,12.0,0.0,9.0,9.0,630.0
2012-10-20,7,4,1,64.99999999999997,57.33401815732381,0.35,78.0,OVERSTOCK,0.0,13.000000000000028,0.0,9.750000000000021,9.750000000000021,630.0
2012-10-20,8,4,1,193.00000000000003,181.98538738133627,0.35,246.0,OVERSTOCK,0.0,52.99999999999997,0.0,39.74999999999998,39.74999999999998,630.0
2012-10-20,9,4,1,363.0,274.5870520509273,0.35,371.0,OVERSTOCK,0.0,8.0,0.0,6.0,6.0,630.0
2012-10-20,10,4,1,423.0,374.4409805236758,0.35,506.0,OVERSTOCK,0.0,83.0,0.0,62.25,62.25,630.0
2012-10-20,11,4,1,612.0000000000001,425.1417260466701,0.35,574.0,UNDERSTOCK,38.000000000000114,0.0,133.0000000000004,0.0,133.0000000000004,630.0
2012-10-20,12,4,1,702.9999999999999,428.3168873610618,0.35,579.0,UNDERSTOCK,123.99999999999989,0.0,433.9999999999996,0.0,433.9999999999996,630.0
2012-10-20,13,4,1,713.9999999999999,471.0357748411774,0.35,636.0,UNDERSTOCK,77.99999999999989,0.0,272.9999999999996,0.0,272.9999999999996,630.0
2012-10-20,14,4,1,711.0,424.7009476522828,0.35,574.0,UNDERSTOCK,137.0,0.0,479.5,0.0,479.5,630.0
2012-10-20,15,4,1,711.0,407.53428881601167,0.35,551.0,UNDERSTOCK,160.0,0.0,560.0,0.0,560.0,630.0
2012-10-20,16,4,1,690.9999999999998,452.593838694398,0.35,612.0,UNDERSTOCK,78.99999999999977,0.0,276.4999999999992,0.0,276.4999999999992,630.0
2012-10-20,17,4,1,730.9999999999998,399.3299815169452,0.35,540.0,UNDERSTOCK,190.99999999999977,0.0,668.4999999999992,0.0,668.4999999999992,630.0
2012-10-20,18,4,1,521.0000000000002,354.6874558457652,0.35,479.0,UNDERSTOCK,42.00000000000023,0.0,147.0000000000008,0.0,147.0000000000008,630.0
2012-10-20,19,4,1,345.00000000000017,290.1963063329373,0.35,392.0,OVERSTOCK,0.0,46.99999999999983,0.0,35.24999999999987,35.24999999999987,630.0
2012-10-20,20,4,1,258.99999999999994,222.5546650343001,0.35,301.0,OVERSTOCK,0.0,42.00000000000006,0.0,31.500000000000043,31.500000000000043,630.0
2012-10-20,21,4,1,296.00000000000006,163.97832004566396,0.35,222.0,UNDERSTOCK,74.00000000000006,0.0,259.0000000000002,0.0,259.0000000000002,630.0
2012-10-20,22,4,1,202.0,155.42456331357468,0.35,210.0,OVERSTOCK,0.0,8.0,0.0,6.0,6.0,630.0
2012-10-20,23,4,1,163.00000000000006,125.10355923269051,0.35,169.0,OVERSTOCK,0.0,5.999999999999943,0.0,4.499999999999957,4.499999999999957,630.0
2012-10-21,0,4,1,154.00000000000003,96.60942044717292,0.35,131.0,UNDERSTOCK,23.00000000000003,0.0,80.5000000000001,0.0,80.5000000000001,540.0
2012-10-21,1,4,1,117.00000000000004,75.20276613788901,0.35,102.0,UNDERSTOCK,15.000000000000043,0.0,52.50000000000015,0.0,52.50000000000015,540.0
2012-10-21,2,4,1,132.0,53.0407212303694,0.35,72.0,UNDERSTOCK,60.0,0.0,210.0,0.0,210.0,540.0
2012-10-21,3,4,1,41.00000000000001,36.383135306750205,0.35,50.0,OVERSTOCK,0.0,8.999999999999993,0.0,6.749999999999995,6.749999999999995,540.0
2012-10-21,4,4,1,21.000000000000004,5.919372259456706,0.35,8.0,UNDERSTOCK,13.000000000000004,0.0,45.500000000000014,0.0,45.500000000000014,540.0
2012-10-21,5,4,1,10.000000000000002,9.360219518989046,0.35,13.0,OVERSTOCK,0.0,2.9999999999999982,0.0,2.2499999999999987,2.2499999999999987,540.0
2012-10-21,6,4,1,26.0,22.25746601959317,0.35,31.0,OVERSTOCK,0.0,5.0,0.0,3.75,3.75,540.0
2012-10-21,7,4,1,56.00000000000001,60.77939459164505,0.35,83.0,OVERSTOCK,0.0,26.999999999999993,0.0,20.249999999999993,20.249999999999993,540.0
2012-10-21,8,4,1,143.0,121.3851736696884,0.35,164.0,OVERSTOCK,0.0,21.0,0.0,15.75,15.75,540.0
2012-10-21,9,4,1,269.00000000000006,213.60971657889445,0.35,289.0,OVERSTOCK,0.0,19.999999999999943,0.0,14.999999999999957,14.999999999999957,540.0
2012-10-21,10,4,1,443.0,323.07717773469545,0.35,437.0,UNDERSTOCK,6.0,0.0,21.0,0.0,21.0,540.0
2012-10-21,11,4,1,547.0000000000002,372.9184421723281,0.35,504.0,UNDERSTOCK,43.00000000000023,0.0,150.5000000000008,0.0,150.5000000000008,540.0
2012-10-21,12,4,1,675.0000000000001,398.43137010663656,0.35,538.0,UNDERSTOCK,137.0000000000001,0.0,479.5000000000004,0.0,479.5000000000004,540.0
2012-10-21,13,4,1,626.0000000000001,407.92612585200175,0.35,551.0,UNDERSTOCK,75.00000000000011,0.0,262.5000000000004,0.0,262.5000000000004,540.0
2012-10-21,14,4,1,639.9999999999999,406.1926698790834,0.35,549.0,UNDERSTOCK,90.99999999999989,0.0,318.4999999999996,0.0,318.4999999999996,540.0
2012-10-21,15,4,1,623.0000000000001,390.21999232370194,0.35,527.0,UNDERSTOCK,96.00000000000011,0.0,336.0000000000004,0.0,336.0000000000004,540.0
2012-10-21,16,4,1,590.9999999999999,422.56268945454025,0.35,571.0,UNDERSTOCK,19.999999999999886,0.0,69.9999999999996,0.0,69.9999999999996,540.0
2012-10-21,17,4,1,490.9999999999999,377.2634209040093,0.35,510.0,OVERSTOCK,0.0,19.000000000000114,0.0,14.250000000000085,14.250000000000085,540.0
2012-10-21,18,4,1,413.0,348.7311912137164,0.35,471.0,OVERSTOCK,0.0,58.0,0.0,43.5,43.5,540.0
2012-10-21,19,4,1,266.00000000000006,280.90200811124424,0.35,380.0,OVERSTOCK,0.0,113.99999999999994,0.0,85.49999999999996,85.49999999999996,540.0
2012-10-21,20,4,1,194.99999999999991,237.6280558049644,0.35,321.0,OVERSTOCK,0.0,126.00000000000009,0.0,94.50000000000006,94.50000000000006,540.0
2012-10-21,21,4,1,166.00000000000006,131.65080489623793,0.35,178.0,OVERSTOCK,0.0,11.999999999999943,0.0,8.999999999999957,8.999999999999957,540.0
2012-10-21,22,4,1,113.00000000000004,104.8165250130106,0.35,142.0,OVERSTOCK,0.0,28.999999999999957,0.0,21.749999999999968,21.749999999999968,540.0
2012-10-21,23,4,1,65.99999999999997,64.8142443936272,0.35,88.0,OVERSTOCK,0.0,22.00000000000003,0.0,16.50000000000002,16.50000000000002,540.0
2012-10-22,0,4,1,31.0,24.851270804971676,0.35,34.0,OVERSTOCK,0.0,3.0,0.0,2.25,2.25,585.0
2012-10-22,1,4,1,11.0,12.467286640245458,0.35,17.0,OVERSTOCK,0.0,6.0,0.0,4.5,4.5,585.0
2012-10-22,2,4,1,5.0,5.292892538948872,0.35,8.0,OVERSTOCK,0.0,3.0,0.0,2.25,2.25,585.0
2012-10-22,3,4,1,5.999999999999999,4.540177601953913,0.35,7.0,OVERSTOCK,0.0,1.0000000000000009,0.0,0.7500000000000007,0.7500000000000007,585.0
2012-10-22,4,4,1,6.999999999999998,4.775645522845592,0.35,7.0,OVERSTOCK,0.0,1.7763568394002505e-15,0.0,1.3322676295501878e-15,1.3322676295501878e-15,585.0
2012-10-22,5,4,1,45.99999999999999,30.577507403268047,0.35,42.0,UNDERSTOCK,3.999999999999993,0.0,13.999999999999975,0.0,13.999999999999975,585.0
2012-10-22,6,4,1,143.99999999999997,114.81091832116998,0.35,155.0,OVERSTOCK,0.0,11.000000000000028,0.0,8.250000000000021,8.250000000000021,585.0
2012-10-22,7,4,1,452.0000000000001,324.9073094568066,0.35,439.0,UNDERSTOCK,13.000000000000114,0.0,45.5000000000004,0.0,45.5000000000004,585.0
2012-10-22,8,4,1,728.0000000000001,360.7403082867279,0.35,487.0,UNDERSTOCK,241.0000000000001,0.0,843.5000000000005,0.0,843.5000000000005,585.0
2012-10-22,9,4,1,359.99999999999983,209.1750837665357,0.35,283.0,UNDERSTOCK,76.99999999999983,0.0,269.49999999999943,0.0,269.49999999999943,585.0
2012-10-22,10,4,1,212.00000000000009,165.33457997707555,0.35,224.0,OVERSTOCK,0.0,11.999999999999915,0.0,8.999999999999936,8.999999999999936,585.0
2012-10-22,11,4,1,211.0,203.3283144392421,0.35,275.0,OVERSTOCK,0.0,64.0,0.0,48.0,48.0,585.0
2012-10-22,12,4,1,283.00000000000006,187.36737586927848,0.35,253.0,UNDERSTOCK,30.000000000000057,0.0,105.0000000000002,0.0,105.0000000000002,585.0
2012-10-22,13,4,1,315.00000000000006,248.0203317739398,0.35,335.0,OVERSTOCK,0.0,19.999999999999943,0.0,14.999999999999957,14.999999999999957,585.0
2012-10-22,14,4,1,282.0,222.8814864035303,0.35,301.0,OVERSTOCK,0.0,19.0,0.0,14.25,14.25,585.0
2012-10-22,15,4,1,296.00000000000006,254.9569523820346,0.35,345.0,OVERSTOCK,0.0,48.99999999999994,0.0,36.74999999999996,36.74999999999996,585.0
2012-10-22,16,4,1,523.9999999999999,390.0095965180162,0.35,527.0,OVERSTOCK,0.0,3.0000000000001137,0.0,2.2500000000000853,2.2500000000000853,585.0
2012-10-22,17,4,1,921.9999999999995,734.3075431202943,0.35,992.0,OVERSTOCK,0.0,70.00000000000045,0.0,52.50000000000034,52.50000000000034,585.0
2012-10-22,18,4,1,785.9999999999999,615.8878056299186,0.35,832.0,OVERSTOCK,0.0,46.000000000000114,0.0,34.500000000000085,34.500000000000085,585.0
2012-10-22,19,4,1,514.0000000000001,443.48521136155983,0.35,599.0,OVERSTOCK,0.0,84.99999999999989,0.0,63.749999999999915,63.749999999999915,585.0
2012-10-22,20,4,1,403.00000000000017,283.58442536014866,0.35,383.0,UNDERSTOCK,20.00000000000017,0.0,70.0000000000006,0.0,70.0000000000006,585.0
2012-10-22,21,4,1,174.00000000000009,181.4908284729077,0.35,246.0,OVERSTOCK,0.0,71.99999999999991,0.0,53.999999999999936,53.999999999999936,585.0
2012-10-22,22,4,1,183.00000000000009,113.48383361612804,0.35,154.0,UNDERSTOCK,29.000000000000085,0.0,101.5000000000003,0.0,101.5000000000003,585.0
2012-10-22,23,4,1,163.00000000000006,70.98601586567653,0.35,96.0,UNDERSTOCK,67.00000000000006,0.0,234.5000000000002,0.0,234.5000000000002,585.0
2012-10-23,0,4,1,36.99999999999999,25.146995945657117,0.35,34.0,UNDERSTOCK,2.999999999999993,0.0,10.499999999999975,0.0,10.499999999999975,630.0
2012-10-23,1,4,1,16.999999999999996,13.69774269790374,0.35,19.0,OVERSTOCK,0.0,2.0000000000000036,0.0,1.5000000000000027,1.5000000000000027,630.0
2012-10-23,2,4,1,6.999999999999998,5.398604007102957,0.35,8.0,OVERSTOCK,0.0,1.0000000000000018,0.0,0.7500000000000013,0.7500000000000013,630.0
2012-10-23,3,4,1,1.0,5.260069728679947,0.35,8.0,OVERSTOCK,0.0,7.0,0.0,5.25,5.25,630.0
2012-10-23,4,4,1,6.999999999999998,5.510950167366837,0.35,8.0,OVERSTOCK,0.0,1.0000000000000018,0.0,0.7500000000000013,0.7500000000000013,630.0
2012-10-23,5,4,1,50.0,32.86457023068953,0.35,45.0,UNDERSTOCK,5.0,0.0,17.5,0.0,17.5,630.0
2012-10-23,6,4,1,158.0,142.88359342178808,0.35,193.0,OVERSTOCK,0.0,35.0,0.0,26.25,26.25,630.0
2012-10-23,7,4,2,531.0000000000001,273.8901024188339,0.35,370.0,UNDERSTOCK,161.0000000000001,0.0,563.5000000000005,0.0,563.5000000000005,630.0
2012-10-23,8,4,2,761.0000000000002,362.21367859100815,0.35,489.0,UNDERSTOCK,272.0000000000002,0.0,952.0000000000008,0.0,952.0000000000008,630.0
2012-10-23,9,4,2,333.99999999999994,217.99140040059024,0.35,295.0,UNDERSTOCK,38.99999999999994,0.0,136.4999999999998,0.0,136.4999999999998,630.0
2012-10-23,10,4,1,221.0,161.36214471628907,0.35,218.0,UNDERSTOCK,3.0,0.0,10.5,0.0,10.5,630.0
2012-10-23,11,4,1,253.0,207.09315336187632,0.35,280.0,OVERSTOCK,0.0,27.0,0.0,20.25,20.25,630.0
2012-10-23,12,4,2,378.0,206.77674879747437,0.35,280.0,UNDERSTOCK,98.0,0.0,343.0,0.0,343.0,630.0
2012-10-23,13,4,2,303.00000000000006,211.6982818766554,0.35,286.0,UNDERSTOCK,17.000000000000057,0.0,59.5000000000002,0.0,59.5000000000002,630.0
2012-10-23,14,4,1,296.00000000000006,231.51170271046325,0.35,313.0,OVERSTOCK,0.0,16.999999999999943,0.0,12.749999999999957,12.749999999999957,630.0
2012-10-23,15,4,1,346.00000000000006,247.21319058820373,0.35,334.0,UNDERSTOCK,12.000000000000057,0.0,42.0000000000002,0.0,42.0000000000002,630.0
2012-10-23,16,4,1,541.0000000000001,389.8716083511417,0.35,527.0,UNDERSTOCK,14.000000000000114,0.0,49.0000000000004,0.0,49.0000000000004,630.0
2012-10-23,17,4,1,938.0,766.9976432987318,0.35,1036.0,OVERSTOCK,0.0,98.0,0.0,73.5,73.5,630.0
2012-10-23,18,4,1,825.9999999999999,720.3335607766447,0.35,973.0,OVERSTOCK,0.0,147.0000000000001,0.0,110.25000000000009,110.25000000000009,630.0
2012-10-23,19,4,1,481.9999999999998,522.5773738679691,0.35,706.0,OVERSTOCK,0.0,224.00000000000023,0.0,168.00000000000017,168.00000000000017,630.0
2012-10-23,20,4,1,379.00000000000006,350.0194879904185,0.35,473.0,OVERSTOCK,0.0,93.99999999999994,0.0,70.49999999999996,70.49999999999996,630.0
2012-10-23,21,4,1,294.99999999999994,199.2312469590283,0.35,269.0,UNDERSTOCK,25.999999999999943,0.0,90.9999999999998,0.0,90.9999999999998,630.0
2012-10-23,22,4,1,194.0,162.7542939954084,0.35,220.0,OVERSTOCK,0.0,26.0,0.0,19.5,19.5,630.0
2012-10-23,23,4,1,110.99999999999996,96.98598783804992,0.35,131.0,OVERSTOCK,0.0,20.000000000000043,0.0,15.000000000000032,15.000000000000032,630.0
2012-10-24,0,4,1,45.99999999999999,37.89934303667569,0.35,52.0,OVERSTOCK,0.0,6.000000000000007,0.0,4.500000000000005,4.500000000000005,630.0
2012-10-24,1,4,1,27.0,16.512740207069854,0.35,23.0,UNDERSTOCK,4.0,0.0,14.0,0.0,14.0,630.0
2012-10-24,2,4,1,5.999999999999999,6.652682086717872,0.35,9.0,OVERSTOCK,0.0,3.000000000000001,0.0,2.250000000000001,2.250000000000001,630.0
2012-10-24,3,4,1,4.0,5.035519745132184,0.35,7.0,OVERSTOCK,0.0,3.0,0.0,2.25,2.25,630.0
2012-10-24,4,4,1,5.999999999999999,5.798756596899256,0.35,8.0,OVERSTOCK,0.0,2.000000000000001,0.0,1.5000000000000007,1.5000000000000007,630.0
2012-10-24,5,4,1,53.00000000000001,35.13522457314836,0.35,48.0,UNDERSTOCK,5.000000000000007,0.0,17.500000000000025,0.0,17.500000000000025,630.0
2012-10-24,6,4,1,173.0,170.2463221059432,0.35,230.0,OVERSTOCK,0.0,57.0,0.0,42.75,42.75,630.0
2012-10-24,7,4,1,526.0000000000001,273.1466764708946,0.35,369.0,UNDERSTOCK,157.0000000000001,0.0,549.5000000000005,0.0,549.5000000000005,630.0
2012-10-24,8,4,2,801.0000000000002,369.942217443575,0.35,500.0,UNDERSTOCK,301.0000000000002,0.0,1053.500000000001,0.0,1053.500000000001,630.0
2012-10-24,9,4,2,373.0000000000001,218.7542835315875,0.35,296.0,UNDERSTOCK,77.00000000000011,0.0,269.5000000000004,0.0,269.5000000000004,630.0
2012-10-24,10,4,2,170.99999999999994,153.5147634291542,0.35,208.0,OVERSTOCK,0.0,37.00000000000006,0.0,27.750000000000043,27.750000000000043,630.0
2012-10-24,11,4,1,236.00000000000009,172.39043911676174,0.35,233.0,UNDERSTOCK,3.0000000000000853,0.0,10.500000000000298,0.0,10.500000000000298,630.0
2012-10-24,12,4,1,315.9999999999999,206.57604533739925,0.35,279.0,UNDERSTOCK,36.999999999999886,0.0,129.4999999999996,0.0,129.4999999999996,630.0
2012-10-24,13,4,1,305.9999999999999,225.7891896461037,0.35,305.0,UNDERSTOCK,0.9999999999998863,0.0,3.499999999999602,0.0,3.499999999999602,630.0
2012-10-24,14,4,1,301.0,233.97955317209508,0.35,316.0,OVERSTOCK,0.0,15.0,0.0,11.25,11.25,630.0
2012-10-24,15,4,1,308.0000000000001,234.6024030453691,0.35,317.0,OVERSTOCK,0.0,8.999999999999886,0.0,6.749999999999915,6.749999999999915,630.0
2012-10-24,16,4,1,531.9999999999999,406.8084579088383,0.35,550.0,OVERSTOCK,0.0,18.000000000000114,0.0,13.500000000000085,13.500000000000085,630.0
2012-10-24,17,4,1,963.0,768.4122122375859,0.35,1038.0,OVERSTOCK,0.0,75.0,0.0,56.25,56.25,630.0
2012-10-24,18,4,1,857.9999999999997,751.1466118658055,0.35,1015.0,OVERSTOCK,0.0,157.00000000000034,0.0,117.75000000000026,117.75000000000026,630.0
2012-10-24,19,4,2,572.0000000000002,477.4493869174125,0.35,645.0,OVERSTOCK,0.0,72.99999999999977,0.0,54.74999999999983,54.74999999999983,630.0
2012-10-24,20,4,2,440.9999999999999,354.11827704834303,0.35,479.0,OVERSTOCK,0.0,38.000000000000114,0.0,28.500000000000085,28.500000000000085,630.0
2012-10-24,21,4,2,312.99999999999994,216.4196008988039,0.35,293.0,UNDERSTOCK,19.999999999999943,0.0,69.9999999999998,0.0,69.9999999999998,630.0
2012-10-24,22,4,2,238.00000000000009,241.50066632409323,0.35,327.0,OVERSTOCK,0.0,88.99999999999991,0.0,66.74999999999994,66.74999999999994,630.0
2012-10-24,23,4,2,123.00000000000004,106.0306187621962,0.35,144.0,OVERSTOCK,0.0,20.999999999999957,0.0,15.749999999999968,15.749999999999968,630.0
2012-10-25,0,4,2,76.00000000000001,49.430975403304856,0.35,67.0,UNDERSTOCK,9.000000000000014,0.0,31.50000000000005,0.0,31.50000000000005,540.0
2012-10-25,1,4,1,28.000000000000004,22.63169721109562,0.35,31.0,OVERSTOCK,0.0,2.9999999999999964,0.0,2.2499999999999973,2.2499999999999973,540.0
2012-10-25,2,4,1,17.999999999999996,7.772441610992256,0.35,11.0,UNDERSTOCK,6.9999999999999964,0.0,24.499999999999986,0.0,24.499999999999986,540.0
2012-10-25,3,4,2,8.000000000000002,5.177387362603925,0.35,7.0,UNDERSTOCK,1.0000000000000018,0.0,3.500000000000006,0.0,3.500000000000006,540.0
2012-10-25,4,4,2,5.0,5.644392572719229,0.35,8.0,OVERSTOCK,0.0,3.0,0.0,2.25,2.25,540.0
2012-10-25,5,4,2,55.00000000000002,33.35676509823577,0.35,46.0,UNDERSTOCK,9.000000000000021,0.0,31.500000000000075,0.0,31.500000000000075,540.0
2012-10-25,6,4,2,170.99999999999994,153.99657807508103,0.35,208.0,OVERSTOCK,0.0,37.00000000000006,0.0,27.750000000000043,27.750000000000043,540.0
2012-10-25,7,4,2,495.00000000000017,290.8147957377231,0.35,393.0,UNDERSTOCK,102.00000000000017,0.0,357.00000000000057,0.0,357.00000000000057,540.0
2012-10-25,8,4,2,779.0000000000001,408.7737975684655,0.35,552.0,UNDERSTOCK,227.0000000000001,0.0,794.5000000000005,0.0,794.5000000000005,540.0
2012-10-25,9,4,2,342.99999999999994,243.66346632513265,0.35,329.0,UNDERSTOCK,13.999999999999943,0.0,48.9999999999998,0.0,48.9999999999998,540.0
2012-10-25,10,4,2,225.00000000000009,167.41704499298854,0.35,227.0,OVERSTOCK,0.0,1.9999999999999147,0.0,1.499999999999936,1.499999999999936,540.0
2012-10-25,11,4,2,238.00000000000009,147.14718119359856,0.35,199.0,UNDERSTOCK,39.000000000000085,0.0,136.50000000000028,0.0,136.50000000000028,540.0
2012-10-25,12,4,2,318.99999999999994,164.23872163360255,0.35,222.0,UNDERSTOCK,96.99999999999994,0.0,339.4999999999998,0.0,339.4999999999998,540.0
2012-10-25,13,4,2,312.99999999999994,160.77680091675893,0.35,218.0,UNDERSTOCK,94.99999999999994,0.0,332.4999999999998,0.0,332.4999999999998,540.0
2012-10-25,14,4,1,284.99999999999994,212.54528949315176,0.35,287.0,OVERSTOCK,0.0,2.000000000000057,0.0,1.5000000000000426,1.5000000000000426,540.0
2012-10-25,15,4,1,305.0,232.0790659833847,0.35,314.0,OVERSTOCK,0.0,9.0,0.0,6.75,6.75,540.0
2012-10-25,16,4,1,498.99999999999983,326.6078424329006,0.35,441.0,UNDERSTOCK,57.99999999999983,0.0,202.9999999999994,0.0,202.9999999999994,540.0
2012-10-25,17,4,1,885.9999999999998,668.9068120070126,0.35,904.0,OVERSTOCK,0.0,18.000000000000227,0.0,13.50000000000017,13.50000000000017,540.0
2012-10-25,18,4,1,808.9999999999998,421.88790125819554,0.35,570.0,UNDERSTOCK,238.99999999999977,0.0,836.4999999999992,0.0,836.4999999999992,540.0
2012-10-25,19,4,1,541.9999999999999,346.0799780844604,0.35,468.0,UNDERSTOCK,73.99999999999989,0.0,258.9999999999996,0.0,258.9999999999996,540.0
2012-10-25,20,4,2,347.00000000000006,217.80310571809684,0.35,295.0,UNDERSTOCK,52.00000000000006,0.0,182.0000000000002,0.0,182.0000000000002,540.0
2012-10-25,21,4,2,271.0000000000001,203.71988063253505,0.35,276.0,OVERSTOCK,0.0,4.999999999999886,0.0,3.7499999999999147,3.7499999999999147,540.0
2012-10-25,22,4,2,207.0,178.34544673915968,0.35,241.0,OVERSTOCK,0.0,34.0,0.0,25.5,25.5,540.0
2012-10-25,23,4,2,135.00000000000006,135.74122720369422,0.35,184.0,OVERSTOCK,0.0,48.99999999999994,0.0,36.74999999999996,36.74999999999996,540.0
2012-10-26,0,4,2,71.0,62.75806749825795,0.35,85.0,OVERSTOCK,0.0,14.0,0.0,10.5,10.5,540.0
2012-10-26,1,4,2,35.99999999999999,39.29631257111289,0.35,54.0,OVERSTOCK,0.0,18.000000000000007,0.0,13.500000000000005,13.500000000000005,540.0
2012-10-26,2,4,2,19.0,13.541623471441456,0.35,19.0,OK,0.0,0.0,0.0,0.0,0.0,540.0
2012-10-26,3,4,2,12.999999999999996,7.821348982021833,0.35,11.0,UNDERSTOCK,1.9999999999999964,0.0,6.999999999999988,0.0,6.999999999999988,540.0
2012-10-26,4,4,2,5.0,7.870222146635517,0.35,11.0,OVERSTOCK,0.0,6.0,0.0,4.5,4.5,540.0
2012-10-26,5,4,2,50.0,31.756973061079638,0.35,43.0,UNDERSTOCK,7.0,0.0,24.5,0.0,24.5,540.0
2012-10-26,6,4,2,143.99999999999997,131.56169616000773,0.35,178.0,OVERSTOCK,0.0,34.00000000000003,0.0,25.50000000000002,25.50000000000002,540.0
2012-10-26,7,4,2,421.0000000000001,249.64919692227252,0.35,338.0,UNDERSTOCK,83.00000000000011,0.0,290.5000000000004,0.0,290.5000000000004,540.0
2012-10-26,8,4,2,733.9999999999999,394.8114955921251,0.35,533.0,UNDERSTOCK,200.9999999999999,0.0,703.4999999999995,0.0,703.4999999999995,540.0
2012-10-26,9,4,2,403.00000000000017,247.74889610719933,0.35,335.0,UNDERSTOCK,68.00000000000017,0.0,238.0000000000006,0.0,238.0000000000006,540.0
2012-10-26,10,4,2,197.0,161.1562573930783,0.35,218.0,OVERSTOCK,0.0,21.0,0.0,15.75,15.75,540.0
2012-10-26,11,4,2,290.0000000000001,208.7616845973477,0.35,282.0,UNDERSTOCK,8.000000000000114,0.0,28.000000000000398,0.0,28.000000000000398,540.0
2012-10-26,12,4,2,392.0,222.91256230053077,0.35,301.0,UNDERSTOCK,91.0,0.0,318.5,0.0,318.5,540.0
2012-10-26,13,4,2,337.00000000000006,201.168358306364,0.35,272.0,UNDERSTOCK,65.00000000000006,0.0,227.5000000000002,0.0,227.5000000000002,540.0
2012-10-26,14,4,2,350.9999999999999,231.63767236887583,0.35,313.0,UNDERSTOCK,37.999999999999886,0.0,132.9999999999996,0.0,132.9999999999996,540.0
2012-10-26,15,4,2,448.0000000000001,212.8401788574731,0.35,288.0,UNDERSTOCK,160.0000000000001,0.0,560.0000000000005,0.0,560.0000000000005,540.0
2012-10-26,16,4,2,581.9999999999999,365.927496588143,0.35,495.0,UNDERSTOCK,86.99999999999989,0.0,304.4999999999996,0.0,304.4999999999996,540.0
2012-10-26,17,4,2,816.9999999999997,583.6523258167024,0.35,788.0,UNDERSTOCK,28.99999999999966,0.0,101.4999999999988,0.0,101.4999999999988,540.0
2012-10-26,18,4,2,665.0000000000001,566.8966754107638,0.35,766.0,OVERSTOCK,0.0,100.99999999999989,0.0,75.74999999999991,75.74999999999991,540.0
2012-10-26,19,4,2,470.99999999999983,322.8413126722035,0.35,436.0,UNDERSTOCK,34.99999999999983,0.0,122.4999999999994,0.0,122.4999999999994,540.0
2012-10-26,20,4,2,311.00000000000006,238.44142010785356,0.35,322.0,OVERSTOCK,0.0,10.999999999999943,0.0,8.249999999999957,8.249999999999957,540.0
2012-10-26,21,4,2,292.0000000000001,217.94244316557905,0.35,295.0,OVERSTOCK,0.0,2.9999999999998863,0.0,2.2499999999999147,2.2499999999999147,540.0
2012-10-26,22,4,2,217.0,176.3803369751828,0.35,239.0,OVERSTOCK,0.0,22.0,0.0,16.5,16.5,540.0
2012-10-26,23,4,1,178.0,181.10491443432363,0.35,245.0,OVERSTOCK,0.0,67.0,0.0,50.25,50.25,540.0
2012-10-27,0,4,1,141.99999999999994,118.99655457706588,0.35,161.0,OVERSTOCK,0.0,19.000000000000057,0.0,14.250000000000043,14.250000000000043,630.0
2012-10-27,1,4,2,145.99999999999997,100.80416581702488,0.35,137.0,UNDERSTOCK,8.999999999999972,0.0,31.4999999999999,0.0,31.4999999999999,630.0
2012-10-27,2,4,2,89.99999999999997,58.7031503564975,0.35,80.0,UNDERSTOCK,9.999999999999972,0.0,34.9999999999999,0.0,34.9999999999999,630.0
2012-10-27,3,4,1,26.0,27.89491702742273,0.35,38.0,OVERSTOCK,0.0,12.0,0.0,9.0,9.0,630.0
2012-10-27,4,4,2,12.999999999999996,8.781567459999057,0.35,12.0,UNDERSTOCK,0.9999999999999964,0.0,3.4999999999999876,0.0,3.4999999999999876,630.0
2012-10-27,5,4,2,9.000000000000002,7.769780099078819,0.35,11.0,OVERSTOCK,0.0,1.9999999999999982,0.0,1.4999999999999987,1.4999999999999987,630.0
2012-10-27,6,4,2,31.0,29.725058030960867,0.35,41.0,OVERSTOCK,0.0,10.0,0.0,7.5,7.5,630.0
2012-10-27,7,4,1,86.0,86.50283623193745,0.35,117.0,OVERSTOCK,0.0,31.0,0.0,23.25,23.25,630.0
2012-10-27,8,4,1,212.99999999999997,179.2045538032995,0.35,242.0,OVERSTOCK,0.0,29.00000000000003,0.0,21.75000000000002,21.75000000000002,630.0
2012-10-27,9,4,1,328.0,265.86789997324723,0.35,359.0,OVERSTOCK,0.0,31.0,0.0,23.25,23.25,630.0
2012-10-27,10,4,1,479.0,349.0388790787451,0.35,472.0,UNDERSTOCK,7.0,0.0,24.5,0.0,24.5,630.0
2012-10-27,11,4,1,584.9999999999998,395.2237989440316,0.35,534.0,UNDERSTOCK,50.99999999999977,0.0,178.4999999999992,0.0,178.4999999999992,630.0
2012-10-27,12,4,1,668.0000000000002,562.9235901358239,0.35,760.0,OVERSTOCK,0.0,91.99999999999977,0.0,68.99999999999983,68.99999999999983,630.0
2012-10-27,13,4,1,760.0000000000002,595.8616950890956,0.35,805.0,OVERSTOCK,0.0,44.99999999999977,0.0,33.74999999999983,33.74999999999983,630.0
2012-10-27,14,4,1,749.9999999999998,581.4619260558201,0.35,785.0,OVERSTOCK,0.0,35.00000000000023,0.0,26.25000000000017,26.25000000000017,630.0
2012-10-27,15,4,2,711.0,400.05349941814296,0.35,541.0,UNDERSTOCK,170.0,0.0,595.0,0.0,595.0,630.0
2012-10-27,16,4,2,612.0000000000001,415.3619822656113,0.35,561.0,UNDERSTOCK,51.000000000000114,0.0,178.5000000000004,0.0,178.5000000000004,630.0
2012-10-27,17,4,2,618.0000000000001,362.5678555883351,0.35,490.0,UNDERSTOCK,128.0000000000001,0.0,448.0000000000004,0.0,448.0000000000004,630.0
2012-10-27,18,4,2,456.00000000000017,339.15416454684777,0.35,458.0,OVERSTOCK,0.0,1.9999999999998295,0.0,1.499999999999872,1.499999999999872,630.0
2012-10-27,19,4,2,299.9999999999999,292.76432141894963,0.35,396.0,OVERSTOCK,0.0,96.00000000000011,0.0,72.00000000000009,72.00000000000009,630.0
2012-10-27,20,4,2,296.00000000000006,240.1394469629948,0.35,325.0,OVERSTOCK,0.0,28.999999999999943,0.0,21.749999999999957,21.749999999999957,630.0
2012-10-27,21,4,2,208.99999999999997,172.12851642111255,0.35,233.0,OVERSTOCK,0.0,24.00000000000003,0.0,18.00000000000002,18.00000000000002,630.0
2012-10-27,22,4,2,157.00000000000003,185.9255367439805,0.35,251.0,OVERSTOCK,0.0,93.99999999999997,0.0,70.49999999999997,70.49999999999997,630.0
2012-10-27,23,4,2,166.99999999999997,157.45396740854122,0.35,213.0,OVERSTOCK,0.0,46.00000000000003,0.0,34.50000000000002,34.50000000000002,630.0
2012-10-28,0,4,3,117.00000000000004,94.6007364872664,0.35,128.0,OVERSTOCK,0.0,10.999999999999957,0.0,8.249999999999968,8.249999999999968,360.0
2012-10-28,1,4,2,132.99999999999997,81.99587289425159,0.35,111.0,UNDERSTOCK,21.99999999999997,0.0,76.9999999999999,0.0,76.9999999999999,360.0
2012-10-28,2,4,2,116.00000000000004,69.70246184761565,0.35,95.0,UNDERSTOCK,21.000000000000043,0.0,73.50000000000014,0.0,73.50000000000014,360.0
2012-10-28,3,4,2,78.99999999999997,31.80806913966182,0.35,43.0,UNDERSTOCK,35.99999999999997,0.0,125.9999999999999,0.0,125.9999999999999,360.0
2012-10-28,4,4,2,20.0,8.771398624418342,0.35,12.0,UNDERSTOCK,8.0,0.0,28.0,0.0,28.0,360.0
2012-10-28,5,4,2,28.000000000000004,7.473712969383245,0.35,11.0,UNDERSTOCK,17.000000000000004,0.0,59.500000000000014,0.0,59.500000000000014,360.0
2012-10-28,6,4,2,39.0,14.61819715162734,0.35,20.0,UNDERSTOCK,19.0,0.0,66.5,0.0,66.5,360.0
2012-10-28,7,4,2,64.99999999999997,67.45514491105558,0.35,92.0,OVERSTOCK,0.0,27.00000000000003,0.0,20.25000000000002,20.25000000000002,360.0
2012-10-28,8,4,2,173.0,132.93462735392782,0.35,180.0,OVERSTOCK,0.0,7.0,0.0,5.25,5.25,360.0
2012-10-28,9,4,2,330.0,210.72298205302437,0.35,285.0,UNDERSTOCK,45.0,0.0,157.5,0.0,157.5,360.0
2012-10-28,10,4,2,434.00000000000006,304.29102278864707,0.35,411.0,UNDERSTOCK,23.000000000000057,0.0,80.5000000000002,0.0,80.5000000000002,360.0
2012-10-28,11,4,2,462.0,336.64161159793844,0.35,455.0,UNDERSTOCK,7.0,0.0,24.5,0.0,24.5,360.0
2012-10-28,12,4,2,490.9999999999999,343.0763846758311,0.35,464.0,UNDERSTOCK,26.999999999999886,0.0,94.4999999999996,0.0,94.4999999999996,360.0
2012-10-28,13,4,2,390.9999999999999,340.24610334625504,0.35,460.0,OVERSTOCK,0.0,69.00000000000011,0.0,51.750000000000085,51.750000000000085,360.0
2012-10-28,14,4,2,401.99999999999983,348.0887858089732,0.35,470.0,OVERSTOCK,0.0,68.00000000000017,0.0,51.00000000000013,51.00000000000013,360.0
2012-10-28,15,4,2,301.0,303.4696820060191,0.35,410.0,OVERSTOCK,0.0,109.0,0.0,81.75,81.75,360.0
2012-10-28,16,4,3,292.99999999999994,163.12613790412487,0.35,221.0,UNDERSTOCK,71.99999999999994,0.0,251.9999999999998,0.0,251.9999999999998,360.0
2012-10-28,17,4,3,225.00000000000009,142.33013692303882,0.35,193.0,UNDERSTOCK,32.000000000000085,0.0,112.0000000000003,0.0,112.0000000000003,360.0
2012-10-28,18,4,3,154.00000000000003,73.4631574362596,0.35,100.0,UNDERSTOCK,54.00000000000003,0.0,189.0000000000001,0.0,189.0000000000001,360.0
2012-10-28,19,4,3,54.000000000000014,89.70081770799342,0.35,122.0,OVERSTOCK,0.0,67.99999999999999,0.0,50.999999999999986,50.999999999999986,360.0
2012-10-28,20,4,3,55.00000000000002,61.786328069358674,0.35,84.0,OVERSTOCK,0.0,28.99999999999998,0.0,21.749999999999986,21.749999999999986,360.0
2012-10-28,21,4,3,45.99999999999999,60.15212613431405,0.35,82.0,OVERSTOCK,0.0,36.00000000000001,0.0,27.000000000000007,27.000000000000007,360.0
2012-10-28,22,4,3,36.99999999999999,53.25978992504608,0.35,72.0,OVERSTOCK,0.0,35.00000000000001,0.0,26.250000000000007,26.250000000000007,360.0
2012-10-28,23,4,3,14.0,38.057827381359466,0.35,52.0,OVERSTOCK,0.0,38.0,0.0,28.5,28.5,360.0
2012-10-29,0,4,3,22.0,16.778475037696293,0.35,23.0,OVERSTOCK,0.0,1.0,0.0,0.75,0.75,45.0
2012-10-30,13,4,3,116.00000000000004,49.43417995299021,0.35,67.0,UNDERSTOCK,49.00000000000004,0.0,171.50000000000014,0.0,171.50000000000014,180.0
2012-10-30,14,4,3,126.0,53.48487123761428,0.35,73.0,UNDERSTOCK,53.0,0.0,185.5,0.0,185.5,180.0
2012-10-30,15,4,3,124.00000000000004,66.25931712333235,0.35,90.0,UNDERSTOCK,34.00000000000004,0.0,119.00000000000014,0.0,119.00000000000014,180.0
2012-10-30,16,4,3,98.0,95.10444319878162,0.35,129.0,OVERSTOCK,0.0,31.0,0.0,23.25,23.25,180.0
2012-10-30,17,4,3,124.00000000000004,150.0982473865011,0.35,203.0,OVERSTOCK,0.0,78.99999999999996,0.0,59.24999999999997,59.24999999999997,180.0
2012-10-30,18,4,3,143.0,184.4994005453644,0.35,250.0,OVERSTOCK,0.0,107.0,0.0,80.25,80.25,180.0
2012-10-30,19,4,2,115.0,413.2792526793032,0.35,558.0,OVERSTOCK,0.0,443.0,0.0,332.25,332.25,180.0
2012-10-30,20,4,2,81.00000000000001,182.06519477687053,0.35,246.0,OVERSTOCK,0.0,165.0,0.0,123.75,123.75,180.0
2012-10-30,21,4,2,63.99999999999998,109.23092610585476,0.35,148.0,OVERSTOCK,0.0,84.00000000000003,0.0,63.00000000000002,63.00000000000002,180.0
2012-10-30,22,4,1,65.99999999999997,118.27924626457344,0.35,160.0,OVERSTOCK,0.0,94.00000000000003,0.0,70.50000000000003,70.50000000000003,180.0
2012-10-30,23,4,1,39.0,49.638849323953714,0.35,68.0,OVERSTOCK,0.0,29.0,0.0,21.75,21.75,180.0
2012-10-31,0,4,2,16.0,22.62349744115203,0.35,31.0,OVERSTOCK,0.0,15.0,0.0,11.25,11.25,495.0
2012-10-31,1,4,2,8.000000000000002,10.30311939998787,0.35,14.0,OVERSTOCK,0.0,5.999999999999998,0.0,4.499999999999998,4.499999999999998,495.0
2012-10-31,2,4,2,6.999999999999998,3.7302568503320512,0.35,6.0,UNDERSTOCK,0.9999999999999982,0.0,3.499999999999994,0.0,3.499999999999994,495.0
2012-10-31,3,4,2,3.0,3.6010560693643243,0.35,5.0,OVERSTOCK,0.0,2.0,0.0,1.5,1.5,495.0
2012-10-31,4,4,2,5.0,4.812273610649821,0.35,7.0,OVERSTOCK,0.0,2.0,0.0,1.5,1.5,495.0
2012-10-31,5,4,2,24.0,25.02671158086184,0.35,34.0,OVERSTOCK,0.0,10.0,0.0,7.5,7.5,495.0
2012-10-31,6,4,1,116.00000000000004,91.5263921232245,0.35,124.0,OVERSTOCK,0.0,7.999999999999957,0.0,5.999999999999968,5.999999999999968,495.0
2012-10-31,7,4,2,337.00000000000006,263.25376019436925,0.35,356.0,OVERSTOCK,0.0,18.999999999999943,0.0,14.249999999999957,14.249999999999957,495.0
2012-10-31,8,4,1,620.9999999999999,554.0898447412043,0.35,749.0,OVERSTOCK,0.0,128.0000000000001,0.0,96.00000000000009,96.00000000000009,495.0
2012-10-31,9,4,1,297.00000000000006,274.4205670393352,0.35,371.0,OVERSTOCK,0.0,73.99999999999994,0.0,55.49999999999996,55.49999999999996,495.0
2012-10-31,10,4,1,168.0,139.94680725386408,0.35,189.0,OVERSTOCK,0.0,21.0,0.0,15.75,15.75,495.0
2012-10-31,11,4,2,189.0,152.61264671299315,0.35,207.0,OVERSTOCK,0.0,18.0,0.0,13.5,13.5,495.0
2012-10-31,12,4,1,241.00000000000009,182.2605859751381,0.35,247.0,OVERSTOCK,0.0,5.999999999999915,0.0,4.499999999999936,4.499999999999936,495.0
2012-10-31,13,4,1,212.99999999999997,201.1505069344932,0.35,272.0,OVERSTOCK,0.0,59.00000000000003,0.0,44.25000000000002,44.25000000000002,495.0
2012-10-31,14,4,2,224.0,171.40853503748014,0.35,232.0,OVERSTOCK,0.0,8.0,0.0,6.0,6.0,495.0
2012-10-31,15,4,1,229.99999999999997,183.658432765564,0.35,248.0,OVERSTOCK,0.0,18.00000000000003,0.0,13.500000000000021,13.500000000000021,495.0
2012-10-31,16,4,2,424.00000000000017,247.9792655930228,0.35,335.0,UNDERSTOCK,89.00000000000017,0.0,311.50000000000057,0.0,311.50000000000057,495.0
2012-10-31,17,4,2,722.9999999999998,527.168326886473,0.35,712.0,UNDERSTOCK,10.999999999999773,0.0,38.499999999999204,0.0,38.499999999999204,495.0
2012-10-31,18,4,2,584.0000000000002,527.6704473127205,0.35,713.0,OVERSTOCK,0.0,128.99999999999977,0.0,96.74999999999983,96.74999999999983,495.0
2012-10-31,19,4,2,409.99999999999983,360.1676535525305,0.35,487.0,OVERSTOCK,0.0,77.00000000000017,0.0,57.75000000000013,57.75000000000013,495.0
2012-10-31,20,4,2,268.0,211.2252196289428,0.35,286.0,OVERSTOCK,0.0,18.0,0.0,13.5,13.5,495.0
2012-10-31,21,4,2,192.0,176.33348831502462,0.35,239.0,OVERSTOCK,0.0,47.0,0.0,35.25,35.25,495.0
2012-10-31,22,4,1,165.00000000000006,129.35761447060213,0.35,175.0,OVERSTOCK,0.0,9.999999999999943,0.0,7.499999999999957,7.499999999999957,495.0
2012-10-31,23,4,1,100.99999999999996,58.46132227078059,0.35,79.0,UNDERSTOCK,21.999999999999957,0.0,76.99999999999986,0.0,76.99999999999986,495.0
2012-11-01,0,4,1,60.00000000000001,28.622958093342792,0.35,39.0,UNDERSTOCK,21.000000000000007,0.0,73.50000000000003,0.0,73.50000000000003,450.0
2012-11-01,1,4,1,30.0,14.227741847940203,0.35,20.0,UNDERSTOCK,10.0,0.0,35.0,0.0,35.0,450.0
2012-11-01,2,4,1,20.0,5.123586708698365,0.35,7.0,UNDERSTOCK,13.0,0.0,45.5,0.0,45.5,450.0
2012-11-01,3,4,1,14.999999999999998,4.585099083291483,0.35,7.0,UNDERSTOCK,7.999999999999998,0.0,27.999999999999993,0.0,27.999999999999993,450.0
2012-11-01,4,4,2,10.000000000000002,5.018876245006765,0.35,7.0,UNDERSTOCK,3.0000000000000018,0.0,10.500000000000007,0.0,10.500000000000007,450.0
2012-11-01,5,4,1,40.00000000000001,28.59768437857064,0.35,39.0,UNDERSTOCK,1.000000000000007,0.0,3.500000000000025,0.0,3.500000000000025,450.0
2012-11-01,6,4,1,148.0,105.7982079265297,0.35,143.0,UNDERSTOCK,5.0,0.0,17.5,0.0,17.5,450.0
2012-11-01,7,4,2,419.9999999999999,293.9771847330424,0.35,397.0,UNDERSTOCK,22.999999999999886,0.0,80.4999999999996,0.0,80.4999999999996,450.0
2012-11-01,8,4,2,679.9999999999998,559.4997980829114,0.35,756.0,OVERSTOCK,0.0,76.00000000000023,0.0,57.00000000000017,57.00000000000017,450.0
2012-11-01,9,4,3,330.9999999999999,187.69355005263736,0.35,254.0,UNDERSTOCK,76.99999999999989,0.0,269.4999999999996,0.0,269.4999999999996,450.0
2012-11-01,10,4,3,145.99999999999997,114.787098779717,0.35,155.0,OVERSTOCK,0.0,9.000000000000028,0.0,6.750000000000021,6.750000000000021,450.0
2012-11-01,11,4,3,170.00000000000009,114.51629055706412,0.35,155.0,UNDERSTOCK,15.000000000000085,0.0,52.5000000000003,0.0,52.5000000000003,450.0
2012-11-01,12,4,3,221.0,115.11875337626051,0.35,156.0,UNDERSTOCK,65.0,0.0,227.5,0.0,227.5,450.0
2012-11-01,13,4,2,247.99999999999997,170.16542087483862,0.35,230.0,UNDERSTOCK,17.99999999999997,0.0,62.9999999999999,0.0,62.9999999999999,450.0
2012-11-01,14,4,2,185.00000000000009,154.60274712347686,0.35,209.0,OVERSTOCK,0.0,23.999999999999915,0.0,17.999999999999936,17.999999999999936,450.0
2012-11-01,15,4,2,213.99999999999991,168.61740692983463,0.35,228.0,OVERSTOCK,0.0,14.000000000000085,0.0,10.500000000000064,10.500000000000064,450.0
2012-11-01,16,4,2,344.00000000000017,238.6549298491958,0.35,323.0,UNDERSTOCK,21.00000000000017,0.0,73.5000000000006,0.0,73.5000000000006,450.0
2012-11-01,17,4,3,688.9999999999998,302.7984437224375,0.35,409.0,UNDERSTOCK,279.9999999999998,0.0,979.9999999999992,0.0,979.9999999999992,450.0
2012-11-01,18,4,2,678.0000000000001,515.8980157038444,0.35,697.0,OVERSTOCK,0.0,18.999999999999886,0.0,14.249999999999915,14.249999999999915,450.0
2012-11-01,19,4,2,452.0000000000001,356.01369520568545,0.35,481.0,OVERSTOCK,0.0,28.999999999999886,0.0,21.749999999999915,21.749999999999915,450.0
2012-11-01,20,4,2,296.00000000000006,206.08239887000383,0.35,279.0,UNDERSTOCK,17.000000000000057,0.0,59.5000000000002,0.0,59.5000000000002,450.0
2012-11-01,21,4,2,266.99999999999994,178.30082113791514,0.35,241.0,UNDERSTOCK,25.999999999999943,0.0,90.9999999999998,0.0,90.9999999999998,450.0
2012-11-01,22,4,1,202.0,134.65110786056047,0.35,182.0,UNDERSTOCK,20.0,0.0,70.0,0.0,70.0,450.0
2012-11-01,23,4,1,120.00000000000004,77.85995647997504,0.35,106.0,UNDERSTOCK,14.000000000000043,0.0,49.00000000000015,0.0,49.00000000000015,450.0
2012-11-02,0,4,1,50.0,35.98637877205874,0.35,49.0,UNDERSTOCK,1.0,0.0,3.5,0.0,3.5,540.0
2012-11-02,1,4,1,24.0,15.983734736450788,0.35,22.0,UNDERSTOCK,2.0,0.0,7.0,0.0,7.0,540.0
2012-11-02,2,4,1,10.000000000000002,8.171455441694862,0.35,12.0,OVERSTOCK,0.0,1.9999999999999982,0.0,1.4999999999999987,1.4999999999999987,540.0
2012-11-02,3,4,1,3.0,3.9777033835959688,0.35,6.0,OVERSTOCK,0.0,3.0,0.0,2.25,2.25,540.0
2012-11-02,4,4,1,6.999999999999998,5.1286073874083895,0.35,7.0,OVERSTOCK,0.0,1.7763568394002505e-15,0.0,1.3322676295501878e-15,1.3322676295501878e-15,540.0
2012-11-02,5,4,2,26.0,24.979249750510345,0.35,34.0,OVERSTOCK,0.0,8.0,0.0,6.0,6.0,540.0
2012-11-02,6,4,1,121.99999999999994,93.14427726894124,0.35,126.0,OVERSTOCK,0.0,4.000000000000057,0.0,3.0000000000000426,3.0000000000000426,540.0
2012-11-02,7,4,2,357.0,256.7717786002517,0.35,347.0,UNDERSTOCK,10.0,0.0,35.0,0.0,35.0,540.0
2012-11-02,8,4,1,686.9999999999999,557.6719170820471,0.35,753.0,OVERSTOCK,0.0,66.00000000000011,0.0,49.500000000000085,49.500000000000085,540.0
2012-11-02,9,4,1,381.9999999999999,291.49589357656544,0.35,394.0,OVERSTOCK,0.0,12.000000000000114,0.0,9.000000000000085,9.000000000000085,540.0
2012-11-02,10,4,1,204.00000000000009,200.1176740682757,0.35,271.0,OVERSTOCK,0.0,66.99999999999991,0.0,50.249999999999936,50.249999999999936,540.0
2012-11-02,11,4,1,221.0,209.01436680559644,0.35,283.0,OVERSTOCK,0.0,62.0,0.0,46.5,46.5,540.0
2012-11-02,12,4,1,292.0000000000001,236.4316686589171,0.35,320.0,OVERSTOCK,0.0,27.999999999999886,0.0,20.999999999999915,20.999999999999915,540.0
2012-11-02,13,4,1,294.0000000000001,232.11127533182733,0.35,314.0,OVERSTOCK,0.0,19.999999999999886,0.0,14.999999999999915,14.999999999999915,540.0
2012-11-02,14,4,2,262.00000000000006,210.48194811144407,0.35,285.0,OVERSTOCK,0.0,22.999999999999943,0.0,17.249999999999957,17.249999999999957,540.0
2012-11-02,15,4,2,305.9999999999999,194.8859050718348,0.35,264.0,UNDERSTOCK,41.999999999999886,0.0,146.9999999999996,0.0,146.9999999999996,540.0
2012-11-02,16,4,1,421.0000000000001,241.51614076381983,0.35,327.0,UNDERSTOCK,94.00000000000011,0.0,329.0000000000004,0.0,329.0000000000004,540.0
2012-11-02,17,4,1,637.9999999999999,508.75257476705474,0.35,687.0,OVERSTOCK,0.0,49.000000000000114,0.0,36.750000000000085,36.750000000000085,540.0
2012-11-02,18,4,2,522.0000000000001,505.88765419012105,0.35,683.0,OVERSTOCK,0.0,160.9999999999999,0.0,120.74999999999991,120.74999999999991,540.0
2012-11-02,19,4,2,374.0,331.8281447086742,0.35,448.0,OVERSTOCK,0.0,74.0,0.0,55.5,55.5,540.0
2012-11-02,20,4,2,221.0,172.37521486324118,0.35,233.0,OVERSTOCK,0.0,12.0,0.0,9.0,9.0,540.0
2012-11-02,21,4,2,155.99999999999994,150.36731743844945,0.35,203.0,OVERSTOCK,0.0,47.00000000000006,0.0,35.25000000000004,35.25000000000004,540.0
2012-11-02,22,4,1,148.99999999999997,130.22696798931395,0.35,176.0,OVERSTOCK,0.0,27.00000000000003,0.0,20.25000000000002,20.25000000000002,540.0
2012-11-02,23,4,1,118.99999999999996,85.40194239090235,0.35,116.0,UNDERSTOCK,2.9999999999999574,0.0,10.49999999999985,0.0,10.49999999999985,540.0
2012-11-03,0,4,1,107.99999999999996,66.9693728694911,0.35,91.0,UNDERSTOCK,16.999999999999957,0.0,59.49999999999985,0.0,59.49999999999985,450.0
2012-11-03,1,4,2,89.0,52.344028157239,0.35,71.0,UNDERSTOCK,18.0,0.0,63.0,0.0,63.0,450.0
2012-11-03,2,4,2,45.99999999999999,41.66081627266523,0.35,57.0,OVERSTOCK,0.0,11.000000000000007,0.0,8.250000000000005,8.250000000000005,450.0
2012-11-03,3,4,2,28.000000000000004,21.55457998313413,0.35,30.0,OVERSTOCK,0.0,1.9999999999999964,0.0,1.4999999999999973,1.4999999999999973,450.0
2012-11-03,4,4,2,16.0,5.109958861951674,0.35,7.0,UNDERSTOCK,9.0,0.0,31.5,0.0,31.5,450.0
2012-11-03,5,4,2,9.000000000000002,4.701741929314839,0.35,7.0,UNDERSTOCK,2.0000000000000018,0.0,7.000000000000006,0.0,7.000000000000006,450.0
2012-11-03,6,4,2,21.000000000000004,25.805720923619496,0.35,35.0,OVERSTOCK,0.0,13.999999999999996,0.0,10.499999999999996,10.499999999999996,450.0
2012-11-03,7,4,2,58.99999999999999,46.15611526748868,0.35,63.0,OVERSTOCK,0.0,4.000000000000007,0.0,3.0000000000000053,3.0000000000000053,450.0
2012-11-03,8,4,2,141.99999999999994,110.9385511489207,0.35,150.0,OVERSTOCK,0.0,8.000000000000057,0.0,6.000000000000043,6.000000000000043,450.0
2012-11-03,9,4,2,219.00000000000009,203.4082727595662,0.35,275.0,OVERSTOCK,0.0,55.999999999999915,0.0,41.999999999999936,41.999999999999936,450.0
2012-11-03,10,4,1,328.0,288.69474142410894,0.35,390.0,OVERSTOCK,0.0,62.0,0.0,46.5,46.5,450.0
2012-11-03,11,4,2,340.00000000000006,313.71940698020427,0.35,424.0,OVERSTOCK,0.0,83.99999999999994,0.0,62.99999999999996,62.99999999999996,450.0
2012-11-03,12,4,2,394.00000000000006,334.22590802789693,0.35,452.0,OVERSTOCK,0.0,57.99999999999994,0.0,43.49999999999996,43.49999999999996,450.0
2012-11-03,13,4,2,449.00000000000006,343.85032659392164,0.35,465.0,OVERSTOCK,0.0,15.999999999999943,0.0,11.999999999999957,11.999999999999957,450.0
2012-11-03,14,4,2,455.00000000000017,337.71303675137585,0.35,456.0,OVERSTOCK,0.0,0.9999999999998295,0.0,0.7499999999998721,0.7499999999998721,450.0
2012-11-03,15,4,2,448.0000000000001,332.40534609873424,0.35,449.0,OVERSTOCK,0.0,0.9999999999998863,0.0,0.7499999999999147,0.7499999999999147,450.0
2012-11-03,16,4,2,400.00000000000006,286.852343893969,0.35,388.0,UNDERSTOCK,12.000000000000057,0.0,42.0000000000002,0.0,42.0000000000002,450.0
2012-11-03,17,4,2,409.99999999999983,248.38824194443168,0.35,336.0,UNDERSTOCK,73.99999999999983,0.0,258.99999999999943,0.0,258.99999999999943,450.0
2012-11-03,18,4,2,297.00000000000006,226.7397686359408,0.35,307.0,OVERSTOCK,0.0,9.999999999999943,0.0,7.499999999999957,7.499999999999957,450.0
2012-11-03,19,4,1,239.0,162.1389293851749,0.35,219.0,UNDERSTOCK,20.0,0.0,70.0,0.0,70.0,450.0
2012-11-03,20,4,1,181.0,118.8494610668892,0.35,161.0,UNDERSTOCK,20.0,0.0,70.0,0.0,70.0,450.0
2012-11-03,21,4,1,166.00000000000006,126.6483962868538,0.35,171.0,OVERSTOCK,0.0,4.999999999999943,0.0,3.7499999999999574,3.7499999999999574,450.0
2012-11-03,22,4,1,145.99999999999997,107.88147981192178,0.35,146.0,OVERSTOCK,0.0,2.842170943040401e-14,0.0,2.1316282072803006e-14,2.1316282072803006e-14,450.0
2012-11-03,23,4,1,148.0,78.35328042625473,0.35,106.0,UNDERSTOCK,42.0,0.0,147.0,0.0,147.0,450.0
2012-11-04,0,4,1,102.0,70.82171380311918,0.35,96.0,UNDERSTOCK,6.0,0.0,21.0,0.0,21.0,405.0
2012-11-04,1,4,1,165.00000000000006,57.149568116765145,0.35,78.0,UNDERSTOCK,87.00000000000006,0.0,304.5000000000002,0.0,304.5000000000002,405.0
2012-11-04,2,4,1,36.99999999999999,48.0309467026972,0.35,65.0,OVERSTOCK,0.0,28.000000000000007,0.0,21.000000000000007,21.000000000000007,405.0
2012-11-04,3,4,1,11.0,22.324248362380576,0.35,31.0,OVERSTOCK,0.0,20.0,0.0,15.0,15.0,405.0
2012-11-04,4,4,1,9.000000000000002,6.687759840479043,0.35,10.0,OVERSTOCK,0.0,0.9999999999999982,0.0,0.7499999999999987,0.7499999999999987,405.0
2012-11-04,5,4,1,5.0,6.0292282698224255,0.35,9.0,OVERSTOCK,0.0,4.0,0.0,3.0,3.0,405.0
2012-11-04,6,4,1,16.0,18.557632476736615,0.35,26.0,OVERSTOCK,0.0,10.0,0.0,7.5,7.5,405.0
2012-11-04,7,4,1,50.0,20.890765882227985,0.35,29.0,UNDERSTOCK,21.0,0.0,73.5,0.0,73.5,405.0
2012-11-04,8,4,1,148.99999999999997,73.33710701957807,0.35,100.0,UNDERSTOCK,48.99999999999997,0.0,171.4999999999999,0.0,171.4999999999999,405.0
2012-11-04,9,4,1,217.0,166.433225822328,0.35,225.0,OVERSTOCK,0.0,8.0,0.0,6.0,6.0,405.0
2012-11-04,10,4,1,359.99999999999983,250.32523729505212,0.35,338.0,UNDERSTOCK,21.99999999999983,0.0,76.9999999999994,0.0,76.9999999999994,405.0
2012-11-04,11,4,1,445.00000000000006,318.24454802918484,0.35,430.0,UNDERSTOCK,15.000000000000057,0.0,52.5000000000002,0.0,52.5000000000002,405.0
2012-11-04,12,4,1,504.00000000000017,334.8797126763935,0.35,453.0,UNDERSTOCK,51.00000000000017,0.0,178.5000000000006,0.0,178.5000000000006,405.0
2012-11-04,13,4,1,493.00000000000017,360.6068212135403,0.35,487.0,UNDERSTOCK,6.0000000000001705,0.0,21.000000000000597,0.0,21.000000000000597,405.0
2012-11-04,14,4,1,508.9999999999999,348.7178621541198,0.35,471.0,UNDERSTOCK,37.999999999999886,0.0,132.9999999999996,0.0,132.9999999999996,405.0
2012-11-04,15,4,1,449.00000000000006,337.4404737220893,0.35,456.0,OVERSTOCK,0.0,6.999999999999943,0.0,5.249999999999957,5.249999999999957,405.0
2012-11-04,16,4,1,435.0,299.86197414477664,0.35,405.0,UNDERSTOCK,30.0,0.0,105.0,0.0,105.0,405.0
2012-11-04,17,4,1,327.0000000000001,253.83044152439768,0.35,343.0,OVERSTOCK,0.0,15.999999999999886,0.0,11.999999999999915,11.999999999999915,405.0
2012-11-04,18,4,1,237.00000000000009,223.33227403527707,0.35,302.0,OVERSTOCK,0.0,64.99999999999991,0.0,48.749999999999936,48.749999999999936,405.0
2012-11-04,19,4,1,227.00000000000009,158.55681240825697,0.35,215.0,UNDERSTOCK,12.000000000000085,0.0,42.0000000000003,0.0,42.0000000000003,405.0
2012-11-04,20,4,1,141.00000000000003,108.73060085202174,0.35,147.0,OVERSTOCK,0.0,5.999999999999972,0.0,4.499999999999979,4.499999999999979,405.0
2012-11-04,21,4,1,87.00000000000003,69.73157106613746,0.35,95.0,OVERSTOCK,0.0,7.999999999999972,0.0,5.999999999999979,5.999999999999979,405.0
2012-11-04,22,4,1,78.99999999999997,66.16760812052506,0.35,90.0,OVERSTOCK,0.0,11.000000000000028,0.0,8.250000000000021,8.250000000000021,405.0
2012-11-04,23,4,2,53.00000000000001,44.92713761365236,0.35,61.0,OVERSTOCK,0.0,7.999999999999993,0.0,5.999999999999995,5.999999999999995,405.0
2012-11-05,0,4,2,23.000000000000004,19.301178588805456,0.35,27.0,OVERSTOCK,0.0,3.9999999999999964,0.0,2.9999999999999973,2.9999999999999973,450.0
2012-11-05,1,4,2,8.000000000000002,9.485349349251852,0.35,13.0,OVERSTOCK,0.0,4.999999999999998,0.0,3.7499999999999987,3.7499999999999987,450.0
2012-11-05,2,4,2,5.999999999999999,4.582450224620543,0.35,7.0,OVERSTOCK,0.0,1.0000000000000009,0.0,0.7500000000000007,0.7500000000000007,450.0
2012-11-05,3,4,2,4.0,2.986758598314365,0.35,5.0,OVERSTOCK,0.0,1.0,0.0,0.75,0.75,450.0
2012-11-05,4,4,2,16.0,4.185389924867365,0.35,6.0,UNDERSTOCK,10.0,0.0,35.0,0.0,35.0,450.0
2012-11-05,5,4,2,39.0,22.63147278484333,0.35,31.0,UNDERSTOCK,8.0,0.0,28.0,0.0,28.0,450.0
2012-11-05,6,4,2,138.99999999999994,95.45840090792632,0.35,129.0,UNDERSTOCK,9.999999999999943,0.0,34.9999999999998,0.0,34.9999999999998,450.0
2012-11-05,7,4,2,460.9999999999999,274.44471384796725,0.35,371.0,UNDERSTOCK,89.99999999999989,0.0,314.9999999999996,0.0,314.9999999999996,450.0
2012-11-05,8,4,2,648.0000000000002,472.2161259797305,0.35,638.0,UNDERSTOCK,10.000000000000227,0.0,35.000000000000796,0.0,35.000000000000796,450.0
2012-11-05,9,4,2,257.0,260.48313013107054,0.35,352.0,OVERSTOCK,0.0,95.0,0.0,71.25,71.25,450.0
2012-11-05,10,4,1,141.99999999999994,124.17564702933554,0.35,168.0,OVERSTOCK,0.0,26.000000000000057,0.0,19.500000000000043,19.500000000000043,450.0
2012-11-05,11,4,1,150.0,146.65133436480147,0.35,198.0,OVERSTOCK,0.0,48.0,0.0,36.0,36.0,450.0
2012-11-05,12,4,1,244.0000000000001,179.96691610289335,0.35,243.0,UNDERSTOCK,1.0000000000001137,0.0,3.500000000000398,0.0,3.500000000000398,450.0
2012-11-05,13,4,1,222.00000000000003,170.0183343724767,0.35,230.0,OVERSTOCK,0.0,7.999999999999972,0.0,5.999999999999979,5.999999999999979,450.0
2012-11-05,14,4,1,196.0,159.9797395220395,0.35,216.0,OVERSTOCK,0.0,20.0,0.0,15.0,15.0,450.0
2012-11-05,15,4,1,231.0,163.94930882445527,0.35,222.0,UNDERSTOCK,9.0,0.0,31.5,0.0,31.5,450.0
2012-11-05,16,4,1,359.99999999999983,229.1944321586819,0.35,310.0,UNDERSTOCK,49.99999999999983,0.0,174.9999999999994,0.0,174.9999999999994,450.0
2012-11-05,17,4,1,637.9999999999999,509.8421792513627,0.35,689.0,OVERSTOCK,0.0,51.000000000000114,0.0,38.250000000000085,38.250000000000085,450.0
2012-11-05,18,4,1,541.9999999999999,516.2351624954026,0.35,697.0,OVERSTOCK,0.0,155.0000000000001,0.0,116.25000000000009,116.25000000000009,450.0
2012-11-05,19,4,1,372.00000000000017,304.2003739752069,0.35,411.0,OVERSTOCK,0.0,38.99999999999983,0.0,29.249999999999872,29.249999999999872,450.0
2012-11-05,20,4,1,241.00000000000009,201.31074386650783,0.35,272.0,OVERSTOCK,0.0,30.999999999999915,0.0,23.249999999999936,23.249999999999936,450.0
2012-11-05,21,4,1,151.99999999999997,131.78433537628732,0.35,178.0,OVERSTOCK,0.0,26.00000000000003,0.0,19.50000000000002,19.50000000000002,450.0
2012-11-05,22,4,1,115.0,87.79259654020528,0.35,119.0,OVERSTOCK,0.0,4.0,0.0,3.0,3.0,450.0
2012-11-05,23,4,1,53.00000000000001,43.37265249546255,0.35,59.0,OVERSTOCK,0.0,5.999999999999993,0.0,4.499999999999995,4.499999999999995,450.0
2012-11-06,0,4,1,19.0,18.57050565041176,0.35,26.0,OVERSTOCK,0.0,7.0,0.0,5.25,5.25,450.0
2012-11-06,1,4,1,8.000000000000002,8.174576817427662,0.35,12.0,OVERSTOCK,0.0,3.9999999999999982,0.0,2.9999999999999987,2.9999999999999987,450.0
2012-11-06,2,4,1,2.0000000000000004,3.2035839929156467,0.35,5.0,OVERSTOCK,0.0,2.9999999999999996,0.0,2.2499999999999996,2.2499999999999996,450.0
2012-11-06,3,4,1,4.0,2.6549240942123578,0.35,4.0,OK,0.0,0.0,0.0,0.0,0.0,450.0
2012-11-06,4,4,1,6.999999999999998,3.330164849099237,0.35,5.0,UNDERSTOCK,1.9999999999999982,0.0,6.999999999999994,0.0,6.999999999999994,450.0
2012-11-06,5,4,2,41.00000000000001,20.29124344528381,0.35,28.0,UNDERSTOCK,13.000000000000007,0.0,45.50000000000003,0.0,45.50000000000003,450.0
2012-11-06,6,4,1,148.99999999999997,92.0188290902265,0.35,125.0,UNDERSTOCK,23.99999999999997,0.0,83.9999999999999,0.0,83.9999999999999,450.0
2012-11-06,7,4,1,387.00000000000006,254.10641687168584,0.35,344.0,UNDERSTOCK,43.00000000000006,0.0,150.5000000000002,0.0,150.5000000000002,450.0
2012-11-06,8,4,1,587.9999999999999,494.6807657109716,0.35,668.0,OVERSTOCK,0.0,80.00000000000011,0.0,60.000000000000085,60.000000000000085,450.0
2012-11-06,9,4,1,363.0,245.88067369914623,0.35,332.0,UNDERSTOCK,31.0,0.0,108.5,0.0,108.5,450.0
2012-11-06,10,4,1,229.99999999999997,124.972875946156,0.35,169.0,UNDERSTOCK,60.99999999999997,0.0,213.4999999999999,0.0,213.4999999999999,450.0
2012-11-06,11,4,1,216.00000000000003,150.70149460428914,0.35,204.0,UNDERSTOCK,12.000000000000028,0.0,42.0000000000001,0.0,42.0000000000001,450.0
2012-11-06,12,4,1,247.99999999999997,182.75424387671552,0.35,247.0,UNDERSTOCK,0.9999999999999716,0.0,3.4999999999999005,0.0,3.4999999999999005,450.0
2012-11-06,13,4,1,277.99999999999994,184.3864825168569,0.35,249.0,UNDERSTOCK,28.999999999999943,0.0,101.4999999999998,0.0,101.4999999999998,450.0
2012-11-06,14,4,1,239.99999999999997,162.19310845171182,0.35,219.0,UNDERSTOCK,20.99999999999997,0.0,73.4999999999999,0.0,73.4999999999999,450.0
2012-11-06,15,4,1,272.0,154.16985107418057,0.35,209.0,UNDERSTOCK,63.0,0.0,220.5,0.0,220.5,450.0
2012-11-06,16,4,1,401.99999999999983,240.9947907783711,0.35,326.0,UNDERSTOCK,75.99999999999983,0.0,265.99999999999943,0.0,265.99999999999943,450.0
2012-11-06,17,4,1,626.9999999999999,489.08265983361946,0.35,661.0,OVERSTOCK,0.0,34.000000000000114,0.0,25.500000000000085,25.500000000000085,450.0
2012-11-06,18,4,1,497.0,489.30289692821054,0.35,661.0,OVERSTOCK,0.0,164.0,0.0,123.0,123.0,450.0
2012-11-06,19,4,1,370.9999999999999,272.9061261365301,0.35,369.0,UNDERSTOCK,1.9999999999998863,0.0,6.999999999999602,0.0,6.999999999999602,450.0
2012-11-06,20,4,1,228.00000000000009,194.34653255303624,0.35,263.0,OVERSTOCK,0.0,34.999999999999915,0.0,26.249999999999936,26.249999999999936,450.0
2012-11-06,21,4,2,151.0,129.14502838490412,0.35,175.0,OVERSTOCK,0.0,24.0,0.0,18.0,18.0,450.0
2012-11-06,22,4,2,153.00000000000006,101.22631952249868,0.35,137.0,UNDERSTOCK,16.000000000000057,0.0,56.0000000000002,0.0,56.0000000000002,450.0
2012-11-06,23,4,1,205.00000000000003,49.87775555925876,0.35,68.0,UNDERSTOCK,137.00000000000003,0.0,479.5000000000001,0.0,479.5000000000001,450.0
2012-11-07,0,4,2,283.00000000000006,22.03438379989869,0.35,30.0,UNDERSTOCK,253.00000000000006,0.0,885.5000000000002,0.0,885.5000000000002,450.0
2012-11-07,1,4,2,92.00000000000004,8.049349558250825,0.35,11.0,UNDERSTOCK,81.00000000000004,0.0,283.50000000000017,0.0,283.50000000000017,450.0
2012-11-07,2,4,2,73.99999999999997,5.466609354996568,0.35,8.0,UNDERSTOCK,65.99999999999997,0.0,230.9999999999999,0.0,230.9999999999999,450.0
2012-11-07,3,4,2,11.0,2.416151449529196,0.35,4.0,UNDERSTOCK,7.0,0.0,24.5,0.0,24.5,450.0
2012-11-07,4,4,2,9.000000000000002,2.790521377541345,0.35,4.0,UNDERSTOCK,5.000000000000002,0.0,17.500000000000007,0.0,17.500000000000007,450.0
2012-11-07,5,4,2,27.0,23.54547356428196,0.35,32.0,OVERSTOCK,0.0,5.0,0.0,3.75,3.75,450.0
2012-11-07,6,4,2,118.00000000000004,89.79201096977468,0.35,122.0,OVERSTOCK,0.0,3.9999999999999574,0.0,2.999999999999968,2.999999999999968,450.0
2012-11-07,7,4,2,318.99999999999994,275.6052642329117,0.35,373.0,OVERSTOCK,0.0,54.00000000000006,0.0,40.50000000000004,40.50000000000004,450.0
2012-11-07,8,4,2,600.9999999999999,493.3358865560948,0.35,667.0,OVERSTOCK,0.0,66.00000000000011,0.0,49.500000000000085,49.500000000000085,450.0
2012-11-07,9,4,2,368.0,244.37885499895756,0.35,330.0,UNDERSTOCK,38.0,0.0,133.0,0.0,133.0,450.0
2012-11-07,10,4,2,178.0,129.48519445932425,0.35,175.0,UNDERSTOCK,3.0,0.0,10.5,0.0,10.5,450.0
2012-11-07,11,4,2,146.99999999999994,132.87785852451103,0.35,180.0,OVERSTOCK,0.0,33.00000000000006,0.0,24.750000000000043,24.750000000000043,450.0
2012-11-07,12,4,2,212.00000000000009,154.2752695424966,0.35,209.0,UNDERSTOCK,3.0000000000000853,0.0,10.500000000000298,0.0,10.500000000000298,450.0
2012-11-07,13,4,2,181.0,142.78371686802535,0.35,193.0,OVERSTOCK,0.0,12.0,0.0,9.0,9.0,450.0
2012-11-07,14,4,2,160.99999999999994,131.5942075884671,0.35,178.0,OVERSTOCK,0.0,17.000000000000057,0.0,12.750000000000043,12.750000000000043,450.0
2012-11-07,15,4,2,198.0,137.15825240786654,0.35,186.0,UNDERSTOCK,12.0,0.0,42.0,0.0,42.0,450.0
2012-11-07,16,4,2,273.00000000000006,206.9153220481527,0.35,280.0,OVERSTOCK,0.0,6.999999999999943,0.0,5.249999999999957,5.249999999999957,450.0
2012-11-07,17,4,2,516.9999999999999,469.28900655670776,0.35,634.0,OVERSTOCK,0.0,117.00000000000011,0.0,87.75000000000009,87.75000000000009,450.0
2012-11-07,18,4,2,464.99999999999983,470.7212543456496,0.35,636.0,OVERSTOCK,0.0,171.00000000000017,0.0,128.2500000000001,128.2500000000001,450.0
2012-11-07,19,4,2,318.99999999999994,260.67599164315186,0.35,352.0,OVERSTOCK,0.0,33.00000000000006,0.0,24.750000000000043,24.750000000000043,450.0
2012-11-07,20,4,2,256.00000000000006,196.16670860361933,0.35,265.0,OVERSTOCK,0.0,8.999999999999943,0.0,6.749999999999957,6.749999999999957,450.0
2012-11-07,21,4,2,126.0,149.28233794803057,0.35,202.0,OVERSTOCK,0.0,76.0,0.0,57.0,57.0,450.0
2012-11-07,22,4,3,60.00000000000001,60.93831147880278,0.35,83.0,OVERSTOCK,0.0,22.999999999999993,0.0,17.249999999999993,17.249999999999993,450.0
2012-11-07,23,4,3,40.00000000000001,34.99635995947927,0.35,48.0,OVERSTOCK,0.0,7.999999999999993,0.0,5.999999999999995,5.999999999999995,450.0
2012-11-08,0,4,3,14.999999999999998,10.68059596725778,0.35,15.0,OVERSTOCK,0.0,1.7763568394002505e-15,0.0,1.3322676295501878e-15,1.3322676295501878e-15,495.0
2012-11-08,1,4,3,12.0,8.065312346391364,0.35,11.0,UNDERSTOCK,1.0,0.0,3.5,0.0,3.5,495.0
2012-11-08,2,4,2,5.999999999999999,4.855387603069744,0.35,7.0,OVERSTOCK,0.0,1.0000000000000009,0.0,0.7500000000000007,0.7500000000000007,495.0
2012-11-08,4,4,2,10.000000000000002,3.1848930854944477,0.35,5.0,UNDERSTOCK,5.000000000000002,0.0,17.500000000000007,0.0,17.500000000000007,495.0
2012-11-08,5,4,2,35.0,24.104673539509182,0.35,33.0,UNDERSTOCK,2.0,0.0,7.0,0.0,7.0,495.0
2012-11-08,6,4,1,124.00000000000004,100.48307780435806,0.35,136.0,OVERSTOCK,0.0,11.999999999999957,0.0,8.999999999999968,8.999999999999968,495.0
2012-11-08,7,4,1,423.0,273.7438693590664,0.35,370.0,UNDERSTOCK,53.0,0.0,185.5,0.0,185.5,495.0
2012-11-08,8,4,1,668.0000000000002,512.2307158648102,0.35,692.0,OVERSTOCK,0.0,23.999999999999773,0.0,17.99999999999983,17.99999999999983,495.0
2012-11-08,9,4,1,274.9999999999999,287.90480187090225,0.35,389.0,OVERSTOCK,0.0,114.00000000000011,0.0,85.50000000000009,85.50000000000009,495.0
2012-11-08,10,4,1,160.99999999999994,141.75236463248672,0.35,192.0,OVERSTOCK,0.0,31.000000000000057,0.0,23.250000000000043,23.250000000000043,495.0
2012-11-08,11,4,1,170.99999999999994,173.91339794491947,0.35,235.0,OVERSTOCK,0.0,64.00000000000006,0.0,48.00000000000004,48.00000000000004,495.0
2012-11-08,12,4,1,235.0000000000001,199.2102442925276,0.35,269.0,OVERSTOCK,0.0,33.999999999999886,0.0,25.499999999999915,25.499999999999915,495.0
2012-11-08,13,4,1,228.00000000000009,235.6613567872153,0.35,319.0,OVERSTOCK,0.0,90.99999999999991,0.0,68.24999999999994,68.24999999999994,495.0
2012-11-08,14,4,1,182.00000000000009,219.0672220700515,0.35,296.0,OVERSTOCK,0.0,113.99999999999991,0.0,85.49999999999994,85.49999999999994,495.0
2012-11-08,15,4,1,233.00000000000009,218.62940125729165,0.35,296.0,OVERSTOCK,0.0,62.999999999999915,0.0,47.249999999999936,47.249999999999936,495.0
2012-11-08,16,4,1,339.0000000000001,284.2441051313262,0.35,384.0,OVERSTOCK,0.0,44.999999999999886,0.0,33.749999999999915,33.749999999999915,495.0
2012-11-08,17,4,1,592.0000000000002,524.953215304068,0.35,709.0,OVERSTOCK,0.0,116.99999999999977,0.0,87.74999999999983,87.74999999999983,495.0
2012-11-08,18,4,1,507.00000000000006,523.0217342378676,0.35,707.0,OVERSTOCK,0.0,199.99999999999994,0.0,149.99999999999994,149.99999999999994,495.0
2012-11-08,19,4,1,373.0000000000001,351.4565913191798,0.35,475.0,OVERSTOCK,0.0,101.99999999999989,0.0,76.49999999999991,76.49999999999991,495.0
2012-11-08,20,4,1,244.99999999999991,210.87267366360868,0.35,285.0,OVERSTOCK,0.0,40.000000000000085,0.0,30.000000000000064,30.000000000000064,495.0
2012-11-08,21,4,1,233.00000000000009,168.47395467812868,0.35,228.0,UNDERSTOCK,5.000000000000085,0.0,17.5000000000003,0.0,17.5000000000003,495.0
2012-11-08,22,4,1,160.99999999999994,125.78045050798468,0.35,170.0,OVERSTOCK,0.0,9.000000000000057,0.0,6.750000000000043,6.750000000000043,495.0
2012-11-08,23,4,1,87.00000000000003,77.83212702901602,0.35,106.0,OVERSTOCK,0.0,18.99999999999997,0.0,14.249999999999979,14.249999999999979,495.0
2012-11-09,0,4,1,55.00000000000002,34.93862924128506,0.35,48.0,UNDERSTOCK,7.000000000000021,0.0,24.500000000000075,0.0,24.500000000000075,540.0
2012-11-09,1,4,1,20.0,16.52617938412239,0.35,23.0,OVERSTOCK,0.0,3.0,0.0,2.25,2.25,540.0
2012-11-09,2,4,1,12.0,7.101312770115885,0.35,10.0,UNDERSTOCK,2.0,0.0,7.0,0.0,7.0,540.0
2012-11-09,3,4,1,9.000000000000002,3.905859127910858,0.35,6.0,UNDERSTOCK,3.0000000000000018,0.0,10.500000000000007,0.0,10.500000000000007,540.0
2012-11-09,4,4,1,14.0,4.247095346079773,0.35,6.0,UNDERSTOCK,8.0,0.0,28.0,0.0,28.0,540.0
2012-11-09,5,4,1,27.0,24.599752689133748,0.35,34.0,OVERSTOCK,0.0,7.0,0.0,5.25,5.25,540.0
2012-11-09,6,4,1,130.99999999999997,83.40864021627364,0.35,113.0,UNDERSTOCK,17.99999999999997,0.0,62.9999999999999,0.0,62.9999999999999,540.0
2012-11-09,7,4,1,340.9999999999999,227.68514146764608,0.35,308.0,UNDERSTOCK,32.999999999999886,0.0,115.4999999999996,0.0,115.4999999999996,540.0
2012-11-09,8,4,1,693.0000000000001,553.5408403343172,0.35,748.0,OVERSTOCK,0.0,54.999999999999886,0.0,41.249999999999915,41.249999999999915,540.0
2012-11-09,9,4,1,327.0000000000001,285.3428376486196,0.35,386.0,OVERSTOCK,0.0,58.999999999999886,0.0,44.249999999999915,44.249999999999915,540.0
2012-11-09,10,4,1,197.0,176.40118267937538,0.35,239.0,OVERSTOCK,0.0,42.0,0.0,31.5,31.5,540.0
2012-11-09,11,4,1,251.00000000000003,215.30073663209876,0.35,291.0,OVERSTOCK,0.0,39.99999999999997,0.0,29.99999999999998,29.99999999999998,540.0
2012-11-09,12,4,1,262.00000000000006,240.27040206968212,0.35,325.0,OVERSTOCK,0.0,62.99999999999994,0.0,47.24999999999996,47.24999999999996,540.0
2012-11-09,13,4,1,298.99999999999994,246.1067338168611,0.35,333.0,OVERSTOCK,0.0,34.00000000000006,0.0,25.500000000000043,25.500000000000043,540.0
2012-11-09,14,4,1,274.0000000000001,245.76477029317616,0.35,332.0,OVERSTOCK,0.0,57.999999999999886,0.0,43.499999999999915,43.499999999999915,540.0
2012-11-09,15,4,1,355.9999999999999,250.698550549405,0.35,339.0,UNDERSTOCK,16.999999999999886,0.0,59.4999999999996,0.0,59.4999999999996,540.0
2012-11-09,16,4,1,434.00000000000006,309.4684175862239,0.35,418.0,UNDERSTOCK,16.000000000000057,0.0,56.0000000000002,0.0,56.0000000000002,540.0
2012-11-09,17,4,1,653.9999999999999,539.1706561033322,0.35,728.0,OVERSTOCK,0.0,74.00000000000011,0.0,55.500000000000085,55.500000000000085,540.0
2012-11-09,18,4,1,496.0000000000001,535.2358377867619,0.35,723.0,OVERSTOCK,0.0,226.9999999999999,0.0,170.24999999999991,170.24999999999991,540.0
2012-11-09,19,4,1,361.00000000000017,290.9396144608117,0.35,393.0,OVERSTOCK,0.0,31.99999999999983,0.0,23.999999999999872,23.999999999999872,540.0
2012-11-09,20,4,1,254.99999999999997,184.85025662275785,0.35,250.0,UNDERSTOCK,4.999999999999972,0.0,17.4999999999999,0.0,17.4999999999999,540.0
2012-11-09,21,4,1,198.99999999999991,170.87408188659802,0.35,231.0,OVERSTOCK,0.0,32.000000000000085,0.0,24.000000000000064,24.000000000000064,540.0
2012-11-09,22,4,1,163.00000000000006,130.81754471856507,0.35,177.0,OVERSTOCK,0.0,13.999999999999943,0.0,10.499999999999957,10.499999999999957,540.0
2012-11-09,23,4,1,162.0,68.10251704538622,0.35,92.0,UNDERSTOCK,70.0,0.0,245.0,0.0,245.0,540.0
2012-11-10,0,4,1,121.99999999999994,58.70710896971895,0.35,80.0,UNDERSTOCK,41.99999999999994,0.0,146.9999999999998,0.0,146.9999999999998,495.0
2012-11-10,1,4,1,76.00000000000001,50.275618601686304,0.35,68.0,UNDERSTOCK,8.000000000000014,0.0,28.00000000000005,0.0,28.00000000000005,495.0
2012-11-10,2,4,1,43.99999999999999,44.41953986685316,0.35,60.0,OVERSTOCK,0.0,16.000000000000007,0.0,12.000000000000005,12.000000000000005,495.0
2012-11-10,3,4,1,20.0,23.499657655031957,0.35,32.0,OVERSTOCK,0.0,12.0,0.0,9.0,9.0,495.0
2012-11-10,4,4,1,5.999999999999999,5.991515742145061,0.35,9.0,OVERSTOCK,0.0,3.000000000000001,0.0,2.250000000000001,2.250000000000001,495.0
2012-11-10,5,4,1,10.000000000000002,5.056173412017236,0.35,7.0,UNDERSTOCK,3.0000000000000018,0.0,10.500000000000007,0.0,10.500000000000007,495.0
2012-11-10,6,4,1,16.0,14.106157202416306,0.35,20.0,OVERSTOCK,0.0,4.0,0.0,3.0,3.0,495.0
2012-11-10,7,4,1,71.0,26.546981524606235,0.35,36.0,UNDERSTOCK,35.0,0.0,122.5,0.0,122.5,495.0
2012-11-10,8,4,1,145.99999999999997,114.15178651623398,0.35,155.0,OVERSTOCK,0.0,9.000000000000028,0.0,6.750000000000021,6.750000000000021,495.0
2012-11-10,9,4,1,258.99999999999994,207.82708380683852,0.35,281.0,OVERSTOCK,0.0,22.000000000000057,0.0,16.500000000000043,16.500000000000043,495.0
2012-11-10,10,4,1,349.9999999999999,285.27751836494133,0.35,386.0,OVERSTOCK,0.0,36.000000000000114,0.0,27.000000000000085,27.000000000000085,495.0
2012-11-10,11,4,1,466.00000000000006,321.848293163174,0.35,435.0,UNDERSTOCK,31.000000000000057,0.0,108.5000000000002,0.0,108.5000000000002,495.0
2012-11-10,12,4,1,606.0,397.4162900465349,0.35,537.0,UNDERSTOCK,69.0,0.0,241.5,0.0,241.5,495.0
2012-11-10,13,4,1,651.0000000000001,422.2410330714149,0.35,571.0,UNDERSTOCK,80.00000000000011,0.0,280.0000000000004,0.0,280.0000000000004,495.0
2012-11-10,14,4,1,626.9999999999999,418.9007077607781,0.35,566.0,UNDERSTOCK,60.999999999999886,0.0,213.4999999999996,0.0,213.4999999999996,495.0
2012-11-10,15,4,1,567.0000000000001,403.7944777159389,0.35,546.0,UNDERSTOCK,21.000000000000114,0.0,73.5000000000004,0.0,73.5000000000004,495.0
2012-11-10,16,4,1,604.9999999999999,431.4016026200712,0.35,583.0,UNDERSTOCK,21.999999999999886,0.0,76.9999999999996,0.0,76.9999999999996,495.0
2012-11-10,17,4,1,500.99999999999983,333.527929146081,0.35,451.0,UNDERSTOCK,49.99999999999983,0.0,174.9999999999994,0.0,174.9999999999994,495.0
2012-11-10,18,4,1,359.00000000000006,251.324507901626,0.35,340.0,UNDERSTOCK,19.000000000000057,0.0,66.5000000000002,0.0,66.5000000000002,495.0
2012-11-10,19,4,1,283.00000000000006,223.48141847962376,0.35,302.0,OVERSTOCK,0.0,18.999999999999943,0.0,14.249999999999957,14.249999999999957,495.0
2012-11-10,20,4,1,192.0,167.07713416646652,0.35,226.0,OVERSTOCK,0.0,34.0,0.0,25.5,25.5,495.0
2012-11-10,21,4,1,219.99999999999991,132.13618405031994,0.35,179.0,UNDERSTOCK,40.999999999999915,0.0,143.49999999999972,0.0,143.49999999999972,495.0
2012-11-10,22,4,1,193.00000000000003,124.829324074568,0.35,169.0,UNDERSTOCK,24.00000000000003,0.0,84.0000000000001,0.0,84.0000000000001,495.0
2012-11-10,23,4,1,145.99999999999997,72.25226412213995,0.35,98.0,UNDERSTOCK,47.99999999999997,0.0,167.9999999999999,0.0,167.9999999999999,495.0
2012-11-11,0,4,1,124.00000000000004,59.77391681037624,0.35,81.0,UNDERSTOCK,43.00000000000004,0.0,150.50000000000014,0.0,150.50000000000014,495.0
2012-11-11,1,4,1,107.99999999999996,58.80229115656999,0.35,80.0,UNDERSTOCK,27.999999999999957,0.0,97.99999999999986,0.0,97.99999999999986,495.0
2012-11-11,2,4,1,70.0,47.219491796007446,0.35,64.0,UNDERSTOCK,6.0,0.0,21.0,0.0,21.0,495.0
2012-11-11,3,4,1,47.99999999999999,29.765181437870663,0.35,41.0,UNDERSTOCK,6.999999999999993,0.0,24.499999999999975,0.0,24.499999999999975,495.0
2012-11-11,4,4,1,11.0,6.737937883867385,0.35,10.0,UNDERSTOCK,1.0,0.0,3.5,0.0,3.5,495.0
2012-11-11,5,4,1,12.0,5.74359180062166,0.35,8.0,UNDERSTOCK,4.0,0.0,14.0,0.0,14.0,495.0
2012-11-11,6,4,1,19.0,14.36171860652142,0.35,20.0,OVERSTOCK,0.0,1.0,0.0,0.75,0.75,495.0
2012-11-11,7,4,1,68.00000000000001,30.83878725521654,0.35,42.0,UNDERSTOCK,26.000000000000014,0.0,91.00000000000006,0.0,91.00000000000006,495.0
2012-11-11,8,4,1,118.99999999999996,75.50905879587374,0.35,102.0,UNDERSTOCK,16.999999999999957,0.0,59.49999999999985,0.0,59.49999999999985,495.0
2012-11-11,9,4,1,273.00000000000006,191.04078178557236,0.35,258.0,UNDERSTOCK,15.000000000000057,0.0,52.5000000000002,0.0,52.5000000000002,495.0
2012-11-11,10,4,1,405.0,283.9093198469152,0.35,384.0,UNDERSTOCK,21.0,0.0,73.5,0.0,73.5,495.0
2012-11-11,11,4,1,504.00000000000017,316.1110081347357,0.35,427.0,UNDERSTOCK,77.00000000000017,0.0,269.50000000000057,0.0,269.50000000000057,495.0
2012-11-11,12,4,1,584.9999999999998,361.966026954029,0.35,489.0,UNDERSTOCK,95.99999999999977,0.0,335.9999999999992,0.0,335.9999999999992,495.0
2012-11-11,13,4,1,685.9999999999998,370.9220497836062,0.35,501.0,UNDERSTOCK,184.99999999999977,0.0,647.4999999999992,0.0,647.4999999999992,495.0
2012-11-11,14,4,1,653.9999999999999,520.2906173872399,0.35,703.0,OVERSTOCK,0.0,49.000000000000114,0.0,36.750000000000085,36.750000000000085,495.0
2012-11-11,15,4,1,724.0,392.8231684082567,0.35,531.0,UNDERSTOCK,193.0,0.0,675.5,0.0,675.5,495.0
2012-11-11,16,4,1,653.0000000000001,418.6294329411082,0.35,566.0,UNDERSTOCK,87.00000000000011,0.0,304.5000000000004,0.0,304.5000000000004,495.0
2012-11-11,17,4,1,493.00000000000017,333.3051735018032,0.35,450.0,UNDERSTOCK,43.00000000000017,0.0,150.5000000000006,0.0,150.5000000000006,495.0
2012-11-11,18,4,1,405.0,307.80685025441306,0.35,416.0,OVERSTOCK,0.0,11.0,0.0,8.25,8.25,495.0
2012-11-11,19,4,1,276.99999999999994,217.46823467332544,0.35,294.0,OVERSTOCK,0.0,17.000000000000057,0.0,12.750000000000043,12.750000000000043,495.0
2012-11-11,20,4,1,200.0,149.69638785060175,0.35,203.0,OVERSTOCK,0.0,3.0,0.0,2.25,2.25,495.0
2012-11-11,21,4,1,170.99999999999994,124.9331304006454,0.35,169.0,UNDERSTOCK,1.9999999999999432,0.0,6.999999999999801,0.0,6.999999999999801,495.0
2012-11-11,22,4,1,134.00000000000003,100.43062736064664,0.35,136.0,OVERSTOCK,0.0,1.9999999999999716,0.0,1.4999999999999787,1.4999999999999787,495.0
2012-11-11,23,4,1,109.00000000000004,54.19546264316519,0.35,74.0,UNDERSTOCK,35.00000000000004,0.0,122.50000000000014,0.0,122.50000000000014,495.0
2012-11-12,0,4,1,48.99999999999999,45.20039452963146,0.35,62.0,OVERSTOCK,0.0,13.000000000000007,0.0,9.750000000000005,9.750000000000005,450.0
2012-11-12,1,4,1,30.0,36.591575180025536,0.35,50.0,OVERSTOCK,0.0,20.0,0.0,15.0,15.0,450.0
2012-11-12,2,4,1,20.0,28.23968453996229,0.35,39.0,OVERSTOCK,0.0,19.0,0.0,14.25,14.25,450.0
2012-11-12,3,4,1,4.0,10.314560795258696,0.35,14.0,OVERSTOCK,0.0,10.0,0.0,7.5,7.5,450.0
2012-11-12,4,4,1,4.0,9.137520603056757,0.35,13.0,OVERSTOCK,0.0,9.0,0.0,6.75,6.75,450.0
2012-11-12,5,4,1,24.0,8.605411589803436,0.35,12.0,UNDERSTOCK,12.0,0.0,42.0,0.0,42.0,450.0
2012-11-12,6,4,1,71.0,31.45383131757832,0.35,43.0,UNDERSTOCK,28.0,0.0,98.0,0.0,98.0,450.0
2012-11-12,7,4,1,263.99999999999994,55.31542658342117,0.35,75.0,UNDERSTOCK,188.99999999999994,0.0,661.4999999999998,0.0,661.4999999999998,450.0
2012-11-12,8,4,1,539.9999999999998,159.2748815102074,0.35,216.0,UNDERSTOCK,323.9999999999998,0.0,1133.999999999999,0.0,1133.999999999999,450.0
2012-11-12,9,4,1,397.0,197.017497735766,0.35,266.0,UNDERSTOCK,131.0,0.0,458.5,0.0,458.5,450.0
2012-11-12,10,4,1,266.00000000000006,260.38226517483247,0.35,352.0,OVERSTOCK,0.0,85.99999999999994,0.0,64.49999999999996,64.49999999999996,450.0
2012-11-12,11,4,1,367.0000000000001,283.4801915075656,0.35,383.0,OVERSTOCK,0.0,15.999999999999886,0.0,11.999999999999915,11.999999999999915,450.0
2012-11-12,12,4,1,419.0,300.8380589669308,0.35,407.0,UNDERSTOCK,12.0,0.0,42.0,0.0,42.0,450.0
2012-11-12,13,4,1,419.9999999999999,331.3615107557258,0.35,448.0,OVERSTOCK,0.0,28.000000000000114,0.0,21.000000000000085,21.000000000000085,450.0
2012-11-12,14,4,1,444.0,310.47136252789426,0.35,420.0,UNDERSTOCK,24.0,0.0,84.0,0.0,84.0,450.0
2012-11-12,15,4,1,381.9999999999999,290.9116823993738,0.35,393.0,OVERSTOCK,0.0,11.000000000000114,0.0,8.250000000000085,8.250000000000085,450.0
2012-11-12,16,4,1,434.00000000000006,378.2081929148305,0.35,511.0,OVERSTOCK,0.0,76.99999999999994,0.0,57.74999999999996,57.74999999999996,450.0
2012-11-12,17,4,1,596.0000000000001,336.73483540633083,0.35,455.0,UNDERSTOCK,141.0000000000001,0.0,493.5000000000004,0.0,493.5000000000004,450.0
2012-11-12,18,4,1,550.9999999999998,290.2720302896372,0.35,392.0,UNDERSTOCK,158.99999999999977,0.0,556.4999999999992,0.0,556.4999999999992,450.0
2012-11-12,19,4,1,352.99999999999994,254.20268321592192,0.35,344.0,UNDERSTOCK,8.999999999999943,0.0,31.4999999999998,0.0,31.4999999999998,450.0
2012-11-12,20,4,2,304.00000000000006,235.96731206121808,0.35,319.0,OVERSTOCK,0.0,14.999999999999943,0.0,11.249999999999957,11.249999999999957,450.0
2012-11-12,21,4,3,155.0,116.50398007767744,0.35,158.0,OVERSTOCK,0.0,3.0,0.0,2.25,2.25,450.0
2012-11-12,22,4,1,112.00000000000004,119.26306472930663,0.35,162.0,OVERSTOCK,0.0,49.99999999999996,0.0,37.49999999999997,37.49999999999997,450.0
2012-11-12,23,4,2,62.99999999999998,70.77043781220807,0.35,96.0,OVERSTOCK,0.0,33.00000000000002,0.0,24.750000000000014,24.750000000000014,450.0
2012-11-13,0,4,2,23.000000000000004,24.91475783384733,0.35,34.0,OVERSTOCK,0.0,10.999999999999996,0.0,8.249999999999996,8.249999999999996,360.0
2012-11-13,1,4,3,5.0,10.237757289665655,0.35,14.0,OVERSTOCK,0.0,9.0,0.0,6.75,6.75,360.0
2012-11-13,2,4,3,11.0,4.327855412921065,0.35,6.0,UNDERSTOCK,5.0,0.0,17.5,0.0,17.5,360.0
2012-11-13,3,4,3,5.0,3.951233371618175,0.35,6.0,OVERSTOCK,0.0,1.0,0.0,0.75,0.75,360.0
2012-11-13,4,4,2,9.000000000000002,4.821816729072358,0.35,7.0,UNDERSTOCK,2.0000000000000018,0.0,7.000000000000006,0.0,7.000000000000006,360.0
2012-11-13,5,4,2,17.999999999999996,23.69421277297473,0.35,32.0,OVERSTOCK,0.0,14.000000000000004,0.0,10.500000000000004,10.500000000000004,360.0
2012-11-13,6,4,3,50.0,54.47612317088039,0.35,74.0,OVERSTOCK,0.0,24.0,0.0,18.0,18.0,360.0
2012-11-13,7,4,3,107.00000000000004,135.49143875167553,0.35,183.0,OVERSTOCK,0.0,75.99999999999996,0.0,56.99999999999997,56.99999999999997,360.0
2012-11-13,8,4,3,211.0,150.3129535699021,0.35,203.0,UNDERSTOCK,8.0,0.0,28.0,0.0,28.0,360.0
2012-11-13,9,4,3,109.99999999999996,85.94445647141019,0.35,117.0,OVERSTOCK,0.0,7.000000000000043,0.0,5.250000000000032,5.250000000000032,360.0
2012-11-13,10,4,3,94.0,48.527381372324136,0.35,66.0,UNDERSTOCK,28.0,0.0,98.0,0.0,98.0,360.0
2012-11-13,11,4,1,155.0,124.68019453553067,0.35,169.0,OVERSTOCK,0.0,14.0,0.0,10.5,10.5,360.0
2012-11-13,12,4,1,196.0,165.70470751263696,0.35,224.0,OVERSTOCK,0.0,28.0,0.0,21.0,21.0,360.0
2012-11-13,13,4,1,218.00000000000003,166.70970182467275,0.35,226.0,OVERSTOCK,0.0,7.999999999999972,0.0,5.999999999999979,5.999999999999979,360.0
2012-11-13,14,4,1,202.99999999999997,160.0240502440815,0.35,217.0,OVERSTOCK,0.0,14.000000000000028,0.0,10.500000000000021,10.500000000000021,360.0
2012-11-13,15,4,1,217.0,163.82487090420906,0.35,222.0,OVERSTOCK,0.0,5.0,0.0,3.75,3.75,360.0
2012-11-13,16,4,1,309.99999999999994,235.93382007570256,0.35,319.0,OVERSTOCK,0.0,9.000000000000057,0.0,6.750000000000043,6.750000000000043,360.0
2012-11-13,17,4,1,608.0000000000001,505.95155922628106,0.35,684.0,OVERSTOCK,0.0,75.99999999999989,0.0,56.999999999999915,56.999999999999915,360.0
2012-11-13,18,4,1,558.9999999999999,512.8218625090071,0.35,693.0,OVERSTOCK,0.0,134.0000000000001,0.0,100.50000000000009,100.50000000000009,360.0
2012-11-13,19,4,1,355.9999999999999,292.19003393912044,0.35,395.0,OVERSTOCK,0.0,39.000000000000114,0.0,29.250000000000085,29.250000000000085,360.0
2012-11-13,20,4,1,222.99999999999997,191.18359621045397,0.35,259.0,OVERSTOCK,0.0,36.00000000000003,0.0,27.00000000000002,27.00000000000002,360.0
2012-11-13,21,4,1,187.0,114.7183726174534,0.35,155.0,UNDERSTOCK,32.0,0.0,112.0,0.0,112.0,360.0
2012-11-13,22,4,1,135.00000000000006,70.30204584057961,0.35,95.0,UNDERSTOCK,40.00000000000006,0.0,140.0000000000002,0.0,140.0000000000002,360.0
2012-11-13,23,4,1,84.00000000000001,37.81063415807094,0.35,52.0,UNDERSTOCK,32.000000000000014,0.0,112.00000000000006,0.0,112.00000000000006,360.0
2012-11-14,0,4,1,24.0,21.60076653265797,0.35,30.0,OVERSTOCK,0.0,6.0,0.0,4.5,4.5,450.0
2012-11-14,1,4,1,12.0,8.4581878775044,0.35,12.0,OK,0.0,0.0,0.0,0.0,0.0,450.0
2012-11-14,2,4,1,1.0,4.635995349536831,0.35,7.0,OVERSTOCK,0.0,6.0,0.0,4.5,4.5,450.0
2012-11-14,3,4,1,5.0,2.9731044785252934,0.35,5.0,OK,0.0,0.0,0.0,0.0,0.0,450.0
2012-11-14,4,4,1,5.999999999999999,3.425704116893976,0.35,5.0,UNDERSTOCK,0.9999999999999991,0.0,3.499999999999997,0.0,3.499999999999997,450.0
2012-11-14,5,4,1,39.0,20.88327254509679,0.35,29.0,UNDERSTOCK,10.0,0.0,35.0,0.0,35.0,450.0
2012-11-14,6,4,1,145.99999999999997,92.3352087768191,0.35,125.0,UNDERSTOCK,20.99999999999997,0.0,73.4999999999999,0.0,73.4999999999999,450.0
2012-11-14,7,4,1,415.0,260.49934156663807,0.35,352.0,UNDERSTOCK,63.0,0.0,220.5,0.0,220.5,450.0
2012-11-14,8,4,1,690.9999999999998,484.3119299664455,0.35,654.0,UNDERSTOCK,36.99999999999977,0.0,129.4999999999992,0.0,129.4999999999992,450.0
2012-11-14,9,4,1,332.0,252.51858808478016,0.35,341.0,OVERSTOCK,0.0,9.0,0.0,6.75,6.75,450.0
2012-11-14,10,4,1,170.99999999999994,124.07277324598216,0.35,168.0,UNDERSTOCK,2.999999999999943,0.0,10.499999999999801,0.0,10.499999999999801,450.0
2012-11-14,11,4,1,151.0,137.3355716984877,0.35,186.0,OVERSTOCK,0.0,35.0,0.0,26.25,26.25,450.0
2012-11-14,12,4,1,239.99999999999997,185.1417699322747,0.35,250.0,OVERSTOCK,0.0,10.000000000000028,0.0,7.500000000000021,7.500000000000021,450.0
2012-11-14,13,4,1,213.99999999999991,177.21874992831178,0.35,240.0,OVERSTOCK,0.0,26.000000000000085,0.0,19.500000000000064,19.500000000000064,450.0
2012-11-14,14,4,1,181.0,161.41810041566868,0.35,218.0,OVERSTOCK,0.0,37.0,0.0,27.75,27.75,450.0
2012-11-14,15,4,1,260.00000000000006,152.4721469791053,0.35,206.0,UNDERSTOCK,54.00000000000006,0.0,189.0000000000002,0.0,189.0000000000002,450.0
2012-11-14,16,4,1,321.00000000000006,239.8870338502538,0.35,324.0,OVERSTOCK,0.0,2.999999999999943,0.0,2.2499999999999574,2.2499999999999574,450.0
2012-11-14,17,4,1,583.0,495.50400658198953,0.35,669.0,OVERSTOCK,0.0,86.0,0.0,64.5,64.5,450.0
2012-11-14,18,4,1,567.0000000000001,497.4124664539841,0.35,672.0,OVERSTOCK,0.0,104.99999999999989,0.0,78.74999999999991,78.74999999999991,450.0
2012-11-14,19,4,1,396.0000000000001,290.4275513251774,0.35,393.0,UNDERSTOCK,3.0000000000001137,0.0,10.500000000000398,0.0,10.500000000000398,450.0
2012-11-14,20,4,1,266.99999999999994,197.8560857032603,0.35,268.0,OVERSTOCK,0.0,1.0000000000000568,0.0,0.7500000000000426,0.7500000000000426,450.0
2012-11-14,21,4,1,212.99999999999997,178.80349240410985,0.35,242.0,OVERSTOCK,0.0,29.00000000000003,0.0,21.75000000000002,21.75000000000002,450.0
2012-11-14,22,4,1,173.0,123.14337360810048,0.35,167.0,UNDERSTOCK,6.0,0.0,21.0,0.0,21.0,450.0
2012-11-14,23,4,1,87.00000000000003,52.0594748348102,0.35,71.0,UNDERSTOCK,16.00000000000003,0.0,56.0000000000001,0.0,56.0000000000001,450.0
2012-11-15,0,4,2,33.99999999999999,25.60756888302357,0.35,35.0,OVERSTOCK,0.0,1.000000000000007,0.0,0.7500000000000053,0.7500000000000053,450.0
2012-11-15,1,4,2,16.0,9.83325586325238,0.35,14.0,UNDERSTOCK,2.0,0.0,7.0,0.0,7.0,450.0
2012-11-15,2,4,2,6.999999999999998,4.925589305666697,0.35,7.0,OVERSTOCK,0.0,1.7763568394002505e-15,0.0,1.3322676295501878e-15,1.3322676295501878e-15,450.0
2012-11-15,3,4,2,2.0000000000000004,2.849572515859557,0.35,4.0,OVERSTOCK,0.0,1.9999999999999996,0.0,1.4999999999999996,1.4999999999999996,450.0
2012-11-15,4,4,2,5.0,3.808182871074306,0.35,6.0,OVERSTOCK,0.0,1.0,0.0,0.75,0.75,450.0
2012-11-15,5,4,2,36.99999999999999,23.92753746213681,0.35,33.0,UNDERSTOCK,3.999999999999993,0.0,13.999999999999975,0.0,13.999999999999975,450.0
2012-11-15,6,4,2,146.99999999999994,96.29140255338751,0.35,130.0,UNDERSTOCK,16.999999999999943,0.0,59.4999999999998,0.0,59.4999999999998,450.0
2012-11-15,7,4,2,409.99999999999983,274.4427654110418,0.35,371.0,UNDERSTOCK,38.99999999999983,0.0,136.4999999999994,0.0,136.4999999999994,450.0
2012-11-15,8,4,2,646.0000000000002,467.0833702990938,0.35,631.0,UNDERSTOCK,15.000000000000227,0.0,52.500000000000796,0.0,52.500000000000796,450.0
2012-11-15,9,4,2,322.9999999999999,267.3256138020247,0.35,361.0,OVERSTOCK,0.0,38.000000000000114,0.0,28.500000000000085,28.500000000000085,450.0
2012-11-15,10,4,2,153.00000000000006,128.77017986746426,0.35,174.0,OVERSTOCK,0.0,20.999999999999943,0.0,15.749999999999957,15.749999999999957,450.0
2012-11-15,11,4,2,166.00000000000006,155.01626915433098,0.35,210.0,OVERSTOCK,0.0,43.99999999999994,0.0,32.99999999999996,32.99999999999996,450.0
2012-11-15,12,4,2,212.99999999999997,178.65514626837657,0.35,242.0,OVERSTOCK,0.0,29.00000000000003,0.0,21.75000000000002,21.75000000000002,450.0
2012-11-15,13,4,2,217.0,176.74940600441803,0.35,239.0,OVERSTOCK,0.0,22.0,0.0,16.5,16.5,450.0
2012-11-15,14,4,2,201.00000000000009,156.50202486479867,0.35,212.0,OVERSTOCK,0.0,10.999999999999915,0.0,8.249999999999936,8.249999999999936,450.0
2012-11-15,15,4,2,217.0,161.29112641806384,0.35,218.0,OVERSTOCK,0.0,1.0,0.0,0.75,0.75,450.0
2012-11-15,16,4,2,341.99999999999983,222.5674551558108,0.35,301.0,UNDERSTOCK,40.99999999999983,0.0,143.4999999999994,0.0,143.4999999999994,450.0
2012-11-15,17,4,2,563.0000000000002,508.6322664364852,0.35,687.0,OVERSTOCK,0.0,123.99999999999977,0.0,92.99999999999983,92.99999999999983,450.0
2012-11-15,18,4,2,573.0000000000002,506.2767610477349,0.35,684.0,OVERSTOCK,0.0,110.99999999999977,0.0,83.24999999999983,83.24999999999983,450.0
2012-11-15,19,4,2,386.00000000000006,303.42414453791065,0.35,410.0,OVERSTOCK,0.0,23.999999999999943,0.0,17.999999999999957,17.999999999999957,450.0
2012-11-15,20,4,1,284.99999999999994,211.84536600682165,0.35,286.0,OVERSTOCK,0.0,1.0000000000000568,0.0,0.7500000000000426,0.7500000000000426,450.0
2012-11-15,21,4,2,224.0,156.18137340835457,0.35,211.0,UNDERSTOCK,13.0,0.0,45.5,0.0,45.5,450.0
2012-11-15,22,4,2,153.00000000000006,120.75994235653548,0.35,164.0,OVERSTOCK,0.0,10.999999999999943,0.0,8.249999999999957,8.249999999999957,450.0
2012-11-15,23,4,2,125.0,71.46981043581502,0.35,97.0,UNDERSTOCK,28.0,0.0,98.0,0.0,98.0,450.0
2012-11-16,0,4,2,64.99999999999997,37.40481049377671,0.35,51.0,UNDERSTOCK,13.999999999999972,0.0,48.9999999999999,0.0,48.9999999999999,540.0
2012-11-16,1,4,2,21.000000000000004,15.773734415381554,0.35,22.0,OVERSTOCK,0.0,0.9999999999999964,0.0,0.7499999999999973,0.7499999999999973,540.0
2012-11-16,2,4,2,9.000000000000002,8.5021035130468,0.35,12.0,OVERSTOCK,0.0,2.9999999999999982,0.0,2.2499999999999987,2.2499999999999987,540.0
2012-11-16,3,4,2,5.999999999999999,4.048649552934588,0.35,6.0,OVERSTOCK,0.0,8.881784197001252e-16,0.0,6.661338147750939e-16,6.661338147750939e-16,540.0
2012-11-16,4,4,2,5.0,5.0188505422066205,0.35,7.0,OVERSTOCK,0.0,2.0,0.0,1.5,1.5,540.0
2012-11-16,5,4,2,35.99999999999999,25.07699166246673,0.35,34.0,UNDERSTOCK,1.999999999999993,0.0,6.999999999999975,0.0,6.999999999999975,540.0
2012-11-16,6,4,2,129.99999999999994,94.79936550282544,0.35,128.0,UNDERSTOCK,1.9999999999999432,0.0,6.999999999999801,0.0,6.999999999999801,540.0
2012-11-16,7,4,2,367.0000000000001,248.90054882198197,0.35,337.0,UNDERSTOCK,30.000000000000114,0.0,105.0000000000004,0.0,105.0000000000004,540.0
2012-11-16,8,4,2,711.0,538.5441581191217,0.35,728.0,OVERSTOCK,0.0,17.0,0.0,12.75,12.75,540.0
2012-11-16,9,4,1,350.9999999999999,291.49589357656544,0.35,394.0,OVERSTOCK,0.0,43.000000000000114,0.0,32.250000000000085,32.250000000000085,540.0
2012-11-16,10,4,1,198.0,164.64810784219307,0.35,223.0,OVERSTOCK,0.0,25.0,0.0,18.75,18.75,540.0
2012-11-16,11,4,1,218.00000000000003,220.3103946003778,0.35,298.0,OVERSTOCK,0.0,79.99999999999997,0.0,59.99999999999998,59.99999999999998,540.0
2012-11-16,12,4,1,290.0000000000001,239.69423295727137,0.35,324.0,OVERSTOCK,0.0,33.999999999999886,0.0,25.499999999999915,25.499999999999915,540.0
2012-11-16,13,4,1,277.99999999999994,243.2024535254082,0.35,329.0,OVERSTOCK,0.0,51.00000000000006,0.0,38.25000000000004,38.25000000000004,540.0
2012-11-16,14,4,1,251.00000000000003,229.6624401681381,0.35,311.0,OVERSTOCK,0.0,59.99999999999997,0.0,44.99999999999998,44.99999999999998,540.0
2012-11-16,15,4,1,266.99999999999994,218.1605170243292,0.35,295.0,OVERSTOCK,0.0,28.000000000000057,0.0,21.000000000000043,21.000000000000043,540.0
2012-11-16,16,4,1,383.0,287.1268419967581,0.35,388.0,OVERSTOCK,0.0,5.0,0.0,3.75,3.75,540.0
2012-11-16,17,4,1,579.9999999999998,503.215702710752,0.35,680.0,OVERSTOCK,0.0,100.00000000000023,0.0,75.00000000000017,75.00000000000017,540.0
2012-11-16,18,4,1,505.0000000000001,496.97812785506704,0.35,671.0,OVERSTOCK,0.0,165.9999999999999,0.0,124.49999999999991,124.49999999999991,540.0
2012-11-16,19,4,1,332.0,297.548495123192,0.35,402.0,OVERSTOCK,0.0,70.0,0.0,52.5,52.5,540.0
2012-11-16,20,4,1,227.00000000000009,181.6344480500643,0.35,246.0,OVERSTOCK,0.0,18.999999999999915,0.0,14.249999999999936,14.249999999999936,540.0
2012-11-16,21,4,1,178.0,164.7770881618919,0.35,223.0,OVERSTOCK,0.0,45.0,0.0,33.75,33.75,540.0
2012-11-16,22,4,1,162.0,129.89098767968926,0.35,176.0,OVERSTOCK,0.0,14.0,0.0,10.5,10.5,540.0
2012-11-16,23,4,1,127.99999999999996,84.59019126340756,0.35,115.0,UNDERSTOCK,12.999999999999957,0.0,45.49999999999985,0.0,45.49999999999985,540.0
2012-11-17,0,4,1,105.99999999999996,64.93164357305801,0.35,88.0,UNDERSTOCK,17.999999999999957,0.0,62.99999999999985,0.0,62.99999999999985,450.0
2012-11-17,1,4,1,87.00000000000003,56.81278408290871,0.35,77.0,UNDERSTOCK,10.000000000000028,0.0,35.0000000000001,0.0,35.0000000000001,450.0
2012-11-17,2,4,1,48.99999999999999,43.86896347521264,0.35,60.0,OVERSTOCK,0.0,11.000000000000007,0.0,8.250000000000005,8.250000000000005,450.0
2012-11-17,3,4,1,21.000000000000004,18.0525526521558,0.35,25.0,OVERSTOCK,0.0,3.9999999999999964,0.0,2.9999999999999973,2.9999999999999973,450.0
2012-11-17,4,4,1,6.999999999999998,5.829335243472288,0.35,8.0,OVERSTOCK,0.0,1.0000000000000018,0.0,0.7500000000000013,0.7500000000000013,450.0
2012-11-17,5,4,1,11.0,5.613547410939692,0.35,8.0,UNDERSTOCK,3.0,0.0,10.5,0.0,10.5,450.0
2012-11-17,6,4,1,21.000000000000004,15.448092172462069,0.35,21.0,UNDERSTOCK,3.552713678800501e-15,0.0,1.2434497875801753e-14,0.0,1.2434497875801753e-14,450.0
2012-11-17,7,4,1,78.0,28.31720592331453,0.35,39.0,UNDERSTOCK,39.0,0.0,136.5,0.0,136.5,450.0
2012-11-17,8,4,1,168.0,74.86112767196586,0.35,102.0,UNDERSTOCK,66.0,0.0,231.0,0.0,231.0,450.0
2012-11-17,9,4,1,247.99999999999997,213.02277548737888,0.35,288.0,OVERSTOCK,0.0,40.00000000000003,0.0,30.00000000000002,30.00000000000002,450.0
2012-11-17,10,4,1,320.0,292.7291076106613,0.35,396.0,OVERSTOCK,0.0,76.0,0.0,57.0,57.0,450.0
2012-11-17,11,4,1,423.0,345.02786446467144,0.35,466.0,OVERSTOCK,0.0,43.0,0.0,32.25,32.25,450.0
2012-11-17,12,4,1,476.00000000000017,377.6753333053161,0.35,510.0,OVERSTOCK,0.0,33.99999999999983,0.0,25.499999999999872,25.499999999999872,450.0
2012-11-17,13,4,1,525.0000000000001,408.607175367033,0.35,552.0,OVERSTOCK,0.0,26.999999999999886,0.0,20.249999999999915,20.249999999999915,450.0
2012-11-17,14,4,1,555.0,413.85469829616136,0.35,559.0,OVERSTOCK,0.0,4.0,0.0,3.0,3.0,450.0
2012-11-17,15,4,1,548.9999999999998,396.9079059900788,0.35,536.0,UNDERSTOCK,12.999999999999773,0.0,45.499999999999204,0.0,45.499999999999204,450.0
2012-11-17,16,4,1,469.00000000000006,328.0370994521109,0.35,443.0,UNDERSTOCK,26.000000000000057,0.0,91.0000000000002,0.0,91.0000000000002,450.0
2012-11-17,17,4,1,403.00000000000017,272.59361861660244,0.35,369.0,UNDERSTOCK,34.00000000000017,0.0,119.0000000000006,0.0,119.0000000000006,450.0
2012-11-17,18,4,1,271.0000000000001,226.8628774394338,0.35,307.0,OVERSTOCK,0.0,35.999999999999886,0.0,26.999999999999915,26.999999999999915,450.0
2012-11-17,19,4,1,253.0,149.865158610878,0.35,203.0,UNDERSTOCK,50.0,0.0,175.0,0.0,175.0,450.0
2012-11-17,20,4,2,172.00000000000006,118.65191666479228,0.35,161.0,UNDERSTOCK,11.000000000000057,0.0,38.5000000000002,0.0,38.5000000000002,450.0
2012-11-17,21,4,2,138.99999999999994,116.27497721698111,0.35,157.0,OVERSTOCK,0.0,18.000000000000057,0.0,13.500000000000043,13.500000000000043,450.0
2012-11-17,22,4,2,145.0,101.16459495734914,0.35,137.0,UNDERSTOCK,8.0,0.0,28.0,0.0,28.0,450.0
2012-11-17,23,4,2,132.99999999999997,68.93049739726825,0.35,94.0,UNDERSTOCK,38.99999999999997,0.0,136.4999999999999,0.0,136.4999999999999,450.0
2012-11-18,0,4,2,128.99999999999997,63.41709582486334,0.35,86.0,UNDERSTOCK,42.99999999999997,0.0,150.4999999999999,0.0,150.4999999999999,360.0
2012-11-18,1,4,1,95.0,61.784617126802544,0.35,84.0,UNDERSTOCK,11.0,0.0,38.5,0.0,38.5,360.0
2012-11-18,2,4,1,73.00000000000003,45.83403404997995,0.35,62.0,UNDERSTOCK,11.000000000000028,0.0,38.5000000000001,0.0,38.5000000000001,360.0
2012-11-18,3,4,2,45.99999999999999,19.47273880833068,0.35,27.0,UNDERSTOCK,18.999999999999993,0.0,66.49999999999997,0.0,66.49999999999997,360.0
2012-11-18,4,4,2,12.0,6.822907127494391,0.35,10.0,UNDERSTOCK,2.0,0.0,7.0,0.0,7.0,360.0
2012-11-18,5,4,1,12.0,6.355403575719789,0.35,9.0,UNDERSTOCK,3.0,0.0,10.5,0.0,10.5,360.0
2012-11-18,6,4,1,14.999999999999998,16.40292215252551,0.35,23.0,OVERSTOCK,0.0,8.000000000000002,0.0,6.000000000000002,6.000000000000002,360.0
2012-11-18,7,4,1,42.0,23.49941631863612,0.35,32.0,UNDERSTOCK,10.0,0.0,35.0,0.0,35.0,360.0
2012-11-18,8,4,1,118.99999999999996,70.69546955033432,0.35,96.0,UNDERSTOCK,22.999999999999957,0.0,80.49999999999986,0.0,80.49999999999986,360.0
2012-11-18,9,4,1,204.00000000000009,161.43233228466795,0.35,218.0,OVERSTOCK,0.0,13.999999999999915,0.0,10.499999999999936,10.499999999999936,360.0
2012-11-18,10,4,1,328.99999999999994,236.66330156374772,0.35,320.0,UNDERSTOCK,8.999999999999943,0.0,31.4999999999998,0.0,31.4999999999998,360.0
2012-11-18,11,4,1,359.00000000000006,296.1409968927238,0.35,400.0,OVERSTOCK,0.0,40.99999999999994,0.0,30.749999999999957,30.749999999999957,360.0
2012-11-18,12,4,1,442.0,295.3042201555341,0.35,399.0,UNDERSTOCK,43.0,0.0,150.5,0.0,150.5,360.0
2012-11-18,13,4,1,446.9999999999999,293.870834580996,0.35,397.0,UNDERSTOCK,49.999999999999886,0.0,174.9999999999996,0.0,174.9999999999996,360.0
2012-11-18,14,4,1,428.0,291.5081912859019,0.35,394.0,UNDERSTOCK,34.0,0.0,119.0,0.0,119.0,360.0
2012-11-18,15,4,1,406.9999999999999,309.8324535560897,0.35,419.0,OVERSTOCK,0.0,12.000000000000114,0.0,9.000000000000085,9.000000000000085,360.0
2012-11-18,16,4,2,372.00000000000017,242.56341601660404,0.35,328.0,UNDERSTOCK,44.00000000000017,0.0,154.0000000000006,0.0,154.0000000000006,360.0
2012-11-18,17,4,2,279.9999999999999,238.32525250392555,0.35,322.0,OVERSTOCK,0.0,42.000000000000114,0.0,31.500000000000085,31.500000000000085,360.0
2012-11-18,18,4,1,276.0,211.55501559497552,0.35,286.0,OVERSTOCK,0.0,10.0,0.0,7.5,7.5,360.0
2012-11-18,19,4,1,210.00000000000003,145.22774787468106,0.35,197.0,UNDERSTOCK,13.000000000000028,0.0,45.5000000000001,0.0,45.5000000000001,360.0
2012-11-18,20,4,1,128.99999999999997,114.41623028261766,0.35,155.0,OVERSTOCK,0.0,26.00000000000003,0.0,19.50000000000002,19.50000000000002,360.0
2012-11-18,21,4,1,109.99999999999996,100.16187595953411,0.35,136.0,OVERSTOCK,0.0,26.000000000000043,0.0,19.500000000000032,19.500000000000032,360.0
2012-11-18,22,4,2,73.99999999999997,83.9224278770438,0.35,114.0,OVERSTOCK,0.0,40.00000000000003,0.0,30.00000000000002,30.00000000000002,360.0
2012-11-18,23,4,1,58.99999999999999,47.78651919652695,0.35,65.0,OVERSTOCK,0.0,6.000000000000007,0.0,4.500000000000005,4.500000000000005,360.0
2012-11-19,0,4,1,27.0,21.300589443814896,0.35,29.0,OVERSTOCK,0.0,2.0,0.0,1.5,1.5,495.0
2012-11-19,1,4,2,19.0,9.321585193440338,0.35,13.0,UNDERSTOCK,6.0,0.0,21.0,0.0,21.0,495.0
2012-11-19,2,4,2,5.0,4.845405563050603,0.35,7.0,OVERSTOCK,0.0,2.0,0.0,1.5,1.5,495.0
2012-11-19,3,4,2,2.0000000000000004,4.502916084345026,0.35,7.0,OVERSTOCK,0.0,5.0,0.0,3.75,3.75,495.0
2012-11-19,4,4,2,12.0,5.069721598350392,0.35,7.0,UNDERSTOCK,5.0,0.0,17.5,0.0,17.5,495.0
2012-11-19,5,4,2,39.0,26.30347011436086,0.35,36.0,UNDERSTOCK,3.0,0.0,10.5,0.0,10.5,495.0
2012-11-19,6,4,2,130.99999999999997,113.49646166574804,0.35,154.0,OVERSTOCK,0.0,23.00000000000003,0.0,17.25000000000002,17.25000000000002,495.0
2012-11-19,7,4,2,386.00000000000006,297.4182787233627,0.35,402.0,OVERSTOCK,0.0,15.999999999999943,0.0,11.999999999999957,11.999999999999957,495.0
2012-11-19,8,4,2,662.9999999999998,544.7234349910399,0.35,736.0,OVERSTOCK,0.0,73.00000000000023,0.0,54.75000000000017,54.75000000000017,495.0
2012-11-19,9,4,2,277.99999999999994,269.0871573315104,0.35,364.0,OVERSTOCK,0.0,86.00000000000006,0.0,64.50000000000004,64.50000000000004,495.0
2012-11-19,10,4,2,138.99999999999994,137.30180119913314,0.35,186.0,OVERSTOCK,0.0,47.00000000000006,0.0,35.25000000000004,35.25000000000004,495.0
2012-11-19,11,4,2,197.0,148.76640602330224,0.35,201.0,OVERSTOCK,0.0,4.0,0.0,3.0,3.0,495.0
2012-11-19,12,4,2,241.99999999999997,172.9672558357346,0.35,234.0,UNDERSTOCK,7.999999999999972,0.0,27.9999999999999,0.0,27.9999999999999,495.0
2012-11-19,13,4,1,251.00000000000003,207.1800750869004,0.35,280.0,OVERSTOCK,0.0,28.99999999999997,0.0,21.74999999999998,21.74999999999998,495.0
2012-11-19,14,4,1,217.0,189.70385061536945,0.35,257.0,OVERSTOCK,0.0,40.0,0.0,30.0,30.0,495.0
2012-11-19,15,4,1,257.0,190.02417481563904,0.35,257.0,OK,0.0,0.0,0.0,0.0,0.0,495.0
2012-11-19,16,4,1,380.0000000000001,246.6064422816439,0.35,333.0,UNDERSTOCK,47.000000000000114,0.0,164.5000000000004,0.0,164.5000000000004,495.0
2012-11-19,17,4,2,619.0000000000002,539.8004396523723,0.35,729.0,OVERSTOCK,0.0,109.99999999999977,0.0,82.49999999999983,82.49999999999983,495.0
2012-11-19,18,4,2,579.9999999999998,530.5719201155189,0.35,717.0,OVERSTOCK,0.0,137.00000000000023,0.0,102.75000000000017,102.75000000000017,495.0
2012-11-19,19,4,2,405.99999999999983,361.50904245089305,0.35,489.0,OVERSTOCK,0.0,83.00000000000017,0.0,62.25000000000013,62.25000000000013,495.0
2012-11-19,20,4,2,258.99999999999994,209.30592645503867,0.35,283.0,OVERSTOCK,0.0,24.000000000000057,0.0,18.000000000000043,18.000000000000043,495.0
2012-11-19,21,4,2,202.99999999999997,164.65431932393906,0.35,223.0,OVERSTOCK,0.0,20.00000000000003,0.0,15.000000000000021,15.000000000000021,495.0
2012-11-19,22,4,1,113.00000000000004,97.7257846098871,0.35,132.0,OVERSTOCK,0.0,18.999999999999957,0.0,14.249999999999968,14.249999999999968,495.0
2012-11-19,23,4,1,73.99999999999997,53.64528586184377,0.35,73.0,UNDERSTOCK,0.9999999999999716,0.0,3.4999999999999005,0.0,3.4999999999999005,495.0
2012-11-20,0,4,1,29.000000000000004,20.835123211709494,0.35,29.0,UNDERSTOCK,3.552713678800501e-15,0.0,1.2434497875801753e-14,0.0,1.2434497875801753e-14,495.0
2012-11-20,1,4,1,12.999999999999996,9.440936929665645,0.35,13.0,OVERSTOCK,0.0,3.552713678800501e-15,0.0,2.6645352591003757e-15,2.6645352591003757e-15,495.0
2012-11-20,2,4,2,5.0,3.1419218677705323,0.35,5.0,OK,0.0,0.0,0.0,0.0,0.0,495.0
2012-11-20,3,4,2,2.0000000000000004,4.175283826619133,0.35,6.0,OVERSTOCK,0.0,3.9999999999999996,0.0,2.9999999999999996,2.9999999999999996,495.0
2012-11-20,4,4,2,5.999999999999999,4.771482651014507,0.35,7.0,OVERSTOCK,0.0,1.0000000000000009,0.0,0.7500000000000007,0.7500000000000007,495.0
2012-11-20,5,4,2,33.99999999999999,26.841470930657152,0.35,37.0,OVERSTOCK,0.0,3.000000000000007,0.0,2.2500000000000053,2.2500000000000053,495.0
2012-11-20,6,4,2,148.0,107.21350490317882,0.35,145.0,UNDERSTOCK,3.0,0.0,10.5,0.0,10.5,495.0
2012-11-20,7,4,1,417.9999999999999,316.0309983264937,0.35,427.0,OVERSTOCK,0.0,9.000000000000114,0.0,6.750000000000085,6.750000000000085,495.0
2012-11-20,8,4,1,665.0000000000001,575.2692504236351,0.35,777.0,OVERSTOCK,0.0,111.99999999999989,0.0,83.99999999999991,83.99999999999991,495.0
2012-11-20,9,4,2,326.0,277.51338680720346,0.35,375.0,OVERSTOCK,0.0,49.0,0.0,36.75,36.75,495.0
2012-11-20,10,4,2,175.99999999999994,145.14127676481013,0.35,196.0,OVERSTOCK,0.0,20.000000000000057,0.0,15.000000000000043,15.000000000000043,495.0
2012-11-20,11,4,2,205.00000000000003,155.94784718484297,0.35,211.0,OVERSTOCK,0.0,5.999999999999972,0.0,4.499999999999979,4.499999999999979,495.0
2012-11-20,12,4,2,312.99999999999994,172.28795396563126,0.35,233.0,UNDERSTOCK,79.99999999999994,0.0,279.9999999999998,0.0,279.9999999999998,495.0
2012-11-20,13,4,2,266.99999999999994,167.94207274139848,0.35,227.0,UNDERSTOCK,39.99999999999994,0.0,139.9999999999998,0.0,139.9999999999998,495.0
2012-11-20,14,4,2,224.0,161.46078270793845,0.35,218.0,UNDERSTOCK,6.0,0.0,21.0,0.0,21.0,495.0
2012-11-20,15,4,2,287.00000000000006,162.885826570667,0.35,220.0,UNDERSTOCK,67.00000000000006,0.0,234.5000000000002,0.0,234.5000000000002,495.0
2012-11-20,16,4,2,395.0,245.1416881839312,0.35,331.0,UNDERSTOCK,64.0,0.0,224.0,0.0,224.0,495.0
2012-11-20,17,4,2,590.0000000000002,510.1066279285237,0.35,689.0,OVERSTOCK,0.0,98.99999999999977,0.0,74.24999999999983,74.24999999999983,495.0
2012-11-20,18,4,2,550.0000000000002,529.1458633593431,0.35,715.0,OVERSTOCK,0.0,164.99999999999977,0.0,123.74999999999983,123.74999999999983,495.0
2012-11-20,19,4,2,384.00000000000017,352.89284967515533,0.35,477.0,OVERSTOCK,0.0,92.99999999999983,0.0,69.74999999999987,69.74999999999987,495.0
2012-11-20,20,4,2,235.0000000000001,210.58104709057724,0.35,285.0,OVERSTOCK,0.0,49.999999999999886,0.0,37.499999999999915,37.499999999999915,495.0
2012-11-20,21,4,1,157.00000000000003,180.91444255924145,0.35,245.0,OVERSTOCK,0.0,87.99999999999997,0.0,65.99999999999997,65.99999999999997,495.0
2012-11-20,22,4,1,121.99999999999994,118.7466181934469,0.35,161.0,OVERSTOCK,0.0,39.00000000000006,0.0,29.250000000000043,29.250000000000043,495.0
2012-11-20,23,4,1,82.99999999999999,52.929811128839546,0.35,72.0,UNDERSTOCK,10.999999999999986,0.0,38.49999999999995,0.0,38.49999999999995,495.0
2012-11-21,0,4,1,26.0,21.66204188444103,0.35,30.0,OVERSTOCK,0.0,4.0,0.0,3.0,3.0,495.0
2012-11-21,1,4,1,14.0,10.724779179518332,0.35,15.0,OVERSTOCK,0.0,1.0,0.0,0.75,0.75,495.0
2012-11-21,2,4,1,8.000000000000002,3.2115621665288536,0.35,5.0,UNDERSTOCK,3.0000000000000018,0.0,10.500000000000007,0.0,10.500000000000007,495.0
2012-11-21,3,4,1,2.0000000000000004,3.0783428751323125,0.35,5.0,OVERSTOCK,0.0,2.9999999999999996,0.0,2.2499999999999996,2.2499999999999996,495.0
2012-11-21,4,4,1,10.000000000000002,4.374672866569639,0.35,6.0,UNDERSTOCK,4.000000000000002,0.0,14.000000000000007,0.0,14.000000000000007,495.0
2012-11-21,5,4,1,29.000000000000004,26.225916900510928,0.35,36.0,OVERSTOCK,0.0,6.9999999999999964,0.0,5.249999999999997,5.249999999999997,495.0
2012-11-21,6,4,1,100.99999999999996,92.17957951186766,0.35,125.0,OVERSTOCK,0.0,24.000000000000043,0.0,18.000000000000032,18.000000000000032,495.0
2012-11-21,7,4,1,273.00000000000006,257.2995692911334,0.35,348.0,OVERSTOCK,0.0,74.99999999999994,0.0,56.24999999999996,56.24999999999996,495.0
2012-11-21,8,4,2,550.9999999999998,455.1247774474265,0.35,615.0,OVERSTOCK,0.0,64.00000000000023,0.0,48.00000000000017,48.00000000000017,495.0
2012-11-21,9,4,1,364.9999999999999,276.5080882849126,0.35,374.0,OVERSTOCK,0.0,9.000000000000114,0.0,6.750000000000085,6.750000000000085,495.0
2012-11-21,10,4,1,172.00000000000006,148.1557278918577,0.35,201.0,OVERSTOCK,0.0,28.999999999999943,0.0,21.749999999999957,21.749999999999957,495.0
2012-11-21,11,4,1,241.00000000000009,161.03452097563542,0.35,218.0,UNDERSTOCK,23.000000000000085,0.0,80.5000000000003,0.0,80.5000000000003,495.0
2012-11-21,12,4,1,344.00000000000017,214.25054671478705,0.35,290.0,UNDERSTOCK,54.00000000000017,0.0,189.0000000000006,0.0,189.0000000000006,495.0
2012-11-21,13,4,1,364.9999999999999,218.1866197733423,0.35,295.0,UNDERSTOCK,69.99999999999989,0.0,244.9999999999996,0.0,244.9999999999996,495.0
2012-11-21,14,4,1,413.0,225.04566298314765,0.35,304.0,UNDERSTOCK,109.0,0.0,381.5,0.0,381.5,495.0
2012-11-21,15,4,1,449.00000000000006,187.62509138639624,0.35,254.0,UNDERSTOCK,195.00000000000006,0.0,682.5000000000002,0.0,682.5000000000002,495.0
2012-11-21,16,4,1,469.00000000000006,284.4419276395428,0.35,384.0,UNDERSTOCK,85.00000000000006,0.0,297.5000000000002,0.0,297.5000000000002,495.0
2012-11-21,17,4,1,374.0,529.6154402564132,0.35,715.0,OVERSTOCK,0.0,341.0,0.0,255.75,255.75,495.0
2012-11-21,18,4,1,311.00000000000006,554.5533527085012,0.35,749.0,OVERSTOCK,0.0,437.99999999999994,0.0,328.49999999999994,328.49999999999994,495.0
2012-11-21,19,4,1,243.00000000000009,345.00736853686703,0.35,466.0,OVERSTOCK,0.0,222.99999999999991,0.0,167.24999999999994,167.24999999999994,495.0
2012-11-21,20,4,1,136.00000000000003,216.07024133174005,0.35,292.0,OVERSTOCK,0.0,155.99999999999997,0.0,116.99999999999997,116.99999999999997,495.0
2012-11-21,21,4,1,104.99999999999996,185.5106652823839,0.35,251.0,OVERSTOCK,0.0,146.00000000000006,0.0,109.50000000000004,109.50000000000004,495.0
2012-11-21,22,4,1,87.99999999999999,115.77129908599484,0.35,157.0,OVERSTOCK,0.0,69.00000000000001,0.0,51.750000000000014,51.750000000000014,495.0
2012-11-21,23,4,1,56.99999999999999,63.33929624153834,0.35,86.0,OVERSTOCK,0.0,29.000000000000007,0.0,21.750000000000007,21.750000000000007,495.0
2012-11-22,0,4,1,45.99999999999999,34.382362635878785,0.35,47.0,OVERSTOCK,0.0,1.000000000000007,0.0,0.7500000000000053,0.7500000000000053,405.0
2012-11-22,1,4,1,42.0,25.953832450086075,0.35,36.0,UNDERSTOCK,6.0,0.0,21.0,0.0,21.0,405.0
2012-11-22,2,4,1,17.999999999999996,21.001698635959382,0.35,29.0,OVERSTOCK,0.0,11.000000000000004,0.0,8.250000000000004,8.250000000000004,405.0
2012-11-22,3,4,1,5.999999999999999,8.48670261040885,0.35,12.0,OVERSTOCK,0.0,6.000000000000001,0.0,4.500000000000001,4.500000000000001,405.0
2012-11-22,4,4,1,3.0,7.839588609057893,0.35,11.0,OVERSTOCK,0.0,8.0,0.0,6.0,6.0,405.0
2012-11-22,5,4,1,8.000000000000002,7.409099645403279,0.35,11.0,OVERSTOCK,0.0,2.9999999999999982,0.0,2.2499999999999987,2.2499999999999987,405.0
2012-11-22,6,4,1,16.999999999999996,20.49516698341172,0.35,28.0,OVERSTOCK,0.0,11.000000000000004,0.0,8.250000000000004,8.250000000000004,405.0
2012-11-22,7,4,1,56.00000000000001,30.743675498534788,0.35,42.0,UNDERSTOCK,14.000000000000007,0.0,49.00000000000003,0.0,49.00000000000003,405.0
2012-11-22,8,4,1,97.00000000000004,83.2774923981586,0.35,113.0,OVERSTOCK,0.0,15.999999999999957,0.0,11.999999999999968,11.999999999999968,405.0
2012-11-22,9,4,1,118.99999999999996,152.3573908016004,0.35,206.0,OVERSTOCK,0.0,87.00000000000004,0.0,65.25000000000003,65.25000000000003,405.0
2012-11-22,10,4,1,219.00000000000009,291.09496397779844,0.35,393.0,OVERSTOCK,0.0,173.99999999999991,0.0,130.49999999999994,130.49999999999994,405.0
2012-11-22,11,4,1,231.99999999999991,337.6587843797328,0.35,456.0,OVERSTOCK,0.0,224.00000000000009,0.0,168.00000000000006,168.00000000000006,405.0
2012-11-22,12,4,1,262.00000000000006,328.1903815815311,0.35,444.0,OVERSTOCK,0.0,181.99999999999994,0.0,136.49999999999994,136.49999999999994,405.0
2012-11-22,13,4,1,269.00000000000006,311.1500292136719,0.35,421.0,OVERSTOCK,0.0,151.99999999999994,0.0,113.99999999999996,113.99999999999996,405.0
2012-11-22,14,4,1,219.99999999999991,314.54573922472883,0.35,425.0,OVERSTOCK,0.0,205.00000000000009,0.0,153.75000000000006,153.75000000000006,405.0
2012-11-22,15,4,1,228.00000000000009,302.59515903119546,0.35,409.0,OVERSTOCK,0.0,180.99999999999991,0.0,135.74999999999994,135.74999999999994,405.0
2012-11-22,16,4,1,182.00000000000009,321.0791873208543,0.35,434.0,OVERSTOCK,0.0,251.99999999999991,0.0,188.99999999999994,188.99999999999994,405.0
2012-11-22,17,4,1,109.00000000000004,277.008039242508,0.35,374.0,OVERSTOCK,0.0,264.99999999999994,0.0,198.74999999999994,198.74999999999994,405.0
2012-11-22,18,4,1,70.0,236.85070662113492,0.35,320.0,OVERSTOCK,0.0,250.0,0.0,187.5,187.5,405.0
2012-11-22,19,4,1,43.99999999999999,171.75630950947678,0.35,232.0,OVERSTOCK,0.0,188.0,0.0,141.0,141.0,405.0
2012-11-22,20,4,1,52.00000000000001,130.7795349416928,0.35,177.0,OVERSTOCK,0.0,125.0,0.0,93.75,93.75,405.0
2012-11-22,21,4,1,45.99999999999999,104.35774269218548,0.35,141.0,OVERSTOCK,0.0,95.0,0.0,71.25,71.25,405.0
2012-11-22,22,4,1,43.99999999999999,89.09044863502244,0.35,121.0,OVERSTOCK,0.0,77.0,0.0,57.75,57.75,405.0
2012-11-22,23,4,1,35.99999999999999,65.93409187070378,0.35,90.0,OVERSTOCK,0.0,54.00000000000001,0.0,40.50000000000001,40.50000000000001,405.0
2012-11-23,0,4,1,32.0,37.385831417300864,0.35,51.0,OVERSTOCK,0.0,19.0,0.0,14.25,14.25,540.0
2012-11-23,1,4,1,12.999999999999996,15.123390946188875,0.35,21.0,OVERSTOCK,0.0,8.000000000000004,0.0,6.000000000000003,6.000000000000003,540.0
2012-11-23,2,4,1,5.0,9.254642686403615,0.35,13.0,OVERSTOCK,0.0,8.0,0.0,6.0,6.0,540.0
2012-11-23,3,4,1,1.0,3.15955108392274,0.35,5.0,OVERSTOCK,0.0,4.0,0.0,3.0,3.0,540.0
2012-11-23,4,4,1,4.0,3.889533668503128,0.35,6.0,OVERSTOCK,0.0,2.0,0.0,1.5,1.5,540.0
2012-11-23,5,4,1,10.000000000000002,22.0630353970026,0.35,30.0,OVERSTOCK,0.0,20.0,0.0,15.0,15.0,540.0
2012-11-23,6,4,1,20.0,79.99370385991651,0.35,108.0,OVERSTOCK,0.0,88.0,0.0,66.0,66.0,540.0
2012-11-23,7,4,1,77.0,230.60574002384865,0.35,312.0,OVERSTOCK,0.0,235.0,0.0,176.25,176.25,540.0
2012-11-23,8,4,1,94.0,444.8427456892319,0.35,601.0,OVERSTOCK,0.0,507.0,0.0,380.25,380.25,540.0
2012-11-23,9,4,1,112.00000000000004,264.4162927834651,0.35,357.0,OVERSTOCK,0.0,244.99999999999994,0.0,183.74999999999994,183.74999999999994,540.0
2012-11-23,10,4,1,201.00000000000009,154.92231115484242,0.35,210.0,OVERSTOCK,0.0,8.999999999999915,0.0,6.749999999999936,6.749999999999936,540.0
2012-11-23,11,4,1,251.00000000000003,208.5394311235032,0.35,282.0,OVERSTOCK,0.0,30.99999999999997,0.0,23.24999999999998,23.24999999999998,540.0
2012-11-23,12,4,1,379.00000000000006,247.3275536985636,0.35,334.0,UNDERSTOCK,45.00000000000006,0.0,157.5000000000002,0.0,157.5000000000002,540.0
2012-11-23,13,4,1,424.00000000000017,246.5964076747517,0.35,333.0,UNDERSTOCK,91.00000000000017,0.0,318.50000000000057,0.0,318.50000000000057,540.0
2012-11-23,14,4,1,435.0,257.9419137306848,0.35,349.0,UNDERSTOCK,86.0,0.0,301.0,0.0,301.0,540.0
2012-11-23,15,4,1,446.9999999999999,261.73301762341697,0.35,354.0,UNDERSTOCK,92.99999999999989,0.0,325.4999999999996,0.0,325.4999999999996,540.0
2012-11-23,16,4,2,357.0,310.81421273519123,0.35,420.0,OVERSTOCK,0.0,63.0,0.0,47.25,47.25,540.0
2012-11-23,17,4,2,299.9999999999999,600.5330829504683,0.35,811.0,OVERSTOCK,0.0,511.0000000000001,0.0,383.2500000000001,383.2500000000001,540.0
2012-11-23,18,4,2,208.0,557.4686248783333,0.35,753.0,OVERSTOCK,0.0,545.0,0.0,408.75,408.75,540.0
2012-11-23,19,4,2,154.00000000000003,387.6472214375782,0.35,524.0,OVERSTOCK,0.0,370.0,0.0,277.5,277.5,540.0
2012-11-23,20,4,1,141.99999999999994,255.46675958508524,0.35,345.0,OVERSTOCK,0.0,203.00000000000006,0.0,152.25000000000006,152.25000000000006,540.0
2012-11-23,21,4,1,98.0,209.5590584005919,0.35,283.0,OVERSTOCK,0.0,185.0,0.0,138.75,138.75,540.0
2012-11-23,22,4,1,78.99999999999997,151.5988959922385,0.35,205.0,OVERSTOCK,0.0,126.00000000000003,0.0,94.50000000000003,94.50000000000003,540.0
2012-11-23,23,4,1,67.00000000000001,98.33814146045636,0.35,133.0,OVERSTOCK,0.0,65.99999999999999,0.0,49.499999999999986,49.499999999999986,540.0
2012-11-24,0,4,1,42.0,77.68313123628172,0.35,105.0,OVERSTOCK,0.0,63.0,0.0,47.25,47.25,315.0
2012-11-24,1,4,1,20.0,47.95879044606348,0.35,65.0,OVERSTOCK,0.0,45.0,0.0,33.75,33.75,315.0
2012-11-24,2,4,1,32.0,35.56125856749923,0.35,49.0,OVERSTOCK,0.0,17.0,0.0,12.75,12.75,315.0
2012-11-24,3,4,1,11.0,15.628099836215204,0.35,22.0,OVERSTOCK,0.0,11.0,0.0,8.25,8.25,315.0
2012-11-24,4,4,1,3.0,3.1544452244448564,0.35,5.0,OVERSTOCK,0.0,2.0,0.0,1.5,1.5,315.0
2012-11-24,5,4,1,3.0,4.247669748588617,0.35,6.0,OVERSTOCK,0.0,3.0,0.0,2.25,2.25,315.0
2012-11-24,6,4,1,10.000000000000002,16.404580693336815,0.35,23.0,OVERSTOCK,0.0,12.999999999999998,0.0,9.749999999999998,9.749999999999998,315.0
2012-11-24,7,4,2,25.000000000000004,28.743308038638094,0.35,39.0,OVERSTOCK,0.0,13.999999999999996,0.0,10.499999999999996,10.499999999999996,315.0
2012-11-24,8,4,2,61.99999999999999,80.6496837966087,0.35,109.0,OVERSTOCK,0.0,47.00000000000001,0.0,35.25000000000001,35.25000000000001,315.0
2012-11-24,9,4,2,121.99999999999994,125.4061015934251,0.35,170.0,OVERSTOCK,0.0,48.00000000000006,0.0,36.00000000000004,36.00000000000004,315.0
2012-11-24,10,4,2,141.99999999999994,183.60720440386515,0.35,248.0,OVERSTOCK,0.0,106.00000000000006,0.0,79.50000000000004,79.50000000000004,315.0
2012-11-24,11,4,2,186.00000000000003,223.3829113188286,0.35,302.0,OVERSTOCK,0.0,115.99999999999997,0.0,86.99999999999997,86.99999999999997,315.0
2012-11-24,12,4,2,198.99999999999991,225.42470720425445,0.35,305.0,OVERSTOCK,0.0,106.00000000000009,0.0,79.50000000000006,79.50000000000006,315.0
2012-11-24,13,4,1,225.00000000000009,321.4501676500185,0.35,434.0,OVERSTOCK,0.0,208.99999999999991,0.0,156.74999999999994,156.74999999999994,315.0
2012-11-24,14,4,1,207.0,248.25558489123196,0.35,336.0,OVERSTOCK,0.0,129.0,0.0,96.75,96.75,315.0
2012-11-24,15,4,1,198.0,183.50801279760896,0.35,248.0,OVERSTOCK,0.0,50.0,0.0,37.5,37.5,315.0
2012-11-24,16,4,1,170.00000000000009,173.15634661866997,0.35,234.0,OVERSTOCK,0.0,63.999999999999915,0.0,47.999999999999936,47.999999999999936,315.0
2012-11-24,17,4,1,126.0,160.38842542685867,0.35,217.0,OVERSTOCK,0.0,91.0,0.0,68.25,68.25,315.0
2012-11-24,18,4,1,145.0,152.65107898009995,0.35,207.0,OVERSTOCK,0.0,62.0,0.0,46.5,46.5,315.0
2012-11-24,19,4,1,82.99999999999999,117.53023288442876,0.35,159.0,OVERSTOCK,0.0,76.00000000000001,0.0,57.000000000000014,57.000000000000014,315.0
2012-11-24,20,4,1,58.000000000000014,99.33020940493026,0.35,135.0,OVERSTOCK,0.0,76.99999999999999,0.0,57.749999999999986,57.749999999999986,315.0
2012-11-24,21,4,1,75.0,80.06315560735227,0.35,109.0,OVERSTOCK,0.0,34.0,0.0,25.5,25.5,315.0
2012-11-24,22,4,1,76.00000000000001,74.61415891850753,0.35,101.0,OVERSTOCK,0.0,24.999999999999986,0.0,18.74999999999999,18.74999999999999,315.0
2012-11-24,23,4,1,56.99999999999999,69.45146315931278,0.35,94.0,OVERSTOCK,0.0,37.00000000000001,0.0,27.750000000000007,27.750000000000007,315.0
2012-11-25,0,4,1,33.99999999999999,56.66206480869504,0.35,77.0,OVERSTOCK,0.0,43.00000000000001,0.0,32.25000000000001,32.25000000000001,315.0
2012-11-25,1,4,1,35.99999999999999,48.96584903842559,0.35,67.0,OVERSTOCK,0.0,31.000000000000007,0.0,23.250000000000007,23.250000000000007,315.0
2012-11-25,2,4,1,28.000000000000004,41.58458574506865,0.35,57.0,OVERSTOCK,0.0,28.999999999999996,0.0,21.749999999999996,21.749999999999996,315.0
2012-11-25,3,4,1,8.000000000000002,20.902733673739395,0.35,29.0,OVERSTOCK,0.0,21.0,0.0,15.75,15.75,315.0
2012-11-25,4,4,1,2.0000000000000004,5.869082863586341,0.35,8.0,OVERSTOCK,0.0,6.0,0.0,4.5,4.5,315.0
2012-11-25,5,4,2,3.0,5.26256879385563,0.35,8.0,OVERSTOCK,0.0,5.0,0.0,3.75,3.75,315.0
2012-11-25,6,4,2,11.0,15.248083633013689,0.35,21.0,OVERSTOCK,0.0,10.0,0.0,7.5,7.5,315.0
2012-11-25,7,4,2,21.000000000000004,21.27953711675091,0.35,29.0,OVERSTOCK,0.0,7.9999999999999964,0.0,5.999999999999997,5.999999999999997,315.0
2012-11-25,8,4,2,33.99999999999999,64.07029846177842,0.35,87.0,OVERSTOCK,0.0,53.00000000000001,0.0,39.75000000000001,39.75000000000001,315.0
2012-11-25,9,4,2,96.0,93.83319613767836,0.35,127.0,OVERSTOCK,0.0,31.0,0.0,23.25,23.25,315.0
2012-11-25,10,4,1,138.99999999999994,179.9305941429397,0.35,243.0,OVERSTOCK,0.0,104.00000000000006,0.0,78.00000000000004,78.00000000000004,315.0
2012-11-25,11,4,2,204.00000000000009,205.3646211251651,0.35,278.0,OVERSTOCK,0.0,73.99999999999991,0.0,55.499999999999936,55.499999999999936,315.0
2012-11-25,12,4,2,202.0,227.73243812557456,0.35,308.0,OVERSTOCK,0.0,106.0,0.0,79.5,79.5,315.0
2012-11-25,13,4,2,194.99999999999991,223.0507004885331,0.35,302.0,OVERSTOCK,0.0,107.00000000000009,0.0,80.25000000000006,80.25000000000006,315.0
2012-11-25,14,4,2,202.99999999999997,260.8558431254836,0.35,353.0,OVERSTOCK,0.0,150.00000000000003,0.0,112.50000000000003,112.50000000000003,315.0
2012-11-25,15,4,1,244.99999999999991,250.41613004258184,0.35,339.0,OVERSTOCK,0.0,94.00000000000009,0.0,70.50000000000006,70.50000000000006,315.0
2012-11-25,16,4,1,228.00000000000009,236.839956523095,0.35,320.0,OVERSTOCK,0.0,91.99999999999991,0.0,68.99999999999994,68.99999999999994,315.0
2012-11-25,17,4,1,181.0,153.90437873223684,0.35,208.0,OVERSTOCK,0.0,27.0,0.0,20.25,20.25,315.0
2012-11-25,18,4,1,141.00000000000003,141.78042984069765,0.35,192.0,OVERSTOCK,0.0,50.99999999999997,0.0,38.24999999999998,38.24999999999998,315.0
2012-11-25,19,4,1,126.99999999999996,107.8963140343132,0.35,146.0,OVERSTOCK,0.0,19.000000000000043,0.0,14.250000000000032,14.250000000000032,315.0
2012-11-25,20,4,1,118.99999999999996,86.3629859056975,0.35,117.0,UNDERSTOCK,1.9999999999999574,0.0,6.999999999999851,0.0,6.999999999999851,315.0
2012-11-25,21,4,1,63.99999999999998,88.85035775468121,0.35,120.0,OVERSTOCK,0.0,56.00000000000002,0.0,42.000000000000014,42.000000000000014,315.0
2012-11-25,22,4,1,61.99999999999999,78.81719520105499,0.35,107.0,OVERSTOCK,0.0,45.00000000000001,0.0,33.75000000000001,33.75000000000001,315.0
2012-11-25,23,4,1,41.00000000000001,44.71386496399912,0.35,61.0,OVERSTOCK,0.0,19.999999999999993,0.0,14.999999999999995,14.999999999999995,315.0
2012-11-26,0,4,1,23.000000000000004,16.31888248290928,0.35,23.0,UNDERSTOCK,3.552713678800501e-15,0.0,1.2434497875801753e-14,0.0,1.2434497875801753e-14,495.0
2012-11-26,1,4,1,10.000000000000002,7.486391430179123,0.35,11.0,OVERSTOCK,0.0,0.9999999999999982,0.0,0.7499999999999987,0.7499999999999987,495.0
2012-11-26,2,4,1,5.0,3.268389895824342,0.35,5.0,OK,0.0,0.0,0.0,0.0,0.0,495.0
2012-11-26,3,4,1,5.0,2.57752779389091,0.35,4.0,UNDERSTOCK,1.0,0.0,3.5,0.0,3.5,495.0
2012-11-26,4,4,1,10.000000000000002,3.355752810528513,0.35,5.0,UNDERSTOCK,5.000000000000002,0.0,17.500000000000007,0.0,17.500000000000007,495.0
2012-11-26,5,4,1,41.00000000000001,20.49348918685574,0.35,28.0,UNDERSTOCK,13.000000000000007,0.0,45.50000000000003,0.0,45.50000000000003,495.0
2012-11-26,6,4,1,124.00000000000004,87.38342825076955,0.35,118.0,UNDERSTOCK,6.000000000000043,0.0,21.00000000000015,0.0,21.00000000000015,495.0
2012-11-26,7,4,1,364.9999999999999,267.31229188809715,0.35,361.0,UNDERSTOCK,3.9999999999998863,0.0,13.999999999999602,0.0,13.999999999999602,495.0
2012-11-26,8,4,1,637.9999999999999,487.1694070187132,0.35,658.0,OVERSTOCK,0.0,20.000000000000114,0.0,15.000000000000085,15.000000000000085,495.0
2012-11-26,9,4,1,286.00000000000006,265.2204026493903,0.35,359.0,OVERSTOCK,0.0,72.99999999999994,0.0,54.74999999999996,54.74999999999996,495.0
2012-11-26,10,4,1,146.99999999999994,131.73133862504037,0.35,178.0,OVERSTOCK,0.0,31.000000000000057,0.0,23.250000000000043,23.250000000000043,495.0
2012-11-26,11,4,1,129.99999999999994,166.87657391534998,0.35,226.0,OVERSTOCK,0.0,96.00000000000006,0.0,72.00000000000004,72.00000000000004,495.0
2012-11-26,12,4,1,210.00000000000003,206.04437532868343,0.35,279.0,OVERSTOCK,0.0,68.99999999999997,0.0,51.74999999999998,51.74999999999998,495.0
2012-11-26,13,4,1,217.0,204.09953793407692,0.35,276.0,OVERSTOCK,0.0,59.0,0.0,44.25,44.25,495.0
2012-11-26,14,4,1,228.00000000000009,190.70672404396436,0.35,258.0,OVERSTOCK,0.0,29.999999999999915,0.0,22.499999999999936,22.499999999999936,495.0
2012-11-26,15,4,1,229.99999999999997,191.39745680205644,0.35,259.0,OVERSTOCK,0.0,29.00000000000003,0.0,21.75000000000002,21.75000000000002,495.0
2012-11-26,16,4,1,346.00000000000006,271.60328992294603,0.35,367.0,OVERSTOCK,0.0,20.999999999999943,0.0,15.749999999999957,15.749999999999957,495.0
2012-11-26,17,4,1,553.0000000000001,563.4335864503976,0.35,761.0,OVERSTOCK,0.0,207.9999999999999,0.0,155.99999999999991,155.99999999999991,495.0
2012-11-26,18,4,1,521.0000000000002,518.4252492363022,0.35,700.0,OVERSTOCK,0.0,178.99999999999977,0.0,134.24999999999983,134.24999999999983,495.0
2012-11-26,19,4,1,370.9999999999999,313.4253795697643,0.35,424.0,OVERSTOCK,0.0,53.000000000000114,0.0,39.750000000000085,39.750000000000085,495.0
2012-11-26,20,4,1,276.99999999999994,205.08858007331108,0.35,277.0,OVERSTOCK,0.0,5.684341886080802e-14,0.0,4.263256414560601e-14,4.263256414560601e-14,495.0
2012-11-26,21,4,1,181.0,174.18500314567834,0.35,236.0,OVERSTOCK,0.0,55.0,0.0,41.25,41.25,495.0
2012-11-26,22,4,1,103.99999999999996,98.17948787196076,0.35,133.0,OVERSTOCK,0.0,29.000000000000043,0.0,21.750000000000032,21.750000000000032,495.0
2012-11-26,23,4,2,64.99999999999997,49.70742603067991,0.35,68.0,OVERSTOCK,0.0,3.0000000000000284,0.0,2.2500000000000213,2.2500000000000213,495.0
2012-11-27,0,4,2,26.0,19.3954370765571,0.35,27.0,OVERSTOCK,0.0,1.0,0.0,0.75,0.75,270.0
2012-11-27,1,4,2,5.999999999999999,10.27883158796187,0.35,14.0,OVERSTOCK,0.0,8.0,0.0,6.0,6.0,270.0
2012-11-27,2,4,2,5.0,4.330357419181663,0.35,6.0,OVERSTOCK,0.0,1.0,0.0,0.75,0.75,270.0
2012-11-27,3,4,3,4.0,2.433667301361905,0.35,4.0,OK,0.0,0.0,0.0,0.0,0.0,270.0
2012-11-27,4,4,3,5.0,4.277185446849366,0.35,6.0,OVERSTOCK,0.0,1.0,0.0,0.75,0.75,270.0
2012-11-27,5,4,2,31.0,22.987618811125422,0.35,32.0,OVERSTOCK,0.0,1.0,0.0,0.75,0.75,270.0
2012-11-27,6,4,2,100.00000000000004,88.32525324552746,0.35,120.0,OVERSTOCK,0.0,19.999999999999957,0.0,14.999999999999968,14.999999999999968,270.0
2012-11-27,7,4,3,292.99999999999994,139.48593769699937,0.35,189.0,UNDERSTOCK,103.99999999999994,0.0,363.9999999999998,0.0,363.9999999999998,270.0
2012-11-27,8,4,3,499.9999999999999,150.35893723696182,0.35,203.0,UNDERSTOCK,296.9999999999999,0.0,1039.4999999999995,0.0,1039.4999999999995,270.0
2012-11-27,9,4,2,268.0,260.7732882956439,0.35,353.0,OVERSTOCK,0.0,85.0,0.0,63.75,63.75,270.0
2012-11-27,10,4,3,56.99999999999999,50.23816500251284,0.35,68.0,OVERSTOCK,0.0,11.000000000000007,0.0,8.250000000000005,8.250000000000005,270.0
2012-11-27,11,4,3,64.99999999999997,39.1546039103443,0.35,53.0,UNDERSTOCK,11.999999999999972,0.0,41.9999999999999,0.0,41.9999999999999,270.0
2012-11-27,12,4,3,76.00000000000001,48.14048503490408,0.35,65.0,UNDERSTOCK,11.000000000000014,0.0,38.50000000000005,0.0,38.50000000000005,270.0
2012-11-27,13,4,3,77.0,48.13683559481712,0.35,65.0,UNDERSTOCK,12.0,0.0,42.0,0.0,42.0,270.0
2012-11-27,14,4,3,94.0,54.78346322344606,0.35,74.0,UNDERSTOCK,20.0,0.0,70.0,0.0,70.0,270.0
2012-11-27,15,4,2,155.0,125.7744692749047,0.35,170.0,OVERSTOCK,0.0,15.0,0.0,11.25,11.25,270.0
2012-11-27,16,4,2,257.0,184.8535150739456,0.35,250.0,UNDERSTOCK,7.0,0.0,24.5,0.0,24.5,270.0
2012-11-27,17,4,2,527.0,357.9187819359837,0.35,484.0,UNDERSTOCK,43.0,0.0,150.5,0.0,150.5,270.0
2012-11-27,18,4,1,481.9999999999998,275.4272787715986,0.35,372.0,UNDERSTOCK,109.99999999999977,0.0,384.9999999999992,0.0,384.9999999999992,270.0
2012-11-27,19,4,1,349.9999999999999,230.4454119661305,0.35,312.0,UNDERSTOCK,37.999999999999886,0.0,132.9999999999996,0.0,132.9999999999996,270.0
2012-11-27,20,4,1,231.99999999999991,173.9577442572517,0.35,235.0,OVERSTOCK,0.0,3.0000000000000853,0.0,2.250000000000064,2.250000000000064,270.0
2012-11-27,21,4,1,185.00000000000009,87.75940223081916,0.35,119.0,UNDERSTOCK,66.00000000000009,0.0,231.00000000000028,0.0,231.00000000000028,270.0
2012-11-27,22,4,1,97.00000000000004,68.29623529291352,0.35,93.0,UNDERSTOCK,4.000000000000043,0.0,14.00000000000015,0.0,14.00000000000015,270.0
2012-11-27,23,4,2,67.00000000000001,41.58030759561972,0.35,57.0,UNDERSTOCK,10.000000000000014,0.0,35.00000000000005,0.0,35.00000000000005,270.0
2012-11-28,0,4,2,23.000000000000004,20.67975954160943,0.35,28.0,OVERSTOCK,0.0,4.9999999999999964,0.0,3.7499999999999973,3.7499999999999973,450.0
2012-11-28,1,4,2,12.0,7.371157232277441,0.35,10.0,UNDERSTOCK,2.0,0.0,7.0,0.0,7.0,450.0
2012-11-28,2,4,2,1.0,4.216406558366505,0.35,6.0,OVERSTOCK,0.0,5.0,0.0,3.75,3.75,450.0
2012-11-28,3,4,2,3.0,2.8104435933533587,0.35,4.0,OVERSTOCK,0.0,1.0,0.0,0.75,0.75,450.0
2012-11-28,4,4,2,4.0,3.425947094206148,0.35,5.0,OVERSTOCK,0.0,1.0,0.0,0.75,0.75,450.0
2012-11-28,5,4,2,39.0,25.258357869347588,0.35,35.0,UNDERSTOCK,4.0,0.0,14.0,0.0,14.0,450.0
2012-11-28,6,4,2,136.00000000000003,91.62509579019992,0.35,124.0,UNDERSTOCK,12.000000000000028,0.0,42.0000000000001,0.0,42.0000000000001,450.0
2012-11-28,7,4,2,409.00000000000017,270.5844352737127,0.35,366.0,UNDERSTOCK,43.00000000000017,0.0,150.5000000000006,0.0,150.5000000000006,450.0
2012-11-28,8,4,1,692.0,511.4073983415552,0.35,691.0,UNDERSTOCK,1.0,0.0,3.5,0.0,3.5,450.0
2012-11-28,9,4,1,321.99999999999994,251.9917008076557,0.35,341.0,OVERSTOCK,0.0,19.000000000000057,0.0,14.250000000000043,14.250000000000043,450.0
2012-11-28,10,4,1,160.99999999999994,126.49257061326938,0.35,171.0,OVERSTOCK,0.0,10.000000000000057,0.0,7.500000000000043,7.500000000000043,450.0
2012-11-28,11,4,1,145.99999999999997,150.88228820703023,0.35,204.0,OVERSTOCK,0.0,58.00000000000003,0.0,43.50000000000002,43.50000000000002,450.0
2012-11-28,12,4,1,208.0,157.41617238540567,0.35,213.0,OVERSTOCK,0.0,5.0,0.0,3.75,3.75,450.0
2012-11-28,13,4,1,213.99999999999991,175.88273779087027,0.35,238.0,OVERSTOCK,0.0,24.000000000000085,0.0,18.000000000000064,18.000000000000064,450.0
2012-11-28,14,4,1,175.99999999999994,155.6785986755181,0.35,211.0,OVERSTOCK,0.0,35.00000000000006,0.0,26.250000000000043,26.250000000000043,450.0
2012-11-28,15,4,1,179.0,159.2390646879486,0.35,215.0,OVERSTOCK,0.0,36.0,0.0,27.0,27.0,450.0
2012-11-28,16,4,1,325.0,235.19370911782735,0.35,318.0,UNDERSTOCK,7.0,0.0,24.5,0.0,24.5,450.0
2012-11-28,17,4,1,563.0000000000002,510.6992341564943,0.35,690.0,OVERSTOCK,0.0,126.99999999999977,0.0,95.24999999999983,95.24999999999983,450.0
2012-11-28,18,4,1,541.9999999999999,488.8845788511826,0.35,660.0,OVERSTOCK,0.0,118.00000000000011,0.0,88.50000000000009,88.50000000000009,450.0
2012-11-28,19,4,1,387.00000000000006,304.7594837326515,0.35,412.0,OVERSTOCK,0.0,24.999999999999943,0.0,18.749999999999957,18.749999999999957,450.0
2012-11-28,20,4,1,262.99999999999994,204.95755881041583,0.35,277.0,OVERSTOCK,0.0,14.000000000000057,0.0,10.500000000000043,10.500000000000043,450.0
2012-11-28,21,4,1,222.99999999999997,167.82500029665923,0.35,227.0,OVERSTOCK,0.0,4.000000000000028,0.0,3.0000000000000213,3.0000000000000213,450.0
2012-11-28,22,4,1,154.00000000000003,102.9717650402847,0.35,140.0,UNDERSTOCK,14.000000000000028,0.0,49.0000000000001,0.0,49.0000000000001,450.0
2012-11-28,23,4,1,78.0,47.15562988400402,0.35,64.0,UNDERSTOCK,14.0,0.0,49.0,0.0,49.0,450.0
2012-11-29,0,4,1,29.000000000000004,22.89486955841337,0.35,31.0,OVERSTOCK,0.0,1.9999999999999964,0.0,1.4999999999999973,1.4999999999999973,450.0
2012-11-29,1,4,1,16.0,9.128973188007752,0.35,13.0,UNDERSTOCK,3.0,0.0,10.5,0.0,10.5,450.0
2012-11-29,2,4,1,6.999999999999998,3.474470575696424,0.35,5.0,UNDERSTOCK,1.9999999999999982,0.0,6.999999999999994,0.0,6.999999999999994,450.0
2012-11-29,4,4,1,6.999999999999998,3.5593182601347886,0.35,5.0,UNDERSTOCK,1.9999999999999982,0.0,6.999999999999994,0.0,6.999999999999994,450.0
2012-11-29,5,4,1,42.0,21.508037879507523,0.35,30.0,UNDERSTOCK,12.0,0.0,42.0,0.0,42.0,450.0
2012-11-29,6,4,1,121.00000000000004,87.29344899567536,0.35,118.0,UNDERSTOCK,3.0000000000000426,0.0,10.50000000000015,0.0,10.50000000000015,450.0
2012-11-29,7,4,1,361.9999999999999,246.04958385870623,0.35,333.0,UNDERSTOCK,28.999999999999886,0.0,101.4999999999996,0.0,101.4999999999996,450.0
2012-11-29,8,4,1,678.9999999999998,477.138478515624,0.35,645.0,UNDERSTOCK,33.99999999999977,0.0,118.9999999999992,0.0,118.9999999999992,450.0
2012-11-29,9,4,1,298.99999999999994,256.1379804674109,0.35,346.0,OVERSTOCK,0.0,47.00000000000006,0.0,35.25000000000004,35.25000000000004,450.0
2012-11-29,10,4,1,178.0,119.4212676609206,0.35,162.0,UNDERSTOCK,16.0,0.0,56.0,0.0,56.0,450.0
2012-11-29,11,4,1,163.00000000000006,172.94501958486066,0.35,234.0,OVERSTOCK,0.0,70.99999999999994,0.0,53.24999999999996,53.24999999999996,450.0
2012-11-29,12,4,1,236.00000000000009,189.83331518145536,0.35,257.0,OVERSTOCK,0.0,20.999999999999915,0.0,15.749999999999936,15.749999999999936,450.0
2012-11-29,13,4,1,224.0,192.14706330429064,0.35,260.0,OVERSTOCK,0.0,36.0,0.0,27.0,27.0,450.0
2012-11-29,14,4,1,187.0,161.36777829355242,0.35,218.0,OVERSTOCK,0.0,31.0,0.0,23.25,23.25,450.0
2012-11-29,15,4,1,219.99999999999991,152.73556904398407,0.35,207.0,UNDERSTOCK,12.999999999999915,0.0,45.4999999999997,0.0,45.4999999999997,450.0
2012-11-29,16,4,1,370.0,229.17669116948565,0.35,310.0,UNDERSTOCK,60.0,0.0,210.0,0.0,210.0,450.0
2012-11-29,17,4,1,560.9999999999999,500.2423193077767,0.35,676.0,OVERSTOCK,0.0,115.00000000000011,0.0,86.25000000000009,86.25000000000009,450.0
2012-11-29,18,4,1,537.0,486.3777048829349,0.35,657.0,OVERSTOCK,0.0,120.0,0.0,90.0,90.0,450.0
2012-11-29,19,4,1,344.00000000000017,272.34088766002947,0.35,368.0,OVERSTOCK,0.0,23.99999999999983,0.0,17.999999999999872,17.999999999999872,450.0
2012-11-29,20,4,1,252.00000000000003,195.55985294930147,0.35,265.0,OVERSTOCK,0.0,12.999999999999972,0.0,9.749999999999979,9.749999999999979,450.0
2012-11-29,21,4,1,208.0,107.41201302080664,0.35,146.0,UNDERSTOCK,62.0,0.0,217.0,0.0,217.0,450.0
2012-11-29,22,4,1,151.0,110.81753471224204,0.35,150.0,UNDERSTOCK,1.0,0.0,3.5,0.0,3.5,450.0
2012-11-29,23,4,1,129.99999999999994,77.80068493017501,0.35,106.0,UNDERSTOCK,23.999999999999943,0.0,83.9999999999998,0.0,83.9999999999998,450.0
2012-11-30,0,4,1,52.00000000000001,30.42206316396349,0.35,42.0,UNDERSTOCK,10.000000000000007,0.0,35.00000000000003,0.0,35.00000000000003,495.0
2012-11-30,1,4,1,19.0,9.516265671151253,0.35,13.0,UNDERSTOCK,6.0,0.0,21.0,0.0,21.0,495.0
2012-11-30,2,4,1,12.0,9.0258912052471,0.35,13.0,OVERSTOCK,0.0,1.0,0.0,0.75,0.75,495.0
2012-11-30,3,4,1,4.0,3.0323425408164386,0.35,5.0,OVERSTOCK,0.0,1.0,0.0,0.75,0.75,495.0
2012-11-30,4,4,1,3.0,3.392832028813596,0.35,5.0,OVERSTOCK,0.0,2.0,0.0,1.5,1.5,495.0
2012-11-30,5,4,1,40.00000000000001,19.5937515542938,0.35,27.0,UNDERSTOCK,13.000000000000007,0.0,45.50000000000003,0.0,45.50000000000003,495.0
2012-11-30,6,4,1,105.99999999999996,65.20424833328785,0.35,89.0,UNDERSTOCK,16.999999999999957,0.0,59.49999999999985,0.0,59.49999999999985,495.0
2012-11-30,7,4,1,351.99999999999994,226.70304548690663,0.35,307.0,UNDERSTOCK,44.99999999999994,0.0,157.4999999999998,0.0,157.4999999999998,495.0
2012-11-30,8,4,2,729.0,434.3215732738956,0.35,587.0,UNDERSTOCK,142.0,0.0,497.0,0.0,497.0,495.0
2012-11-30,9,4,1,330.0,251.8265304126785,0.35,340.0,OVERSTOCK,0.0,10.0,0.0,7.5,7.5,495.0
2012-11-30,10,4,2,169.00000000000006,135.41316158184526,0.35,183.0,OVERSTOCK,0.0,13.999999999999943,0.0,10.499999999999957,10.499999999999957,495.0
2012-11-30,11,4,2,201.00000000000009,183.5056910710776,0.35,248.0,OVERSTOCK,0.0,46.999999999999915,0.0,35.249999999999936,35.249999999999936,495.0
2012-11-30,12,4,2,268.0,236.58501152693043,0.35,320.0,OVERSTOCK,0.0,52.0,0.0,39.0,39.0,495.0
2012-11-30,13,4,2,262.00000000000006,231.5825035877392,0.35,313.0,OVERSTOCK,0.0,50.99999999999994,0.0,38.24999999999996,38.24999999999996,495.0
2012-11-30,14,4,2,251.00000000000003,209.60911011998795,0.35,283.0,OVERSTOCK,0.0,31.99999999999997,0.0,23.99999999999998,23.99999999999998,495.0
2012-11-30,15,4,2,296.00000000000006,199.0361796147289,0.35,269.0,UNDERSTOCK,27.000000000000057,0.0,94.5000000000002,0.0,94.5000000000002,495.0
2012-11-30,16,4,1,405.0,261.8064255050362,0.35,354.0,UNDERSTOCK,51.0,0.0,178.5,0.0,178.5,495.0
2012-11-30,17,4,1,581.9999999999999,504.48990907191234,0.35,682.0,OVERSTOCK,0.0,100.00000000000011,0.0,75.00000000000009,75.00000000000009,495.0
2012-11-30,18,4,2,508.9999999999999,507.6304430641842,0.35,686.0,OVERSTOCK,0.0,177.0000000000001,0.0,132.75000000000009,132.75000000000009,495.0
2012-11-30,19,4,1,377.0000000000001,290.1053460173868,0.35,392.0,OVERSTOCK,0.0,14.999999999999886,0.0,11.249999999999915,11.249999999999915,495.0
2012-11-30,20,4,1,244.99999999999991,181.7603144958311,0.35,246.0,OVERSTOCK,0.0,1.0000000000000853,0.0,0.750000000000064,0.750000000000064,495.0
2012-11-30,21,4,1,183.00000000000009,156.49176685444706,0.35,212.0,OVERSTOCK,0.0,28.999999999999915,0.0,21.749999999999936,21.749999999999936,495.0
2012-11-30,22,4,1,163.00000000000006,127.34406193665548,0.35,172.0,OVERSTOCK,0.0,8.999999999999943,0.0,6.749999999999957,6.749999999999957,495.0
2012-11-30,23,4,2,109.99999999999996,65.49855572902443,0.35,89.0,UNDERSTOCK,20.999999999999957,0.0,73.49999999999986,0.0,73.49999999999986,495.0
2012-12-01,0,4,1,107.99999999999996,61.027130235742646,0.35,83.0,UNDERSTOCK,24.999999999999957,0.0,87.49999999999986,0.0,87.49999999999986,315.0
2012-12-01,1,4,1,69.00000000000003,54.573777070333165,0.35,74.0,OVERSTOCK,0.0,4.999999999999972,0.0,3.7499999999999787,3.7499999999999787,315.0
2012-12-01,2,4,2,50.0,44.24542046189711,0.35,60.0,OVERSTOCK,0.0,10.0,0.0,7.5,7.5,315.0
2012-12-01,3,4,2,14.999999999999998,16.49725991076937,0.35,23.0,OVERSTOCK,0.0,8.000000000000002,0.0,6.000000000000002,6.000000000000002,315.0
2012-12-01,4,4,1,5.0,6.894990437920218,0.35,10.0,OVERSTOCK,0.0,5.0,0.0,3.75,3.75,315.0
2012-12-01,5,4,1,12.999999999999996,6.085428177978489,0.35,9.0,UNDERSTOCK,3.9999999999999964,0.0,13.999999999999988,0.0,13.999999999999988,315.0
2012-12-01,6,4,1,27.0,14.21306245881347,0.35,20.0,UNDERSTOCK,7.0,0.0,24.5,0.0,24.5,315.0
2012-12-01,7,4,2,62.99999999999998,25.666796631555243,0.35,35.0,UNDERSTOCK,27.99999999999998,0.0,97.99999999999993,0.0,97.99999999999993,315.0
2012-12-01,8,4,2,143.99999999999997,64.65459193570275,0.35,88.0,UNDERSTOCK,55.99999999999997,0.0,195.9999999999999,0.0,195.9999999999999,315.0
2012-12-01,9,4,2,193.00000000000003,71.36414307869615,0.35,97.0,UNDERSTOCK,96.00000000000003,0.0,336.0000000000001,0.0,336.0000000000001,315.0
2012-12-01,10,4,2,256.00000000000006,149.00691546195918,0.35,202.0,UNDERSTOCK,54.00000000000006,0.0,189.0000000000002,0.0,189.0000000000002,315.0
2012-12-01,11,4,2,392.0,222.9728555851479,0.35,302.0,UNDERSTOCK,90.0,0.0,315.0,0.0,315.0,315.0
2012-12-01,12,4,2,446.00000000000017,197.75432242144535,0.35,267.0,UNDERSTOCK,179.00000000000017,0.0,626.5000000000006,0.0,626.5000000000006,315.0
2012-12-01,13,4,2,508.9999999999999,253.13715303895495,0.35,342.0,UNDERSTOCK,166.9999999999999,0.0,584.4999999999995,0.0,584.4999999999995,315.0
2012-12-01,14,4,2,479.0,307.13894097801403,0.35,415.0,UNDERSTOCK,64.0,0.0,224.0,0.0,224.0,315.0
2012-12-01,15,4,2,484.00000000000006,291.1500821353903,0.35,394.0,UNDERSTOCK,90.00000000000006,0.0,315.0000000000002,0.0,315.0000000000002,315.0
2012-12-01,16,4,2,443.0,247.907790112366,0.35,335.0,UNDERSTOCK,108.0,0.0,378.0,0.0,378.0,315.0
2012-12-01,17,4,2,320.0,217.0728637313733,0.35,294.0,UNDERSTOCK,26.0,0.0,91.0,0.0,91.0,315.0
2012-12-01,18,4,2,297.00000000000006,196.67974146114608,0.35,266.0,UNDERSTOCK,31.000000000000057,0.0,108.5000000000002,0.0,108.5000000000002,315.0
2012-12-01,19,4,2,248.9999999999999,140.26796181786676,0.35,190.0,UNDERSTOCK,58.999999999999886,0.0,206.4999999999996,0.0,206.4999999999996,315.0
2012-12-01,20,4,1,198.0,118.01217607064386,0.35,160.0,UNDERSTOCK,38.0,0.0,133.0,0.0,133.0,315.0
2012-12-01,21,4,2,158.0,85.86284145311092,0.35,116.0,UNDERSTOCK,42.0,0.0,147.0,0.0,147.0,315.0
2012-12-01,22,4,2,146.99999999999994,76.34283962269352,0.35,104.0,UNDERSTOCK,42.99999999999994,0.0,150.4999999999998,0.0,150.4999999999998,315.0
2012-12-01,23,4,2,126.0,63.74983492082748,0.35,87.0,UNDERSTOCK,39.0,0.0,136.5,0.0,136.5,315.0
2012-12-02,0,4,2,117.00000000000004,56.90938902666712,0.35,77.0,UNDERSTOCK,40.00000000000004,0.0,140.00000000000014,0.0,140.00000000000014,315.0
2012-12-02,1,4,2,94.0,52.47113504716399,0.35,71.0,UNDERSTOCK,23.0,0.0,80.5,0.0,80.5,315.0
2012-12-02,2,4,2,73.99999999999997,50.617396731885904,0.35,69.0,UNDERSTOCK,4.999999999999972,0.0,17.4999999999999,0.0,17.4999999999999,315.0
2012-12-02,3,4,2,25.000000000000004,19.746947531460805,0.35,27.0,OVERSTOCK,0.0,1.9999999999999964,0.0,1.4999999999999973,1.4999999999999973,315.0
2012-12-02,4,4,2,6.999999999999998,7.19532845945535,0.35,10.0,OVERSTOCK,0.0,3.0000000000000018,0.0,2.2500000000000013,2.2500000000000013,315.0
2012-12-02,5,4,2,8.000000000000002,6.198385247596916,0.35,9.0,OVERSTOCK,0.0,0.9999999999999982,0.0,0.7499999999999987,0.7499999999999987,315.0
2012-12-02,6,4,2,16.0,10.441819155077024,0.35,15.0,UNDERSTOCK,1.0,0.0,3.5,0.0,3.5,315.0
2012-12-02,7,4,2,31.0,15.128983371400636,0.35,21.0,UNDERSTOCK,10.0,0.0,35.0,0.0,35.0,315.0
2012-12-02,8,4,2,93.0,39.256521955365976,0.35,53.0,UNDERSTOCK,40.0,0.0,140.0,0.0,140.0,315.0
2012-12-02,9,4,2,172.00000000000006,70.12527312149113,0.35,95.0,UNDERSTOCK,77.00000000000006,0.0,269.5000000000002,0.0,269.5000000000002,315.0
2012-12-02,10,4,2,292.99999999999994,125.732543242679,0.35,170.0,UNDERSTOCK,122.99999999999994,0.0,430.4999999999998,0.0,430.4999999999998,315.0
2012-12-02,11,4,2,355.0,188.54561170323015,0.35,255.0,UNDERSTOCK,100.0,0.0,350.0,0.0,350.0,315.0
2012-12-02,12,4,2,520.0,200.97535018289548,0.35,272.0,UNDERSTOCK,248.0,0.0,868.0,0.0,868.0,315.0
2012-12-02,13,4,1,431.00000000000017,318.5289992984512,0.35,431.0,UNDERSTOCK,1.7053025658242404e-13,0.0,5.968558980384842e-13,0.0,5.968558980384842e-13,315.0
2012-12-02,14,4,1,473.00000000000017,294.00410706767485,0.35,397.0,UNDERSTOCK,76.00000000000017,0.0,266.00000000000057,0.0,266.00000000000057,315.0
2012-12-02,15,4,1,417.0,289.0743809438922,0.35,391.0,UNDERSTOCK,26.0,0.0,91.0,0.0,91.0,315.0
2012-12-02,16,4,2,443.0,207.4282915565965,0.35,281.0,UNDERSTOCK,162.0,0.0,567.0,0.0,567.0,315.0
2012-12-02,17,4,3,303.00000000000006,93.0507395343673,0.35,126.0,UNDERSTOCK,177.00000000000006,0.0,619.5000000000002,0.0,619.5000000000002,315.0
2012-12-02,18,4,2,202.99999999999997,216.9118683083355,0.35,293.0,OVERSTOCK,0.0,90.00000000000003,0.0,67.50000000000003,67.50000000000003,315.0
2012-12-02,19,4,2,174.00000000000009,149.82135950889034,0.35,203.0,OVERSTOCK,0.0,28.999999999999915,0.0,21.749999999999936,21.749999999999936,315.0
2012-12-02,20,4,2,154.00000000000003,141.73555132270877,0.35,192.0,OVERSTOCK,0.0,37.99999999999997,0.0,28.49999999999998,28.49999999999998,315.0
2012-12-02,21,4,2,99.00000000000004,110.9844072393827,0.35,150.0,OVERSTOCK,0.0,50.99999999999996,0.0,38.24999999999997,38.24999999999997,315.0
2012-12-02,22,4,2,96.0,98.18618413730638,0.35,133.0,OVERSTOCK,0.0,37.0,0.0,27.75,27.75,315.0
2012-12-02,23,4,2,51.00000000000001,52.63427958534187,0.35,72.0,OVERSTOCK,0.0,20.999999999999993,0.0,15.749999999999995,15.749999999999995,315.0
2012-12-03,0,4,2,21.000000000000004,21.73833682232061,0.35,30.0,OVERSTOCK,0.0,8.999999999999996,0.0,6.749999999999997,6.749999999999997,540.0
2012-12-03,1,4,1,12.999999999999996,12.202750715528708,0.35,17.0,OVERSTOCK,0.0,4.0000000000000036,0.0,3.0000000000000027,3.0000000000000027,540.0
2012-12-03,2,4,1,10.000000000000002,6.3932920294854565,0.35,9.0,UNDERSTOCK,1.0000000000000018,0.0,3.500000000000006,0.0,3.500000000000006,540.0
2012-12-03,3,4,1,8.000000000000002,3.8119558970318903,0.35,6.0,UNDERSTOCK,2.0000000000000018,0.0,7.000000000000006,0.0,7.000000000000006,540.0
2012-12-03,4,4,1,5.0,3.727851086415957,0.35,6.0,OVERSTOCK,0.0,1.0,0.0,0.75,0.75,540.0
2012-12-03,5,4,1,37.99999999999999,25.176830437163925,0.35,34.0,UNDERSTOCK,3.999999999999993,0.0,13.999999999999975,0.0,13.999999999999975,540.0
2012-12-03,6,4,1,137.99999999999997,106.51261773319408,0.35,144.0,OVERSTOCK,0.0,6.000000000000028,0.0,4.500000000000021,4.500000000000021,540.0
2012-12-03,7,4,2,396.0000000000001,242.8753275439504,0.35,328.0,UNDERSTOCK,68.00000000000011,0.0,238.0000000000004,0.0,238.0000000000004,540.0
2012-12-03,8,4,1,730.9999999999998,431.23695216519206,0.35,583.0,UNDERSTOCK,147.99999999999977,0.0,517.9999999999992,0.0,517.9999999999992,540.0
2012-12-03,9,4,1,308.0000000000001,263.3245576390935,0.35,356.0,OVERSTOCK,0.0,47.999999999999886,0.0,35.999999999999915,35.999999999999915,540.0
2012-12-03,10,4,1,136.00000000000003,162.36507242358437,0.35,220.0,OVERSTOCK,0.0,83.99999999999997,0.0,62.99999999999998,62.99999999999998,540.0
2012-12-03,11,4,1,233.00000000000009,177.9679934482318,0.35,241.0,OVERSTOCK,0.0,7.999999999999915,0.0,5.999999999999936,5.999999999999936,540.0
2012-12-03,12,4,1,268.0,212.6919215573924,0.35,288.0,OVERSTOCK,0.0,20.0,0.0,15.0,15.0,540.0
2012-12-03,13,4,1,321.00000000000006,184.4938906464031,0.35,250.0,UNDERSTOCK,71.00000000000006,0.0,248.5000000000002,0.0,248.5000000000002,540.0
2012-12-03,14,4,1,260.00000000000006,212.83955139148088,0.35,288.0,OVERSTOCK,0.0,27.999999999999943,0.0,20.999999999999957,20.999999999999957,540.0
2012-12-03,15,4,1,268.0,221.40477881887247,0.35,299.0,OVERSTOCK,0.0,31.0,0.0,23.25,23.25,540.0
2012-12-03,16,4,1,442.0,371.884389427523,0.35,503.0,OVERSTOCK,0.0,61.0,0.0,45.75,45.75,540.0
2012-12-03,17,4,1,708.0,630.0695714577934,0.35,851.0,OVERSTOCK,0.0,143.0,0.0,107.25,107.25,540.0
2012-12-03,18,4,1,692.0,587.8656445227479,0.35,794.0,OVERSTOCK,0.0,102.0,0.0,76.5,76.5,540.0
2012-12-03,19,4,1,470.99999999999983,418.85927095000886,0.35,566.0,OVERSTOCK,0.0,95.00000000000017,0.0,71.25000000000013,71.25000000000013,540.0
2012-12-03,20,4,2,299.9999999999999,225.03266044937877,0.35,304.0,OVERSTOCK,0.0,4.000000000000114,0.0,3.0000000000000853,3.0000000000000853,540.0
2012-12-03,21,4,1,221.0,182.79866234117333,0.35,247.0,OVERSTOCK,0.0,26.0,0.0,19.5,19.5,540.0
2012-12-03,22,4,1,143.99999999999997,117.13186945756028,0.35,159.0,OVERSTOCK,0.0,15.000000000000028,0.0,11.250000000000021,11.250000000000021,540.0
2012-12-03,23,4,1,102.0,62.39439038617351,0.35,85.0,UNDERSTOCK,17.0,0.0,59.5,0.0,59.5,540.0
2012-12-04,0,4,1,55.00000000000002,23.618144854810623,0.35,32.0,UNDERSTOCK,23.00000000000002,0.0,80.50000000000007,0.0,80.50000000000007,540.0
2012-12-04,1,4,1,25.000000000000004,11.968525662372722,0.35,17.0,UNDERSTOCK,8.000000000000004,0.0,28.000000000000014,0.0,28.000000000000014,540.0
2012-12-04,2,4,1,8.000000000000002,5.299439023316992,0.35,8.0,UNDERSTOCK,1.7763568394002505e-15,0.0,6.217248937900877e-15,0.0,6.217248937900877e-15,540.0
2012-12-04,3,4,2,4.0,3.669652775589598,0.35,5.0,OVERSTOCK,0.0,1.0,0.0,0.75,0.75,540.0
2012-12-04,4,4,2,6.999999999999998,3.666017940318368,0.35,5.0,UNDERSTOCK,1.9999999999999982,0.0,6.999999999999994,0.0,6.999999999999994,540.0
2012-12-04,5,4,2,45.99999999999999,31.029935799872263,0.35,42.0,UNDERSTOCK,3.999999999999993,0.0,13.999999999999975,0.0,13.999999999999975,540.0
2012-12-04,6,4,2,153.00000000000006,110.99435339213817,0.35,150.0,UNDERSTOCK,3.000000000000057,0.0,10.500000000000199,0.0,10.500000000000199,540.0
2012-12-04,7,4,1,502.0,264.5425814932448,0.35,358.0,UNDERSTOCK,144.0,0.0,504.0,0.0,504.0,540.0
2012-12-04,8,4,2,720.9999999999998,365.82966407723137,0.35,494.0,UNDERSTOCK,226.99999999999977,0.0,794.4999999999992,0.0,794.4999999999992,540.0
2012-12-04,9,4,1,335.99999999999994,213.23686909089253,0.35,288.0,UNDERSTOCK,47.99999999999994,0.0,167.9999999999998,0.0,167.9999999999998,540.0
2012-12-04,10,4,1,155.99999999999994,164.63325246679054,0.35,223.0,OVERSTOCK,0.0,67.00000000000006,0.0,50.25000000000004,50.25000000000004,540.0
2012-12-04,11,4,1,207.0,191.0581446292985,0.35,258.0,OVERSTOCK,0.0,51.0,0.0,38.25,38.25,540.0
2012-12-04,12,4,1,311.9999999999999,218.03052830433325,0.35,295.0,UNDERSTOCK,16.999999999999886,0.0,59.4999999999996,0.0,59.4999999999996,540.0
2012-12-04,13,4,2,272.0,190.14167061646552,0.35,257.0,UNDERSTOCK,15.0,0.0,52.5,0.0,52.5,540.0
2012-12-04,14,4,2,270.00000000000006,199.63852827685943,0.35,270.0,UNDERSTOCK,5.684341886080802e-14,0.0,1.9895196601282805e-13,0.0,1.9895196601282805e-13,540.0
2012-12-04,15,4,2,299.9999999999999,225.32243855979644,0.35,305.0,OVERSTOCK,0.0,5.000000000000114,0.0,3.7500000000000853,3.7500000000000853,540.0
2012-12-04,16,4,1,435.0,340.97626853991306,0.35,461.0,OVERSTOCK,0.0,26.0,0.0,19.5,19.5,540.0
2012-12-04,17,4,1,742.9999999999998,629.4375014414546,0.35,850.0,OVERSTOCK,0.0,107.00000000000023,0.0,80.25000000000017,80.25000000000017,540.0
2012-12-04,18,4,1,730.9999999999998,598.1335845733237,0.35,808.0,OVERSTOCK,0.0,77.00000000000023,0.0,57.75000000000017,57.75000000000017,540.0
2012-12-04,19,4,1,460.00000000000006,420.5717599139878,0.35,568.0,OVERSTOCK,0.0,107.99999999999994,0.0,80.99999999999996,80.99999999999996,540.0
2012-12-04,20,4,2,305.9999999999999,271.01229818069,0.35,366.0,OVERSTOCK,0.0,60.000000000000114,0.0,45.000000000000085,45.000000000000085,540.0
2012-12-04,21,4,2,279.9999999999999,194.0791459942904,0.35,263.0,UNDERSTOCK,16.999999999999886,0.0,59.4999999999996,0.0,59.4999999999996,540.0
2012-12-04,22,4,2,181.0,124.922968023423,0.35,169.0,UNDERSTOCK,12.0,0.0,42.0,0.0,42.0,540.0
2012-12-04,23,4,1,96.0,64.90699140096257,0.35,88.0,UNDERSTOCK,8.0,0.0,28.0,0.0,28.0,540.0
2012-12-05,0,4,1,36.99999999999999,32.48724509872037,0.35,44.0,OVERSTOCK,0.0,7.000000000000007,0.0,5.250000000000005,5.250000000000005,495.0
2012-12-05,1,4,1,11.0,15.734835082198511,0.35,22.0,OVERSTOCK,0.0,11.0,0.0,8.25,8.25,495.0
2012-12-05,2,4,1,9.000000000000002,8.25021674653835,0.35,12.0,OVERSTOCK,0.0,2.9999999999999982,0.0,2.2499999999999987,2.2499999999999987,495.0
2012-12-05,3,4,1,6.999999999999998,4.103923094120067,0.35,6.0,UNDERSTOCK,0.9999999999999982,0.0,3.499999999999994,0.0,3.499999999999994,495.0
2012-12-05,4,4,1,10.000000000000002,5.231504185256987,0.35,8.0,UNDERSTOCK,2.0000000000000018,0.0,7.000000000000006,0.0,7.000000000000006,495.0
2012-12-05,5,4,1,48.99999999999999,33.216589077658014,0.35,45.0,UNDERSTOCK,3.999999999999993,0.0,13.999999999999975,0.0,13.999999999999975,495.0
2012-12-05,6,4,3,124.00000000000004,43.08832594953996,0.35,59.0,UNDERSTOCK,65.00000000000004,0.0,227.50000000000014,0.0,227.50000000000014,495.0
2012-12-05,7,4,3,398.0000000000001,224.4477904065405,0.35,304.0,UNDERSTOCK,94.00000000000011,0.0,329.0000000000004,0.0,329.0000000000004,495.0
2012-12-05,8,4,2,759.0000000000001,410.9295210721102,0.35,555.0,UNDERSTOCK,204.0000000000001,0.0,714.0000000000005,0.0,714.0000000000005,495.0
2012-12-05,9,4,2,387.99999999999983,232.8161843068823,0.35,315.0,UNDERSTOCK,72.99999999999983,0.0,255.4999999999994,0.0,255.4999999999994,495.0
2012-12-05,10,4,2,141.00000000000003,159.07489254723632,0.35,215.0,OVERSTOCK,0.0,73.99999999999997,0.0,55.49999999999998,55.49999999999998,495.0
2012-12-05,11,4,1,172.00000000000006,179.2468976896755,0.35,242.0,OVERSTOCK,0.0,69.99999999999994,0.0,52.49999999999996,52.49999999999996,495.0
2012-12-05,12,4,1,231.99999999999991,209.83003520129907,0.35,284.0,OVERSTOCK,0.0,52.000000000000085,0.0,39.000000000000064,39.000000000000064,495.0
2012-12-05,13,4,1,213.99999999999991,227.21855064415087,0.35,307.0,OVERSTOCK,0.0,93.00000000000009,0.0,69.75000000000006,69.75000000000006,495.0
2012-12-05,14,4,1,218.00000000000003,216.2337771377025,0.35,292.0,OVERSTOCK,0.0,73.99999999999997,0.0,55.49999999999998,55.49999999999998,495.0
2012-12-05,15,4,1,284.99999999999994,224.9864637627024,0.35,304.0,OVERSTOCK,0.0,19.000000000000057,0.0,14.250000000000043,14.250000000000043,495.0
2012-12-05,16,4,1,377.0000000000001,301.5012821454403,0.35,408.0,OVERSTOCK,0.0,30.999999999999886,0.0,23.249999999999915,23.249999999999915,495.0
2012-12-05,17,4,1,604.9999999999999,580.2457971939115,0.35,784.0,OVERSTOCK,0.0,179.0000000000001,0.0,134.25000000000009,134.25000000000009,495.0
2012-12-05,18,4,1,609.0000000000002,546.3926185106482,0.35,738.0,OVERSTOCK,0.0,128.99999999999977,0.0,96.74999999999983,96.74999999999983,495.0
2012-12-05,19,4,1,413.99999999999983,353.7365961824856,0.35,478.0,OVERSTOCK,0.0,64.00000000000017,0.0,48.00000000000013,48.00000000000013,495.0
2012-12-05,20,4,1,292.99999999999994,207.81865355974583,0.35,281.0,UNDERSTOCK,11.999999999999943,0.0,41.9999999999998,0.0,41.9999999999998,495.0
2012-12-05,21,4,1,198.0,164.03828653687492,0.35,222.0,OVERSTOCK,0.0,24.0,0.0,18.0,18.0,495.0
2012-12-05,22,4,1,104.99999999999996,107.60897326351667,0.35,146.0,OVERSTOCK,0.0,41.00000000000004,0.0,30.750000000000032,30.750000000000032,495.0
2012-12-05,23,4,1,73.99999999999997,46.50859329433885,0.35,63.0,UNDERSTOCK,10.999999999999972,0.0,38.4999999999999,0.0,38.4999999999999,495.0
2012-12-06,0,4,1,43.99999999999999,23.072121604880792,0.35,32.0,UNDERSTOCK,11.999999999999993,0.0,41.99999999999997,0.0,41.99999999999997,405.0
2012-12-06,1,4,1,16.0,10.046937368570156,0.35,14.0,UNDERSTOCK,2.0,0.0,7.0,0.0,7.0,405.0
2012-12-06,2,4,1,9.000000000000002,5.3286879088589,0.35,8.0,UNDERSTOCK,1.0000000000000018,0.0,3.500000000000006,0.0,3.500000000000006,405.0
2012-12-06,3,4,1,2.0000000000000004,3.160264884936409,0.35,5.0,OVERSTOCK,0.0,2.9999999999999996,0.0,2.2499999999999996,2.2499999999999996,405.0
2012-12-06,4,4,1,9.000000000000002,2.32971425342599,0.35,4.0,UNDERSTOCK,5.000000000000002,0.0,17.500000000000007,0.0,17.500000000000007,405.0
2012-12-06,5,4,1,32.0,21.314980233648733,0.35,29.0,UNDERSTOCK,3.0,0.0,10.5,0.0,10.5,405.0
2012-12-06,6,4,1,124.00000000000004,82.04499061331859,0.35,111.0,UNDERSTOCK,13.000000000000043,0.0,45.50000000000015,0.0,45.50000000000015,405.0
2012-12-06,7,4,1,389.00000000000006,242.5291158793445,0.35,328.0,UNDERSTOCK,61.00000000000006,0.0,213.5000000000002,0.0,213.5000000000002,405.0
2012-12-06,8,4,1,658.9999999999999,467.0869814112901,0.35,631.0,UNDERSTOCK,27.999999999999886,0.0,97.9999999999996,0.0,97.9999999999996,405.0
2012-12-06,9,4,1,276.0,249.4047964332093,0.35,337.0,OVERSTOCK,0.0,61.0,0.0,45.75,45.75,405.0
2012-12-06,10,4,1,145.0,101.66515157712186,0.35,138.0,UNDERSTOCK,7.0,0.0,24.5,0.0,24.5,405.0
2012-12-06,11,4,1,178.0,119.35180899212382,0.35,162.0,UNDERSTOCK,16.0,0.0,56.0,0.0,56.0,405.0
2012-12-06,12,4,1,235.0000000000001,160.26555683484582,0.35,217.0,UNDERSTOCK,18.000000000000114,0.0,63.0000000000004,0.0,63.0000000000004,405.0
2012-12-06,13,4,1,244.99999999999991,155.45097762510227,0.35,210.0,UNDERSTOCK,34.999999999999915,0.0,122.4999999999997,0.0,122.4999999999997,405.0
2012-12-06,14,4,1,212.00000000000009,147.1495136402607,0.35,199.0,UNDERSTOCK,13.000000000000085,0.0,45.5000000000003,0.0,45.5000000000003,405.0
2012-12-06,15,4,1,270.00000000000006,158.63364567465104,0.35,215.0,UNDERSTOCK,55.00000000000006,0.0,192.5000000000002,0.0,192.5000000000002,405.0
2012-12-06,16,4,1,330.9999999999999,232.9489747205798,0.35,315.0,UNDERSTOCK,15.999999999999886,0.0,55.9999999999996,0.0,55.9999999999996,405.0
2012-12-06,17,4,1,616.9999999999998,440.7384258102143,0.35,595.0,UNDERSTOCK,21.999999999999773,0.0,76.9999999999992,0.0,76.9999999999992,405.0
2012-12-06,18,4,1,565.0000000000001,370.1340638962645,0.35,500.0,UNDERSTOCK,65.00000000000011,0.0,227.5000000000004,0.0,227.5000000000004,405.0
2012-12-06,19,4,1,373.0000000000001,231.2760354457096,0.35,313.0,UNDERSTOCK,60.000000000000114,0.0,210.0000000000004,0.0,210.0000000000004,405.0
2012-12-06,20,4,2,227.00000000000009,145.36035874038572,0.35,197.0,UNDERSTOCK,30.000000000000085,0.0,105.0000000000003,0.0,105.0000000000003,405.0
2012-12-06,21,4,2,191.0,92.69970432209576,0.35,126.0,UNDERSTOCK,65.0,0.0,227.5,0.0,227.5,405.0
2012-12-06,22,4,1,132.99999999999997,74.87230321461844,0.35,102.0,UNDERSTOCK,30.99999999999997,0.0,108.4999999999999,0.0,108.4999999999999,405.0
2012-12-06,23,4,1,93.0,60.54241152162569,0.35,82.0,UNDERSTOCK,11.0,0.0,38.5,0.0,38.5,405.0
2012-12-07,0,4,1,47.99999999999999,29.376674542708447,0.35,40.0,UNDERSTOCK,7.999999999999993,0.0,27.999999999999975,0.0,27.999999999999975,450.0
2012-12-07,1,4,2,28.000000000000004,9.472134420827368,0.35,13.0,UNDERSTOCK,15.000000000000004,0.0,52.500000000000014,0.0,52.500000000000014,450.0
2012-12-07,2,4,2,11.0,10.217897085031126,0.35,14.0,OVERSTOCK,0.0,3.0,0.0,2.25,2.25,450.0
2012-12-07,3,4,2,5.0,3.58444113461595,0.35,5.0,OK,0.0,0.0,0.0,0.0,0.0,450.0
2012-12-07,4,4,1,10.000000000000002,3.1983148820514926,0.35,5.0,UNDERSTOCK,5.000000000000002,0.0,17.500000000000007,0.0,17.500000000000007,450.0
2012-12-07,5,4,2,26.0,22.711466790005247,0.35,31.0,OVERSTOCK,0.0,5.0,0.0,3.75,3.75,450.0
2012-12-07,6,4,2,84.00000000000001,78.61380190334219,0.35,107.0,OVERSTOCK,0.0,22.999999999999986,0.0,17.24999999999999,17.24999999999999,450.0
2012-12-07,7,4,3,215.00000000000009,129.5945821334601,0.35,175.0,UNDERSTOCK,40.000000000000085,0.0,140.00000000000028,0.0,140.00000000000028,450.0
2012-12-07,8,4,2,440.9999999999999,360.95471123832897,0.35,488.0,OVERSTOCK,0.0,47.000000000000114,0.0,35.250000000000085,35.250000000000085,450.0
2012-12-07,9,4,2,301.0,265.7475330340013,0.35,359.0,OVERSTOCK,0.0,58.0,0.0,43.5,43.5,450.0
2012-12-07,10,4,2,166.00000000000006,142.86463107577976,0.35,193.0,OVERSTOCK,0.0,26.999999999999943,0.0,20.249999999999957,20.249999999999957,450.0
2012-12-07,11,4,2,202.99999999999997,151.04083114215484,0.35,204.0,OVERSTOCK,0.0,1.0000000000000284,0.0,0.7500000000000213,0.7500000000000213,450.0
2012-12-07,12,4,2,239.99999999999997,183.050172129264,0.35,248.0,OVERSTOCK,0.0,8.000000000000028,0.0,6.000000000000021,6.000000000000021,450.0
2012-12-07,13,4,2,219.99999999999991,186.4964278972761,0.35,252.0,OVERSTOCK,0.0,32.000000000000085,0.0,24.000000000000064,24.000000000000064,450.0
2012-12-07,14,4,2,215.00000000000009,165.54108669135388,0.35,224.0,OVERSTOCK,0.0,8.999999999999915,0.0,6.749999999999936,6.749999999999936,450.0
2012-12-07,15,4,2,303.00000000000006,156.3213300994247,0.35,212.0,UNDERSTOCK,91.00000000000006,0.0,318.5000000000002,0.0,318.5000000000002,450.0
2012-12-07,16,4,1,375.00000000000006,230.4839599995357,0.35,312.0,UNDERSTOCK,63.00000000000006,0.0,220.5000000000002,0.0,220.5000000000002,450.0
2012-12-07,17,4,2,568.0,519.2807992017448,0.35,702.0,OVERSTOCK,0.0,134.0,0.0,100.5,100.5,450.0
2012-12-07,18,4,2,498.00000000000006,499.02553443904594,0.35,674.0,OVERSTOCK,0.0,175.99999999999994,0.0,131.99999999999994,131.99999999999994,450.0
2012-12-07,19,4,2,351.99999999999994,316.1455528963329,0.35,427.0,OVERSTOCK,0.0,75.00000000000006,0.0,56.25000000000004,56.25000000000004,450.0
2012-12-07,20,4,3,241.00000000000009,155.09916030759226,0.35,210.0,UNDERSTOCK,31.000000000000085,0.0,108.5000000000003,0.0,108.5000000000003,450.0
2012-12-07,21,4,2,170.99999999999994,119.64678003310507,0.35,162.0,UNDERSTOCK,8.999999999999943,0.0,31.4999999999998,0.0,31.4999999999998,450.0
2012-12-07,22,4,2,165.00000000000006,84.79297972025378,0.35,115.0,UNDERSTOCK,50.00000000000006,0.0,175.0000000000002,0.0,175.0000000000002,450.0
2012-12-07,23,4,2,121.99999999999994,45.68124251475832,0.35,62.0,UNDERSTOCK,59.99999999999994,0.0,209.9999999999998,0.0,209.9999999999998,450.0
2012-12-08,0,4,2,103.0,49.64437917958023,0.35,68.0,UNDERSTOCK,35.0,0.0,122.5,0.0,122.5,360.0
2012-12-08,1,4,2,100.00000000000004,48.35570579188661,0.35,66.0,UNDERSTOCK,34.00000000000004,0.0,119.00000000000014,0.0,119.00000000000014,360.0
2012-12-08,2,4,2,70.0,42.99706614900604,0.35,59.0,UNDERSTOCK,11.0,0.0,38.5,0.0,38.5,360.0
2012-12-08,3,4,2,29.000000000000004,20.85891301091714,0.35,29.0,UNDERSTOCK,3.552713678800501e-15,0.0,1.2434497875801753e-14,0.0,1.2434497875801753e-14,360.0
2012-12-08,4,4,2,12.0,7.281452401694269,0.35,10.0,UNDERSTOCK,2.0,0.0,7.0,0.0,7.0,360.0
2012-12-08,5,4,2,5.999999999999999,6.2829770287326125,0.35,9.0,OVERSTOCK,0.0,3.000000000000001,0.0,2.250000000000001,2.250000000000001,360.0
2012-12-08,6,4,2,20.0,22.15632972771194,0.35,30.0,OVERSTOCK,0.0,10.0,0.0,7.5,7.5,360.0
2012-12-08,7,4,2,39.0,48.31620336044137,0.35,66.0,OVERSTOCK,0.0,27.0,0.0,20.25,20.25,360.0
2012-12-08,8,4,2,110.99999999999996,105.5111208179948,0.35,143.0,OVERSTOCK,0.0,32.00000000000004,0.0,24.000000000000032,24.000000000000032,360.0
2012-12-08,9,4,2,170.00000000000009,143.18453343612208,0.35,194.0,OVERSTOCK,0.0,23.999999999999915,0.0,17.999999999999936,17.999999999999936,360.0
2012-12-08,10,4,2,287.00000000000006,219.5484960791726,0.35,297.0,OVERSTOCK,0.0,9.999999999999943,0.0,7.499999999999957,7.499999999999957,360.0
2012-12-08,11,4,2,403.99999999999983,227.81844477002568,0.35,308.0,UNDERSTOCK,95.99999999999983,0.0,335.99999999999943,0.0,335.99999999999943,360.0
2012-12-08,12,4,2,486.0,246.2470919702405,0.35,333.0,UNDERSTOCK,153.0,0.0,535.5,0.0,535.5,360.0
2012-12-08,13,4,2,547.0000000000002,236.5631204461516,0.35,320.0,UNDERSTOCK,227.00000000000023,0.0,794.5000000000008,0.0,794.5000000000008,360.0
2012-12-08,14,4,2,541.9999999999999,234.16278805283437,0.35,317.0,UNDERSTOCK,224.9999999999999,0.0,787.4999999999995,0.0,787.4999999999995,360.0
2012-12-08,15,4,1,541.0000000000001,312.3163439396021,0.35,422.0,UNDERSTOCK,119.00000000000011,0.0,416.5000000000004,0.0,416.5000000000004,360.0
2012-12-08,16,4,1,507.00000000000006,228.0149429446035,0.35,308.0,UNDERSTOCK,199.00000000000006,0.0,696.5000000000002,0.0,696.5000000000002,360.0
2012-12-08,17,4,1,345.00000000000017,185.51767507102463,0.35,251.0,UNDERSTOCK,94.00000000000017,0.0,329.00000000000057,0.0,329.00000000000057,360.0
2012-12-08,18,4,1,304.00000000000006,178.80835548958888,0.35,242.0,UNDERSTOCK,62.00000000000006,0.0,217.0000000000002,0.0,217.0000000000002,360.0
2012-12-08,19,4,1,246.00000000000009,143.91596510812778,0.35,195.0,UNDERSTOCK,51.000000000000085,0.0,178.50000000000028,0.0,178.50000000000028,360.0
2012-12-08,20,4,2,182.00000000000009,100.04929702965968,0.35,136.0,UNDERSTOCK,46.000000000000085,0.0,161.00000000000028,0.0,161.00000000000028,360.0
2012-12-08,21,4,2,208.99999999999997,89.62504372508933,0.35,121.0,UNDERSTOCK,87.99999999999997,0.0,307.9999999999999,0.0,307.9999999999999,360.0
2012-12-08,22,4,2,160.00000000000003,86.39764515557998,0.35,117.0,UNDERSTOCK,43.00000000000003,0.0,150.5000000000001,0.0,150.5000000000001,360.0
2012-12-08,23,4,2,162.0,63.90861167609764,0.35,87.0,UNDERSTOCK,75.0,0.0,262.5,0.0,262.5,360.0
2012-12-09,0,4,2,118.00000000000004,75.13084609442042,0.35,102.0,UNDERSTOCK,16.000000000000043,0.0,56.00000000000015,0.0,56.00000000000015,270.0
2012-12-09,1,4,2,102.0,69.66749044981093,0.35,95.0,UNDERSTOCK,7.0,0.0,24.5,0.0,24.5,270.0
2012-12-09,2,4,2,78.0,46.257584617846426,0.35,63.0,UNDERSTOCK,15.0,0.0,52.5,0.0,52.5,270.0
2012-12-09,3,4,2,47.99999999999999,24.565186339118256,0.35,34.0,UNDERSTOCK,13.999999999999993,0.0,48.99999999999997,0.0,48.99999999999997,270.0
2012-12-09,4,4,2,12.0,8.571855038088858,0.35,12.0,OK,0.0,0.0,0.0,0.0,0.0,270.0
2012-12-09,5,4,2,8.000000000000002,7.846516716632234,0.35,11.0,OVERSTOCK,0.0,2.9999999999999982,0.0,2.2499999999999987,2.2499999999999987,270.0
2012-12-09,6,4,3,5.999999999999999,15.498715686396691,0.35,21.0,OVERSTOCK,0.0,15.0,0.0,11.25,11.25,270.0
2012-12-09,7,4,3,23.000000000000004,42.78634161537933,0.35,58.0,OVERSTOCK,0.0,35.0,0.0,26.25,26.25,270.0
2012-12-09,8,4,3,69.00000000000003,56.56723869957465,0.35,77.0,OVERSTOCK,0.0,7.999999999999972,0.0,5.999999999999979,5.999999999999979,270.0
2012-12-09,9,4,2,103.0,160.42244400725355,0.35,217.0,OVERSTOCK,0.0,114.0,0.0,85.5,85.5,270.0
2012-12-09,10,4,2,219.00000000000009,209.42808770509137,0.35,283.0,OVERSTOCK,0.0,63.999999999999915,0.0,47.999999999999936,47.999999999999936,270.0
2012-12-09,11,4,2,249.9999999999999,224.56790582471865,0.35,304.0,OVERSTOCK,0.0,54.000000000000114,0.0,40.500000000000085,40.500000000000085,270.0
2012-12-09,12,4,2,315.00000000000006,231.03907107897248,0.35,312.0,UNDERSTOCK,3.000000000000057,0.0,10.500000000000199,0.0,10.500000000000199,270.0
2012-12-09,13,4,2,284.99999999999994,204.63939062138624,0.35,277.0,UNDERSTOCK,7.999999999999943,0.0,27.9999999999998,0.0,27.9999999999998,270.0
2012-12-09,14,4,2,231.99999999999991,216.17121022207937,0.35,292.0,OVERSTOCK,0.0,60.000000000000085,0.0,45.000000000000064,45.000000000000064,270.0
2012-12-09,15,4,3,225.00000000000009,62.91472524422812,0.35,85.0,UNDERSTOCK,140.00000000000009,0.0,490.0000000000003,0.0,490.0000000000003,270.0
2012-12-09,16,4,3,253.0,62.99714605715393,0.35,86.0,UNDERSTOCK,167.0,0.0,584.5,0.0,584.5,270.0
2012-12-09,17,4,3,229.00000000000009,68.03995872865126,0.35,92.0,UNDERSTOCK,137.00000000000009,0.0,479.5000000000003,0.0,479.5000000000003,270.0
2012-12-09,18,4,3,198.0,75.97881142046378,0.35,103.0,UNDERSTOCK,95.0,0.0,332.5,0.0,332.5,270.0
2012-12-09,19,4,3,121.99999999999994,75.16517367373781,0.35,102.0,UNDERSTOCK,19.999999999999943,0.0,69.9999999999998,0.0,69.9999999999998,270.0
2012-12-09,20,4,3,107.99999999999996,61.26783202987366,0.35,83.0,UNDERSTOCK,24.999999999999957,0.0,87.49999999999986,0.0,87.49999999999986,270.0
2012-12-09,21,4,2,96.0,71.39895873941919,0.35,97.0,OVERSTOCK,0.0,1.0,0.0,0.75,0.75,270.0
2012-12-09,22,4,3,78.0,35.65091368562522,0.35,49.0,UNDERSTOCK,29.0,0.0,101.5,0.0,101.5,270.0
2012-12-09,23,4,3,51.00000000000001,24.075945821048798,0.35,33.0,UNDERSTOCK,18.000000000000007,0.0,63.00000000000003,0.0,63.00000000000003,270.0
2012-12-10,0,4,3,20.0,11.770517983286064,0.35,16.0,UNDERSTOCK,4.0,0.0,14.0,0.0,14.0,405.0
2012-12-10,1,4,2,4.0,6.419040240248811,0.35,9.0,OVERSTOCK,0.0,5.0,0.0,3.75,3.75,405.0
2012-12-10,2,4,2,5.0,6.075744773285262,0.35,9.0,OVERSTOCK,0.0,4.0,0.0,3.0,3.0,405.0
2012-12-10,3,4,2,4.0,3.786544969935528,0.35,6.0,OVERSTOCK,0.0,2.0,0.0,1.5,1.5,405.0
2012-12-10,4,4,2,12.0,3.642323721388319,0.35,5.0,UNDERSTOCK,7.0,0.0,24.5,0.0,24.5,405.0
2012-12-10,5,4,2,27.0,29.367403669160925,0.35,40.0,OVERSTOCK,0.0,13.0,0.0,9.75,9.75,405.0
2012-12-10,6,4,2,123.00000000000004,103.15728836356077,0.35,140.0,OVERSTOCK,0.0,16.999999999999957,0.0,12.749999999999968,12.749999999999968,405.0
2012-12-10,7,4,2,294.0000000000001,248.79801692947245,0.35,336.0,OVERSTOCK,0.0,41.999999999999886,0.0,31.499999999999915,31.499999999999915,405.0
2012-12-10,8,4,2,584.0000000000002,379.6268830227887,0.35,513.0,UNDERSTOCK,71.00000000000023,0.0,248.5000000000008,0.0,248.5000000000008,405.0
2012-12-10,9,4,2,284.00000000000006,226.6051425143341,0.35,306.0,OVERSTOCK,0.0,21.999999999999943,0.0,16.499999999999957,16.499999999999957,405.0
2012-12-10,10,4,2,132.99999999999997,132.1040236387277,0.35,179.0,OVERSTOCK,0.0,46.00000000000003,0.0,34.50000000000002,34.50000000000002,405.0
2012-12-10,11,4,3,134.00000000000003,93.35114740451192,0.35,127.0,UNDERSTOCK,7.000000000000028,0.0,24.5000000000001,0.0,24.5000000000001,405.0
2012-12-10,12,4,3,173.0,81.19028392512595,0.35,110.0,UNDERSTOCK,63.0,0.0,220.5,0.0,220.5,405.0
2012-12-10,13,4,3,219.99999999999991,77.97678649797088,0.35,106.0,UNDERSTOCK,113.99999999999991,0.0,398.9999999999997,0.0,398.9999999999997,405.0
2012-12-10,14,4,2,210.00000000000003,167.50726525731497,0.35,227.0,OVERSTOCK,0.0,16.99999999999997,0.0,12.749999999999979,12.749999999999979,405.0
2012-12-10,15,4,2,236.00000000000009,186.1676025497622,0.35,252.0,OVERSTOCK,0.0,15.999999999999915,0.0,11.999999999999936,11.999999999999936,405.0
2012-12-10,16,4,2,345.00000000000017,195.52492037870115,0.35,264.0,UNDERSTOCK,81.00000000000017,0.0,283.50000000000057,0.0,283.50000000000057,405.0
2012-12-10,17,4,2,616.0000000000001,350.3184286055362,0.35,473.0,UNDERSTOCK,143.0000000000001,0.0,500.5000000000004,0.0,500.5000000000004,405.0
2012-12-10,18,4,2,564.0000000000002,310.92479459564123,0.35,420.0,UNDERSTOCK,144.00000000000023,0.0,504.0000000000008,0.0,504.0000000000008,405.0
2012-12-10,19,4,1,426.9999999999999,400.99419583882406,0.35,542.0,OVERSTOCK,0.0,115.00000000000011,0.0,86.25000000000009,86.25000000000009,405.0
2012-12-10,20,4,1,299.9999999999999,195.4047140059278,0.35,264.0,UNDERSTOCK,35.999999999999886,0.0,125.9999999999996,0.0,125.9999999999996,405.0
2012-12-10,21,4,2,244.99999999999991,177.7082605909832,0.35,240.0,UNDERSTOCK,4.999999999999915,0.0,17.4999999999997,0.0,17.4999999999997,405.0
2012-12-10,22,4,2,126.0,109.69659534413836,0.35,149.0,OVERSTOCK,0.0,23.0,0.0,17.25,17.25,405.0
2012-12-10,23,4,1,84.00000000000001,58.59981055900951,0.35,80.0,UNDERSTOCK,4.000000000000014,0.0,14.00000000000005,0.0,14.00000000000005,405.0
2012-12-11,0,4,3,31.0,19.410165007312514,0.35,27.0,UNDERSTOCK,4.0,0.0,14.0,0.0,14.0,495.0
2012-12-11,1,4,1,8.000000000000002,10.77926173604785,0.35,15.0,OVERSTOCK,0.0,6.999999999999998,0.0,5.249999999999998,5.249999999999998,495.0
2012-12-11,2,4,2,1.0,5.368900407929987,0.35,8.0,OVERSTOCK,0.0,7.0,0.0,5.25,5.25,495.0
2012-12-11,3,4,3,3.0,3.021707598851596,0.35,5.0,OVERSTOCK,0.0,2.0,0.0,1.5,1.5,495.0
2012-12-11,4,4,2,8.000000000000002,3.408906691545786,0.35,5.0,UNDERSTOCK,3.0000000000000018,0.0,10.500000000000007,0.0,10.500000000000007,495.0
2012-12-11,5,4,3,41.00000000000001,18.78662449279123,0.35,26.0,UNDERSTOCK,15.000000000000007,0.0,52.50000000000003,0.0,52.50000000000003,495.0
2012-12-11,6,4,2,118.00000000000004,101.49045125802994,0.35,138.0,OVERSTOCK,0.0,19.999999999999957,0.0,14.999999999999968,14.999999999999968,495.0
2012-12-11,7,4,1,380.0000000000001,307.38131042204145,0.35,415.0,OVERSTOCK,0.0,34.999999999999886,0.0,26.249999999999915,26.249999999999915,495.0
2012-12-11,8,4,2,724.0,541.9954436248682,0.35,732.0,OVERSTOCK,0.0,8.0,0.0,6.0,6.0,495.0
2012-12-11,9,4,1,333.99999999999994,280.8135838973284,0.35,380.0,OVERSTOCK,0.0,46.00000000000006,0.0,34.50000000000004,34.50000000000004,495.0
2012-12-11,10,4,1,154.00000000000003,143.2043135717209,0.35,194.0,OVERSTOCK,0.0,39.99999999999997,0.0,29.99999999999998,29.99999999999998,495.0
2012-12-11,11,4,2,173.0,151.1542100962908,0.35,205.0,OVERSTOCK,0.0,32.0,0.0,24.0,24.0,495.0
2012-12-11,12,4,2,226.00000000000009,171.0055744978028,0.35,231.0,OVERSTOCK,0.0,4.999999999999915,0.0,3.749999999999936,3.749999999999936,495.0
2012-12-11,13,4,2,253.99999999999991,172.2454503451761,0.35,233.0,UNDERSTOCK,20.999999999999915,0.0,73.4999999999997,0.0,73.4999999999997,495.0
2012-12-11,14,4,2,204.00000000000009,155.25611150496346,0.35,210.0,OVERSTOCK,0.0,5.999999999999915,0.0,4.499999999999936,4.499999999999936,495.0
2012-12-11,15,4,2,270.00000000000006,158.84145819498852,0.35,215.0,UNDERSTOCK,55.00000000000006,0.0,192.5000000000002,0.0,192.5000000000002,495.0
2012-12-11,16,4,2,357.9999999999999,235.819694508775,0.35,319.0,UNDERSTOCK,38.999999999999886,0.0,136.4999999999996,0.0,136.4999999999996,495.0
2012-12-11,17,4,1,600.9999999999999,489.08265983361946,0.35,661.0,OVERSTOCK,0.0,60.000000000000114,0.0,45.000000000000085,45.000000000000085,495.0
2012-12-11,18,4,1,546.0,491.23076850737743,0.35,664.0,OVERSTOCK,0.0,118.0,0.0,88.5,88.5,495.0
2012-12-11,19,4,1,433.0000000000001,301.619634231538,0.35,408.0,UNDERSTOCK,25.000000000000114,0.0,87.5000000000004,0.0,87.5000000000004,495.0
2012-12-11,20,4,1,257.0,207.50399691231328,0.35,281.0,OVERSTOCK,0.0,24.0,0.0,18.0,18.0,495.0
2012-12-11,21,4,1,207.0,167.08905638852394,0.35,226.0,OVERSTOCK,0.0,19.0,0.0,14.25,14.25,495.0
2012-12-11,22,4,1,105.99999999999996,107.25580732563029,0.35,145.0,OVERSTOCK,0.0,39.00000000000004,0.0,29.250000000000032,29.250000000000032,495.0
2012-12-11,23,4,1,63.99999999999998,50.07502649973188,0.35,68.0,OVERSTOCK,0.0,4.000000000000021,0.0,3.000000000000016,3.000000000000016,495.0
2012-12-12,0,4,1,33.99999999999999,25.526590898207697,0.35,35.0,OVERSTOCK,0.0,1.000000000000007,0.0,0.7500000000000053,0.7500000000000053,450.0
2012-12-12,1,4,1,21.000000000000004,8.266043989786413,0.35,12.0,UNDERSTOCK,9.000000000000004,0.0,31.500000000000014,0.0,31.500000000000014,450.0
2012-12-12,2,4,1,9.000000000000002,4.81644277777959,0.35,7.0,UNDERSTOCK,2.0000000000000018,0.0,7.000000000000006,0.0,7.000000000000006,450.0
2012-12-12,3,4,1,10.000000000000002,3.204595571553816,0.35,5.0,UNDERSTOCK,5.000000000000002,0.0,17.500000000000007,0.0,17.500000000000007,450.0
2012-12-12,4,4,1,4.0,3.23197530496128,0.35,5.0,OVERSTOCK,0.0,1.0,0.0,0.75,0.75,450.0
2012-12-12,5,4,1,36.99999999999999,23.939867783172534,0.35,33.0,UNDERSTOCK,3.999999999999993,0.0,13.999999999999975,0.0,13.999999999999975,450.0
2012-12-12,6,4,2,127.99999999999996,90.58991007347252,0.35,123.0,UNDERSTOCK,4.999999999999957,0.0,17.49999999999985,0.0,17.49999999999985,450.0
2012-12-12,7,4,2,368.9999999999999,271.0506209728161,0.35,366.0,UNDERSTOCK,2.9999999999998863,0.0,10.499999999999602,0.0,10.499999999999602,450.0
2012-12-12,8,4,2,688.0000000000001,483.0119890744704,0.35,653.0,UNDERSTOCK,35.000000000000114,0.0,122.5000000000004,0.0,122.5000000000004,450.0
2012-12-12,9,4,2,284.99999999999994,258.943419581506,0.35,350.0,OVERSTOCK,0.0,65.00000000000006,0.0,48.75000000000004,48.75000000000004,450.0
2012-12-12,10,4,2,136.00000000000003,122.87203302475224,0.35,166.0,OVERSTOCK,0.0,29.99999999999997,0.0,22.49999999999998,22.49999999999998,450.0
2012-12-12,11,4,2,172.00000000000006,137.70230458862005,0.35,186.0,OVERSTOCK,0.0,13.999999999999943,0.0,10.499999999999957,10.499999999999957,450.0
2012-12-12,12,4,2,231.99999999999991,181.4900146537373,0.35,246.0,OVERSTOCK,0.0,14.000000000000085,0.0,10.500000000000064,10.500000000000064,450.0
2012-12-12,13,4,2,238.00000000000009,172.6519734541085,0.35,234.0,UNDERSTOCK,4.000000000000085,0.0,14.000000000000298,0.0,14.000000000000298,450.0
2012-12-12,14,4,2,225.00000000000009,159.1396867709739,0.35,215.0,UNDERSTOCK,10.000000000000085,0.0,35.0000000000003,0.0,35.0000000000003,450.0
2012-12-12,15,4,2,228.00000000000009,157.46954495321893,0.35,213.0,UNDERSTOCK,15.000000000000085,0.0,52.5000000000003,0.0,52.5000000000003,450.0
2012-12-12,16,4,2,328.99999999999994,239.98403890332335,0.35,324.0,UNDERSTOCK,4.999999999999943,0.0,17.4999999999998,0.0,17.4999999999998,450.0
2012-12-12,17,4,2,560.9999999999999,487.7635879295503,0.35,659.0,OVERSTOCK,0.0,98.00000000000011,0.0,73.50000000000009,73.50000000000009,450.0
2012-12-12,18,4,2,539.9999999999998,489.670082967572,0.35,662.0,OVERSTOCK,0.0,122.00000000000023,0.0,91.50000000000017,91.50000000000017,450.0
2012-12-12,19,4,2,401.99999999999983,273.5817290923277,0.35,370.0,UNDERSTOCK,31.99999999999983,0.0,111.9999999999994,0.0,111.9999999999994,450.0
2012-12-12,20,4,1,268.0,196.9689140959602,0.35,266.0,UNDERSTOCK,2.0,0.0,7.0,0.0,7.0,450.0
2012-12-12,21,4,2,202.0,131.14926800358504,0.35,178.0,UNDERSTOCK,24.0,0.0,84.0,0.0,84.0,450.0
2012-12-12,22,4,2,121.99999999999994,104.5205610339628,0.35,142.0,OVERSTOCK,0.0,20.000000000000057,0.0,15.000000000000043,15.000000000000043,450.0
2012-12-12,23,4,2,78.99999999999997,50.67819213601037,0.35,69.0,UNDERSTOCK,9.999999999999972,0.0,34.9999999999999,0.0,34.9999999999999,450.0
2012-12-13,0,4,2,32.0,23.24776314220573,0.35,32.0,OK,0.0,0.0,0.0,0.0,0.0,450.0
2012-12-13,1,4,2,23.000000000000004,9.007749410903322,0.35,13.0,UNDERSTOCK,10.000000000000004,0.0,35.000000000000014,0.0,35.000000000000014,450.0
2012-12-13,2,4,2,8.000000000000002,6.330289089562587,0.35,9.0,OVERSTOCK,0.0,0.9999999999999982,0.0,0.7499999999999987,0.7499999999999987,450.0
2012-12-13,3,4,2,2.0000000000000004,2.4252278352626058,0.35,4.0,OVERSTOCK,0.0,1.9999999999999996,0.0,1.4999999999999996,1.4999999999999996,450.0
2012-12-13,4,4,2,8.000000000000002,3.1747076714141333,0.35,5.0,UNDERSTOCK,3.0000000000000018,0.0,10.500000000000007,0.0,10.500000000000007,450.0
2012-12-13,5,4,2,33.00000000000001,23.81287791714836,0.35,33.0,UNDERSTOCK,7.105427357601002e-15,0.0,2.4868995751603507e-14,0.0,2.4868995751603507e-14,450.0
2012-12-13,6,4,1,114.0,88.88045419193627,0.35,120.0,OVERSTOCK,0.0,6.0,0.0,4.5,4.5,450.0
2012-12-13,7,4,1,385.00000000000006,246.5411595401604,0.35,333.0,UNDERSTOCK,52.00000000000006,0.0,182.0000000000002,0.0,182.0000000000002,450.0
2012-12-13,8,4,1,678.9999999999998,491.804296790186,0.35,664.0,UNDERSTOCK,14.999999999999773,0.0,52.499999999999204,0.0,52.499999999999204,450.0
2012-12-13,9,4,1,325.0,250.24725417187932,0.35,338.0,OVERSTOCK,0.0,13.0,0.0,9.75,9.75,450.0
2012-12-13,10,4,1,166.99999999999997,131.76129840372948,0.35,178.0,OVERSTOCK,0.0,11.000000000000028,0.0,8.250000000000021,8.250000000000021,450.0
2012-12-13,11,4,1,189.0,157.417742748047,0.35,213.0,OVERSTOCK,0.0,24.0,0.0,18.0,18.0,450.0
2012-12-13,12,4,1,282.0,188.39240040073904,0.35,255.0,UNDERSTOCK,27.0,0.0,94.5,0.0,94.5,450.0
2012-12-13,13,4,1,271.0000000000001,186.99741494249704,0.35,253.0,UNDERSTOCK,18.000000000000114,0.0,63.0000000000004,0.0,63.0000000000004,450.0
2012-12-13,14,4,1,241.99999999999997,166.8520081057697,0.35,226.0,UNDERSTOCK,15.999999999999972,0.0,55.9999999999999,0.0,55.9999999999999,450.0
2012-12-13,15,4,1,279.9999999999999,167.63026969514206,0.35,227.0,UNDERSTOCK,52.999999999999886,0.0,185.4999999999996,0.0,185.4999999999996,450.0
2012-12-13,16,4,1,405.99999999999983,235.21756402482825,0.35,318.0,UNDERSTOCK,87.99999999999983,0.0,307.99999999999943,0.0,307.99999999999943,450.0
2012-12-13,17,4,1,550.0000000000002,494.1879291268235,0.35,668.0,OVERSTOCK,0.0,117.99999999999977,0.0,88.49999999999983,88.49999999999983,450.0
2012-12-13,18,4,1,466.00000000000006,496.05296800254894,0.35,670.0,OVERSTOCK,0.0,203.99999999999994,0.0,152.99999999999994,152.99999999999994,450.0
2012-12-13,19,4,1,347.99999999999994,289.6477901846899,0.35,392.0,OVERSTOCK,0.0,44.00000000000006,0.0,33.00000000000004,33.00000000000004,450.0
2012-12-13,20,4,1,241.00000000000009,194.6245721904418,0.35,263.0,OVERSTOCK,0.0,21.999999999999915,0.0,16.499999999999936,16.499999999999936,450.0
2012-12-13,21,4,1,212.99999999999997,168.4242217954847,0.35,228.0,OVERSTOCK,0.0,15.000000000000028,0.0,11.250000000000021,11.250000000000021,450.0
2012-12-13,22,4,1,148.0,110.78301622668894,0.35,150.0,OVERSTOCK,0.0,2.0,0.0,1.5,1.5,450.0
2012-12-13,23,4,1,120.00000000000004,76.66370024526064,0.35,104.0,UNDERSTOCK,16.000000000000043,0.0,56.00000000000015,0.0,56.00000000000015,450.0
2012-12-14,0,4,1,47.00000000000001,22.23431183474178,0.35,31.0,UNDERSTOCK,16.000000000000007,0.0,56.00000000000003,0.0,56.00000000000003,450.0
2012-12-14,1,4,1,26.0,9.381654642260598,0.35,13.0,UNDERSTOCK,13.0,0.0,45.5,0.0,45.5,450.0
2012-12-14,2,4,1,9.000000000000002,7.294367187504478,0.35,10.0,OVERSTOCK,0.0,0.9999999999999982,0.0,0.7499999999999987,0.7499999999999987,450.0
2012-12-14,3,4,1,12.0,3.6286955733052775,0.35,5.0,UNDERSTOCK,7.0,0.0,24.5,0.0,24.5,450.0
2012-12-14,4,4,1,10.000000000000002,2.84671380027226,0.35,4.0,UNDERSTOCK,6.000000000000002,0.0,21.000000000000007,0.0,21.000000000000007,450.0
2012-12-14,5,4,1,33.99999999999999,19.950724024333397,0.35,27.0,UNDERSTOCK,6.999999999999993,0.0,24.499999999999975,0.0,24.499999999999975,450.0
2012-12-14,6,4,1,113.00000000000004,71.98856370687568,0.35,98.0,UNDERSTOCK,15.000000000000043,0.0,52.50000000000015,0.0,52.50000000000015,450.0
2012-12-14,7,4,1,308.0000000000001,224.97118290271143,0.35,304.0,UNDERSTOCK,4.000000000000114,0.0,14.000000000000398,0.0,14.000000000000398,450.0
2012-12-14,8,4,1,635.9999999999999,461.49994585270935,0.35,624.0,UNDERSTOCK,11.999999999999886,0.0,41.9999999999996,0.0,41.9999999999996,450.0
2012-12-14,9,4,1,342.99999999999994,255.639402003657,0.35,346.0,OVERSTOCK,0.0,3.000000000000057,0.0,2.2500000000000426,2.2500000000000426,450.0
2012-12-14,10,4,1,190.0,117.96298082442163,0.35,160.0,UNDERSTOCK,30.0,0.0,105.0,0.0,105.0,450.0
2012-12-14,11,4,1,211.0,150.665695924632,0.35,204.0,UNDERSTOCK,7.0,0.0,24.5,0.0,24.5,450.0
2012-12-14,12,4,1,273.00000000000006,209.66312721867368,0.35,284.0,OVERSTOCK,0.0,10.999999999999943,0.0,8.249999999999957,8.249999999999957,450.0
2012-12-14,13,4,1,312.99999999999994,200.7479076876321,0.35,272.0,UNDERSTOCK,40.99999999999994,0.0,143.4999999999998,0.0,143.4999999999998,450.0
2012-12-14,14,4,1,298.99999999999994,212.20389626201435,0.35,287.0,UNDERSTOCK,11.999999999999943,0.0,41.9999999999998,0.0,41.9999999999998,450.0
2012-12-14,15,4,1,309.00000000000006,203.09592712383383,0.35,275.0,UNDERSTOCK,34.00000000000006,0.0,119.0000000000002,0.0,119.0000000000002,450.0
2012-12-14,16,4,1,417.0,245.10937220970405,0.35,331.0,UNDERSTOCK,86.0,0.0,301.0,0.0,301.0,450.0
2012-12-14,17,4,1,622.0,499.46994447880695,0.35,675.0,OVERSTOCK,0.0,53.0,0.0,39.75,39.75,450.0
2012-12-14,18,4,1,455.00000000000017,502.17918640055,0.35,678.0,OVERSTOCK,0.0,222.99999999999983,0.0,167.2499999999999,167.2499999999999,450.0
2012-12-14,19,4,1,318.99999999999994,293.3629129746556,0.35,397.0,OVERSTOCK,0.0,78.00000000000006,0.0,58.50000000000004,58.50000000000004,450.0
2012-12-14,20,4,1,221.0,186.40423861473263,0.35,252.0,OVERSTOCK,0.0,31.0,0.0,23.25,23.25,450.0
2012-12-14,21,4,1,172.00000000000006,154.8015576303141,0.35,209.0,OVERSTOCK,0.0,36.99999999999994,0.0,27.749999999999957,27.749999999999957,450.0
2012-12-14,22,4,1,137.99999999999997,112.0134865159884,0.35,152.0,OVERSTOCK,0.0,14.000000000000028,0.0,10.500000000000021,10.500000000000021,450.0
2012-12-14,23,4,1,134.00000000000003,71.37999172936075,0.35,97.0,UNDERSTOCK,37.00000000000003,0.0,129.5000000000001,0.0,129.5000000000001,450.0
2012-12-15,0,4,1,94.0,63.397957106590354,0.35,86.0,UNDERSTOCK,8.0,0.0,28.0,0.0,28.0,405.0
2012-12-15,1,4,2,95.0,50.65863169717502,0.35,69.0,UNDERSTOCK,26.0,0.0,91.0,0.0,91.0,405.0
2012-12-15,2,4,1,69.00000000000003,43.554844508700505,0.35,59.0,UNDERSTOCK,10.000000000000028,0.0,35.0000000000001,0.0,35.0000000000001,405.0
2012-12-15,3,4,2,23.000000000000004,17.64105929980843,0.35,24.0,OVERSTOCK,0.0,0.9999999999999964,0.0,0.7499999999999973,0.7499999999999973,405.0
2012-12-15,4,4,2,5.999999999999999,6.833155169610315,0.35,10.0,OVERSTOCK,0.0,4.000000000000001,0.0,3.000000000000001,3.000000000000001,405.0
2012-12-15,5,4,2,3.0,6.154071295159944,0.35,9.0,OVERSTOCK,0.0,6.0,0.0,4.5,4.5,405.0
2012-12-15,6,4,2,11.0,16.25579791169992,0.35,22.0,OVERSTOCK,0.0,11.0,0.0,8.25,8.25,405.0
2012-12-15,7,4,2,47.99999999999999,29.018069091036534,0.35,40.0,UNDERSTOCK,7.999999999999993,0.0,27.999999999999975,0.0,27.999999999999975,405.0
2012-12-15,8,4,2,118.99999999999996,71.45875117217061,0.35,97.0,UNDERSTOCK,21.999999999999957,0.0,76.99999999999986,0.0,76.99999999999986,405.0
2012-12-15,9,4,1,219.99999999999991,113.475290684463,0.35,154.0,UNDERSTOCK,65.99999999999991,0.0,230.99999999999972,0.0,230.99999999999972,405.0
2012-12-15,10,4,1,273.00000000000006,246.00266665393968,0.35,333.0,OVERSTOCK,0.0,59.99999999999994,0.0,44.99999999999996,44.99999999999996,405.0
2012-12-15,11,4,1,393.00000000000006,296.1953348071938,0.35,400.0,OVERSTOCK,0.0,6.999999999999943,0.0,5.249999999999957,5.249999999999957,405.0
2012-12-15,12,4,1,453.00000000000017,352.3959800693098,0.35,476.0,OVERSTOCK,0.0,22.99999999999983,0.0,17.249999999999872,17.249999999999872,405.0
2012-12-15,13,4,1,456.00000000000017,356.97429186316054,0.35,482.0,OVERSTOCK,0.0,25.99999999999983,0.0,19.499999999999872,19.499999999999872,405.0
2012-12-15,14,4,1,426.0000000000001,362.832729725807,0.35,490.0,OVERSTOCK,0.0,63.999999999999886,0.0,47.999999999999915,47.999999999999915,405.0
2012-12-15,15,4,1,446.9999999999999,375.43683940834825,0.35,507.0,OVERSTOCK,0.0,60.000000000000114,0.0,45.000000000000085,45.000000000000085,405.0
2012-12-15,16,4,1,413.0,296.0927018606328,0.35,400.0,UNDERSTOCK,13.0,0.0,45.5,0.0,45.5,405.0
2012-12-15,17,4,1,309.00000000000006,266.53968267984027,0.35,360.0,OVERSTOCK,0.0,50.99999999999994,0.0,38.24999999999996,38.24999999999996,405.0
2012-12-15,18,4,1,272.0,228.2116905422998,0.35,309.0,OVERSTOCK,0.0,37.0,0.0,27.75,27.75,405.0
2012-12-15,19,4,1,257.0,163.27394023609335,0.35,221.0,UNDERSTOCK,36.0,0.0,126.0,0.0,126.0,405.0
2012-12-15,20,4,2,201.00000000000009,120.57675592338656,0.35,163.0,UNDERSTOCK,38.000000000000085,0.0,133.00000000000028,0.0,133.00000000000028,405.0
2012-12-15,21,4,1,183.99999999999991,126.6697583613002,0.35,172.0,UNDERSTOCK,11.999999999999915,0.0,41.9999999999997,0.0,41.9999999999997,405.0
2012-12-15,22,4,1,155.99999999999994,116.37194285807222,0.35,158.0,OVERSTOCK,0.0,2.000000000000057,0.0,1.5000000000000426,1.5000000000000426,405.0
2012-12-15,23,4,2,118.99999999999996,72.34727457310893,0.35,98.0,UNDERSTOCK,20.999999999999957,0.0,73.49999999999986,0.0,73.49999999999986,405.0
2012-12-16,0,4,2,109.99999999999996,58.46887067677741,0.35,79.0,UNDERSTOCK,30.999999999999957,0.0,108.49999999999986,0.0,108.49999999999986,315.0
2012-12-16,1,4,3,96.0,42.1317401640052,0.35,57.0,UNDERSTOCK,39.0,0.0,136.5,0.0,136.5,315.0
2012-12-16,2,4,2,87.00000000000003,53.68606929044074,0.35,73.0,UNDERSTOCK,14.000000000000028,0.0,49.0000000000001,0.0,49.0000000000001,315.0
2012-12-16,3,4,2,37.99999999999999,19.40817445335296,0.35,27.0,UNDERSTOCK,10.999999999999993,0.0,38.49999999999997,0.0,38.49999999999997,315.0
2012-12-16,4,4,2,11.0,8.157953501762991,0.35,12.0,OVERSTOCK,0.0,1.0,0.0,0.75,0.75,315.0
2012-12-16,5,4,2,9.000000000000002,7.479829197253894,0.35,11.0,OVERSTOCK,0.0,1.9999999999999982,0.0,1.4999999999999987,1.4999999999999987,315.0
2012-12-16,6,4,2,5.999999999999999,18.34532480524882,0.35,25.0,OVERSTOCK,0.0,19.0,0.0,14.25,14.25,315.0
2012-12-16,7,4,2,27.0,38.90503509656276,0.35,53.0,OVERSTOCK,0.0,26.0,0.0,19.5,19.5,315.0
2012-12-16,8,4,2,87.99999999999999,88.95762869014922,0.35,121.0,OVERSTOCK,0.0,33.000000000000014,0.0,24.75000000000001,24.75000000000001,315.0
2012-12-16,9,4,2,132.0,149.33323558985907,0.35,202.0,OVERSTOCK,0.0,70.0,0.0,52.5,52.5,315.0
2012-12-16,10,4,2,257.0,182.83056764957877,0.35,247.0,UNDERSTOCK,10.0,0.0,35.0,0.0,35.0,315.0
2012-12-16,11,4,2,294.99999999999994,193.6190347705675,0.35,262.0,UNDERSTOCK,32.99999999999994,0.0,115.4999999999998,0.0,115.4999999999998,315.0
2012-12-16,12,4,2,417.0,232.91111346050485,0.35,315.0,UNDERSTOCK,102.0,0.0,357.0,0.0,357.0,315.0
2012-12-16,13,4,2,355.9999999999999,291.58421900745225,0.35,394.0,OVERSTOCK,0.0,38.000000000000114,0.0,28.500000000000085,28.500000000000085,315.0
2012-12-16,14,4,2,309.99999999999994,282.90705114767707,0.35,382.0,OVERSTOCK,0.0,72.00000000000006,0.0,54.00000000000004,54.00000000000004,315.0
2012-12-16,15,4,2,337.9999999999999,208.92949045641888,0.35,283.0,UNDERSTOCK,54.999999999999886,0.0,192.4999999999996,0.0,192.4999999999996,315.0
2012-12-16,16,4,2,400.00000000000006,188.44712472042352,0.35,255.0,UNDERSTOCK,145.00000000000006,0.0,507.5000000000002,0.0,507.5000000000002,315.0
2012-12-16,17,4,2,243.00000000000009,205.0454104510092,0.35,277.0,OVERSTOCK,0.0,33.999999999999915,0.0,25.499999999999936,25.499999999999936,315.0
2012-12-16,18,4,3,107.00000000000004,90.91745366208836,0.35,123.0,OVERSTOCK,0.0,15.999999999999957,0.0,11.999999999999968,11.999999999999968,315.0
2012-12-16,19,4,1,109.00000000000004,117.98311705197104,0.35,160.0,OVERSTOCK,0.0,50.99999999999996,0.0,38.24999999999997,38.24999999999997,315.0
2012-12-16,20,4,2,121.99999999999994,114.66551624071867,0.35,155.0,OVERSTOCK,0.0,33.00000000000006,0.0,24.750000000000043,24.750000000000043,315.0
2012-12-16,21,4,2,105.99999999999996,71.75414553077837,0.35,97.0,UNDERSTOCK,8.999999999999957,0.0,31.49999999999985,0.0,31.49999999999985,315.0
2012-12-16,22,4,2,89.0,88.1257664071085,0.35,119.0,OVERSTOCK,0.0,30.0,0.0,22.5,22.5,315.0
2012-12-16,23,4,2,33.00000000000001,44.418117764776895,0.35,60.0,OVERSTOCK,0.0,26.999999999999993,0.0,20.249999999999993,20.249999999999993,315.0
2012-12-17,0,4,2,28.000000000000004,18.566801328605337,0.35,26.0,UNDERSTOCK,2.0000000000000036,0.0,7.000000000000012,0.0,7.000000000000012,360.0
2012-12-17,1,4,2,14.999999999999998,9.304866599555716,0.35,13.0,UNDERSTOCK,1.9999999999999982,0.0,6.999999999999994,0.0,6.999999999999994,360.0
2012-12-17,2,4,2,5.0,5.614747698928388,0.35,8.0,OVERSTOCK,0.0,3.0,0.0,2.25,2.25,360.0
2012-12-17,3,4,2,3.0,3.2829476980536114,0.35,5.0,OVERSTOCK,0.0,2.0,0.0,1.5,1.5,360.0
2012-12-17,4,4,3,5.0,3.489909062456584,0.35,5.0,OK,0.0,0.0,0.0,0.0,0.0,360.0
2012-12-17,5,4,2,24.0,29.221780328814518,0.35,40.0,OVERSTOCK,0.0,16.0,0.0,12.0,12.0,360.0
2012-12-17,6,4,2,107.99999999999996,100.51449888246424,0.35,136.0,OVERSTOCK,0.0,28.000000000000043,0.0,21.000000000000032,21.000000000000032,360.0
2012-12-17,7,4,2,318.99999999999994,240.29543730736071,0.35,325.0,OVERSTOCK,0.0,6.000000000000057,0.0,4.500000000000043,4.500000000000043,360.0
2012-12-17,8,4,2,592.0000000000002,475.200210068248,0.35,642.0,OVERSTOCK,0.0,49.99999999999977,0.0,37.49999999999983,37.49999999999983,360.0
2012-12-17,9,4,2,282.0,255.8269633196524,0.35,346.0,OVERSTOCK,0.0,64.0,0.0,48.0,48.0,360.0
2012-12-17,10,4,2,135.00000000000006,124.6677664175409,0.35,169.0,OVERSTOCK,0.0,33.99999999999994,0.0,25.499999999999957,25.499999999999957,360.0
2012-12-17,11,4,2,170.00000000000009,132.9775845280059,0.35,180.0,OVERSTOCK,0.0,9.999999999999915,0.0,7.499999999999936,7.499999999999936,360.0
2012-12-17,12,4,2,231.99999999999991,151.78201743807986,0.35,205.0,UNDERSTOCK,26.999999999999915,0.0,94.4999999999997,0.0,94.4999999999997,360.0
2012-12-17,13,4,2,210.00000000000003,148.13114169814486,0.35,200.0,UNDERSTOCK,10.000000000000028,0.0,35.0000000000001,0.0,35.0000000000001,360.0
2012-12-17,14,4,2,181.0,129.6311559533859,0.35,176.0,UNDERSTOCK,5.0,0.0,17.5,0.0,17.5,360.0
2012-12-17,15,4,2,211.0,151.94048234539315,0.35,206.0,UNDERSTOCK,5.0,0.0,17.5,0.0,17.5,360.0
2012-12-17,16,4,3,301.9999999999999,132.90274668997736,0.35,180.0,UNDERSTOCK,121.99999999999989,0.0,426.9999999999996,0.0,426.9999999999996,360.0
2012-12-17,17,4,2,495.00000000000017,280.12672321214404,0.35,379.0,UNDERSTOCK,116.00000000000017,0.0,406.00000000000057,0.0,406.00000000000057,360.0
2012-12-17,18,4,2,507.00000000000006,284.3568024592634,0.35,384.0,UNDERSTOCK,123.00000000000006,0.0,430.5000000000002,0.0,430.5000000000002,360.0
2012-12-17,19,4,2,340.00000000000006,220.40260303262707,0.35,298.0,UNDERSTOCK,42.00000000000006,0.0,147.0000000000002,0.0,147.0000000000002,360.0
2012-12-17,20,4,2,200.0,188.49582230086963,0.35,255.0,OVERSTOCK,0.0,55.0,0.0,41.25,41.25,360.0
2012-12-17,21,4,2,120.00000000000004,146.8072818681476,0.35,199.0,OVERSTOCK,0.0,78.99999999999996,0.0,59.24999999999997,59.24999999999997,360.0
2012-12-17,22,4,2,54.000000000000014,95.9128271292316,0.35,130.0,OVERSTOCK,0.0,75.99999999999999,0.0,56.999999999999986,56.999999999999986,360.0
2012-12-17,23,4,3,47.00000000000001,36.8658844427444,0.35,50.0,OVERSTOCK,0.0,2.999999999999993,0.0,2.2499999999999947,2.2499999999999947,360.0
2012-12-18,0,4,2,17.999999999999996,22.203574314439862,0.35,30.0,OVERSTOCK,0.0,12.000000000000004,0.0,9.000000000000004,9.000000000000004,495.0
2012-12-18,1,4,2,14.999999999999998,11.808458596792011,0.35,16.0,OVERSTOCK,0.0,1.0000000000000018,0.0,0.7500000000000013,0.7500000000000013,495.0
2012-12-18,2,4,2,6.999999999999998,5.178405348312853,0.35,7.0,OVERSTOCK,0.0,1.7763568394002505e-15,0.0,1.3322676295501878e-15,1.3322676295501878e-15,495.0
2012-12-18,3,4,1,5.0,3.72321831700062,0.35,6.0,OVERSTOCK,0.0,1.0,0.0,0.75,0.75,495.0
2012-12-18,4,4,1,8.000000000000002,3.889773382767379,0.35,6.0,UNDERSTOCK,2.0000000000000018,0.0,7.000000000000006,0.0,7.000000000000006,495.0
2012-12-18,5,4,1,35.99999999999999,30.452478661768662,0.35,42.0,OVERSTOCK,0.0,6.000000000000007,0.0,4.500000000000005,4.500000000000005,495.0
2012-12-18,6,4,1,118.00000000000004,116.38591928514936,0.35,158.0,OVERSTOCK,0.0,39.99999999999996,0.0,29.999999999999968,29.999999999999968,495.0
2012-12-18,7,4,1,355.0,258.70341034180194,0.35,350.0,UNDERSTOCK,5.0,0.0,17.5,0.0,17.5,495.0
2012-12-18,8,4,1,662.0,466.5133855818588,0.35,630.0,UNDERSTOCK,32.0,0.0,112.0,0.0,112.0,495.0
2012-12-18,9,4,1,326.0,264.9402001057159,0.35,358.0,OVERSTOCK,0.0,32.0,0.0,24.0,24.0,495.0
2012-12-18,10,4,1,183.99999999999991,151.61250930773872,0.35,205.0,OVERSTOCK,0.0,21.000000000000085,0.0,15.750000000000064,15.750000000000064,495.0
2012-12-18,11,4,1,269.00000000000006,195.70815617884404,0.35,265.0,UNDERSTOCK,4.000000000000057,0.0,14.000000000000199,0.0,14.000000000000199,495.0
2012-12-18,12,4,3,312.99999999999994,132.51101494918964,0.35,179.0,UNDERSTOCK,133.99999999999994,0.0,468.9999999999998,0.0,468.9999999999998,495.0
2012-12-18,13,4,1,286.00000000000006,220.16270584433528,0.35,298.0,OVERSTOCK,0.0,11.999999999999943,0.0,8.999999999999957,8.999999999999957,495.0
2012-12-18,14,4,1,247.00000000000009,208.91664322659653,0.35,283.0,OVERSTOCK,0.0,35.999999999999915,0.0,26.999999999999936,26.999999999999936,495.0
2012-12-18,15,4,1,246.00000000000009,214.1100975782089,0.35,290.0,OVERSTOCK,0.0,43.999999999999915,0.0,32.999999999999936,32.999999999999936,495.0
2012-12-18,16,4,1,363.0,270.8485940034834,0.35,366.0,OVERSTOCK,0.0,3.0,0.0,2.25,2.25,495.0
2012-12-18,17,4,1,572.0000000000002,527.0507342050581,0.35,712.0,OVERSTOCK,0.0,139.99999999999977,0.0,104.99999999999983,104.99999999999983,495.0
2012-12-18,18,4,1,525.0000000000001,523.9037159377423,0.35,708.0,OVERSTOCK,0.0,182.9999999999999,0.0,137.24999999999991,137.24999999999991,495.0
2012-12-18,19,4,1,352.99999999999994,349.16725739411675,0.35,472.0,OVERSTOCK,0.0,119.00000000000006,0.0,89.25000000000004,89.25000000000004,495.0
2012-12-18,20,4,1,268.0,217.87328380127323,0.35,295.0,OVERSTOCK,0.0,27.0,0.0,20.25,20.25,495.0
2012-12-18,21,4,1,168.0,181.8592526740811,0.35,246.0,OVERSTOCK,0.0,78.0,0.0,58.5,58.5,495.0
2012-12-18,22,4,1,132.0,119.85793476057955,0.35,162.0,OVERSTOCK,0.0,30.0,0.0,22.5,22.5,495.0
2012-12-18,23,4,1,81.00000000000001,59.63294771897054,0.35,81.0,UNDERSTOCK,1.4210854715202004e-14,0.0,4.973799150320701e-14,0.0,4.973799150320701e-14,495.0
2012-12-19,0,4,1,41.00000000000001,24.12687463753593,0.35,33.0,UNDERSTOCK,8.000000000000007,0.0,28.000000000000025,0.0,28.000000000000025,495.0
2012-12-19,1,4,1,14.999999999999998,10.202666995161724,0.35,14.0,UNDERSTOCK,0.9999999999999982,0.0,3.499999999999994,0.0,3.499999999999994,495.0
2012-12-19,2,4,1,3.0,3.3480667965945723,0.35,5.0,OVERSTOCK,0.0,2.0,0.0,1.5,1.5,495.0
2012-12-19,3,4,1,5.0,3.032559328933941,0.35,5.0,OK,0.0,0.0,0.0,0.0,0.0,495.0
2012-12-19,4,4,1,6.999999999999998,3.4909214715152665,0.35,5.0,UNDERSTOCK,1.9999999999999982,0.0,6.999999999999994,0.0,6.999999999999994,495.0
2012-12-19,5,4,1,31.0,28.02971516198369,0.35,38.0,OVERSTOCK,0.0,7.0,0.0,5.25,5.25,495.0
2012-12-19,6,4,1,112.00000000000004,86.27775694018446,0.35,117.0,OVERSTOCK,0.0,4.999999999999957,0.0,3.749999999999968,3.749999999999968,495.0
2012-12-19,7,4,1,363.0,280.84353217522346,0.35,380.0,OVERSTOCK,0.0,17.0,0.0,12.75,12.75,495.0
2012-12-19,8,4,1,678.0000000000001,476.8227557324144,0.35,644.0,UNDERSTOCK,34.000000000000114,0.0,119.0000000000004,0.0,119.0000000000004,495.0
2012-12-19,9,4,1,317.0,259.0998047130662,0.35,350.0,OVERSTOCK,0.0,33.0,0.0,24.75,24.75,495.0
2012-12-19,10,4,1,163.99999999999994,125.002346381006,0.35,169.0,OVERSTOCK,0.0,5.000000000000057,0.0,3.7500000000000426,3.7500000000000426,495.0
2012-12-19,11,4,1,200.0,157.80462474865615,0.35,214.0,OVERSTOCK,0.0,14.0,0.0,10.5,10.5,495.0
2012-12-19,12,4,1,236.00000000000009,189.06625861591849,0.35,256.0,OVERSTOCK,0.0,19.999999999999915,0.0,14.999999999999936,14.999999999999936,495.0
2012-12-19,13,4,1,212.99999999999997,202.8113731627693,0.35,274.0,OVERSTOCK,0.0,61.00000000000003,0.0,45.75000000000002,45.75000000000002,495.0
2012-12-19,14,4,1,218.00000000000003,185.46252696847824,0.35,251.0,OVERSTOCK,0.0,32.99999999999997,0.0,24.74999999999998,24.74999999999998,495.0
2012-12-19,15,4,1,237.00000000000009,177.86028399731512,0.35,241.0,OVERSTOCK,0.0,3.9999999999999147,0.0,2.999999999999936,2.999999999999936,495.0
2012-12-19,16,4,1,333.99999999999994,256.9112778111833,0.35,347.0,OVERSTOCK,0.0,13.000000000000057,0.0,9.750000000000043,9.750000000000043,495.0
2012-12-19,17,4,1,562.0000000000001,528.6337203920218,0.35,714.0,OVERSTOCK,0.0,151.9999999999999,0.0,113.99999999999991,113.99999999999991,495.0
2012-12-19,18,4,1,569.0000000000002,524.5991793785761,0.35,709.0,OVERSTOCK,0.0,139.99999999999977,0.0,104.99999999999983,104.99999999999983,495.0
2012-12-19,19,4,1,335.99999999999994,349.3952205323859,0.35,472.0,OVERSTOCK,0.0,136.00000000000006,0.0,102.00000000000004,102.00000000000004,495.0
2012-12-19,20,4,1,241.00000000000009,221.87992340060168,0.35,300.0,OVERSTOCK,0.0,58.999999999999915,0.0,44.249999999999936,44.249999999999936,495.0
2012-12-19,21,4,1,168.0,167.46966583014492,0.35,227.0,OVERSTOCK,0.0,59.0,0.0,44.25,44.25,495.0
2012-12-19,22,4,1,128.99999999999997,126.81131206688823,0.35,172.0,OVERSTOCK,0.0,43.00000000000003,0.0,32.25000000000002,32.25000000000002,495.0
2012-12-19,23,4,1,87.99999999999999,55.27930162824044,0.35,75.0,UNDERSTOCK,12.999999999999986,0.0,45.49999999999995,0.0,45.49999999999995,495.0
2012-12-20,0,4,1,42.0,30.1083115713478,0.35,41.0,UNDERSTOCK,1.0,0.0,3.5,0.0,3.5,450.0
2012-12-20,1,4,1,20.0,12.760046190224722,0.35,18.0,UNDERSTOCK,2.0,0.0,7.0,0.0,7.0,450.0
2012-12-20,2,4,1,8.000000000000002,4.54912833561507,0.35,7.0,UNDERSTOCK,1.0000000000000018,0.0,3.500000000000006,0.0,3.500000000000006,450.0
2012-12-20,3,4,2,4.0,3.419082176853592,0.35,5.0,OVERSTOCK,0.0,1.0,0.0,0.75,0.75,450.0
2012-12-20,4,4,2,5.999999999999999,3.759797022651737,0.35,6.0,OVERSTOCK,0.0,8.881784197001252e-16,0.0,6.661338147750939e-16,6.661338147750939e-16,450.0
2012-12-20,5,4,2,35.0,26.594945428675903,0.35,36.0,OVERSTOCK,0.0,1.0,0.0,0.75,0.75,450.0
2012-12-20,6,4,2,118.00000000000004,102.9576493698143,0.35,139.0,OVERSTOCK,0.0,20.999999999999957,0.0,15.749999999999968,15.749999999999968,450.0
2012-12-20,7,4,2,349.9999999999999,287.0406930233265,0.35,388.0,OVERSTOCK,0.0,38.000000000000114,0.0,28.500000000000085,28.500000000000085,450.0
2012-12-20,8,4,2,599.0,540.7756120477561,0.35,731.0,OVERSTOCK,0.0,132.0,0.0,99.0,99.0,450.0
2012-12-20,9,4,2,317.0,267.2488447189542,0.35,361.0,OVERSTOCK,0.0,44.0,0.0,33.0,33.0,450.0
2012-12-20,10,4,2,160.99999999999994,123.76066070336589,0.35,168.0,OVERSTOCK,0.0,7.000000000000057,0.0,5.250000000000043,5.250000000000043,450.0
2012-12-20,11,4,2,190.0,151.61992011383023,0.35,205.0,OVERSTOCK,0.0,15.0,0.0,11.25,11.25,450.0
2012-12-20,12,4,2,212.00000000000009,183.6323717449714,0.35,248.0,OVERSTOCK,0.0,35.999999999999915,0.0,26.999999999999936,26.999999999999936,450.0
2012-12-20,13,4,2,217.0,163.37620580591803,0.35,221.0,OVERSTOCK,0.0,4.0,0.0,3.0,3.0,450.0
2012-12-20,14,4,2,213.99999999999991,153.69676336617337,0.35,208.0,UNDERSTOCK,5.999999999999915,0.0,20.9999999999997,0.0,20.9999999999997,450.0
2012-12-20,15,4,2,248.9999999999999,144.26155455241604,0.35,195.0,UNDERSTOCK,53.999999999999886,0.0,188.9999999999996,0.0,188.9999999999996,450.0
2012-12-20,16,4,2,301.9999999999999,211.6836479213653,0.35,286.0,UNDERSTOCK,15.999999999999886,0.0,55.9999999999996,0.0,55.9999999999996,450.0
2012-12-20,17,4,2,475.00000000000017,502.7751456126008,0.35,679.0,OVERSTOCK,0.0,203.99999999999983,0.0,152.9999999999999,152.9999999999999,450.0
2012-12-20,18,4,2,381.00000000000006,491.994021597824,0.35,665.0,OVERSTOCK,0.0,283.99999999999994,0.0,212.99999999999994,212.99999999999994,450.0
2012-12-20,19,4,3,118.00000000000004,202.08577433352903,0.35,273.0,OVERSTOCK,0.0,154.99999999999994,0.0,116.24999999999996,116.24999999999996,450.0
2012-12-20,20,4,3,50.0,130.47973070301336,0.35,177.0,OVERSTOCK,0.0,127.0,0.0,95.25,95.25,450.0
2012-12-20,21,4,3,26.0,65.92656119788268,0.35,90.0,OVERSTOCK,0.0,64.0,0.0,48.0,48.0,450.0
2012-12-20,22,4,3,21.000000000000004,40.39858679838701,0.35,55.0,OVERSTOCK,0.0,34.0,0.0,25.5,25.5,450.0
2012-12-20,23,4,3,12.999999999999996,32.63156370871982,0.35,45.0,OVERSTOCK,0.0,32.0,0.0,24.0,24.0,450.0
2012-12-21,0,1,3,16.999999999999996,16.842869249681442,0.35,23.0,OVERSTOCK,0.0,6.0000000000000036,0.0,4.500000000000003,4.500000000000003,405.0
2012-12-21,1,1,3,9.000000000000002,21.85688004723792,0.35,30.0,OVERSTOCK,0.0,21.0,0.0,15.75,15.75,405.0
2012-12-21,2,1,3,3.0,9.61985206930154,0.35,13.0,OVERSTOCK,0.0,10.0,0.0,7.5,7.5,405.0
2012-12-21,3,1,3,3.0,4.569937681121877,0.35,7.0,OVERSTOCK,0.0,4.0,0.0,3.0,3.0,405.0
2012-12-21,4,1,2,5.999999999999999,3.253045828077389,0.35,5.0,UNDERSTOCK,0.9999999999999991,0.0,3.499999999999997,0.0,3.499999999999997,405.0
2012-12-21,5,1,2,12.999999999999996,23.775822940100458,0.35,33.0,OVERSTOCK,0.0,20.000000000000004,0.0,15.000000000000004,15.000000000000004,405.0
2012-12-21,6,1,2,80.00000000000003,84.4029157485178,0.35,114.0,OVERSTOCK,0.0,33.99999999999997,0.0,25.49999999999998,25.49999999999998,405.0
2012-12-21,7,1,2,208.0,249.5437103889604,0.35,337.0,OVERSTOCK,0.0,129.0,0.0,96.75,96.75,405.0
2012-12-21,8,1,2,471.99999999999983,487.7459214056266,0.35,659.0,OVERSTOCK,0.0,187.00000000000017,0.0,140.2500000000001,140.2500000000001,405.0
2012-12-21,9,1,2,266.99999999999994,251.4850110532668,0.35,340.0,OVERSTOCK,0.0,73.00000000000006,0.0,54.75000000000004,54.75000000000004,405.0
2012-12-21,10,1,1,154.00000000000003,135.03540874724314,0.35,183.0,OVERSTOCK,0.0,28.99999999999997,0.0,21.74999999999998,21.74999999999998,405.0
2012-12-21,11,1,2,162.0,149.71056255074288,0.35,203.0,OVERSTOCK,0.0,41.0,0.0,30.75,30.75,405.0
2012-12-21,12,1,2,224.0,164.3976436276,0.35,222.0,UNDERSTOCK,2.0,0.0,7.0,0.0,7.0,405.0
2012-12-21,13,1,2,239.99999999999997,158.01336599711655,0.35,214.0,UNDERSTOCK,25.99999999999997,0.0,90.9999999999999,0.0,90.9999999999999,405.0
2012-12-21,14,1,2,219.00000000000009,148.27279020283245,0.35,201.0,UNDERSTOCK,18.000000000000085,0.0,63.0000000000003,0.0,63.0000000000003,405.0
2012-12-21,15,1,2,262.99999999999994,143.77937986895995,0.35,195.0,UNDERSTOCK,67.99999999999994,0.0,237.9999999999998,0.0,237.9999999999998,405.0
2012-12-21,16,1,2,281.00000000000006,204.0448269839227,0.35,276.0,UNDERSTOCK,5.000000000000057,0.0,17.5000000000002,0.0,17.5000000000002,405.0
2012-12-21,17,1,2,321.00000000000006,342.2427501594032,0.35,463.0,OVERSTOCK,0.0,141.99999999999994,0.0,106.49999999999996,106.49999999999996,405.0
2012-12-21,18,1,2,243.00000000000009,323.6689969672876,0.35,437.0,OVERSTOCK,0.0,193.99999999999991,0.0,145.49999999999994,145.49999999999994,405.0
2012-12-21,19,1,1,153.00000000000006,236.71447733090795,0.35,320.0,OVERSTOCK,0.0,166.99999999999994,0.0,125.24999999999996,125.24999999999996,405.0
2012-12-21,20,1,1,112.00000000000004,179.14334820781397,0.35,242.0,OVERSTOCK,0.0,129.99999999999994,0.0,97.49999999999996,97.49999999999996,405.0
2012-12-21,21,1,1,70.0,107.9842350160104,0.35,146.0,OVERSTOCK,0.0,76.0,0.0,57.0,57.0,405.0
2012-12-21,22,1,1,62.99999999999998,82.83497945081636,0.35,112.0,OVERSTOCK,0.0,49.00000000000002,0.0,36.750000000000014,36.750000000000014,405.0
2012-12-21,23,1,1,40.00000000000001,61.69126786792469,0.35,84.0,OVERSTOCK,0.0,43.99999999999999,0.0,32.99999999999999,32.99999999999999,405.0
2012-12-22,0,1,1,31.0,34.168582118045194,0.35,47.0,OVERSTOCK,0.0,16.0,0.0,12.0,12.0,315.0
2012-12-22,1,1,1,35.0,31.32826648947837,0.35,43.0,OVERSTOCK,0.0,8.0,0.0,6.0,6.0,315.0
2012-12-22,2,1,1,23.000000000000004,36.044999301276576,0.35,49.0,OVERSTOCK,0.0,25.999999999999996,0.0,19.499999999999996,19.499999999999996,315.0
2012-12-22,3,1,1,6.999999999999998,14.988232807852356,0.35,21.0,OVERSTOCK,0.0,14.000000000000002,0.0,10.500000000000002,10.500000000000002,315.0
2012-12-22,4,1,1,5.0,4.932965427897906,0.35,7.0,OVERSTOCK,0.0,2.0,0.0,1.5,1.5,315.0
2012-12-22,5,1,1,5.0,3.3195767649979078,0.35,5.0,OK,0.0,0.0,0.0,0.0,0.0,315.0
2012-12-22,6,1,1,12.999999999999996,10.748984960592798,0.35,15.0,OVERSTOCK,0.0,2.0000000000000036,0.0,1.5000000000000027,1.5000000000000027,315.0
2012-12-22,7,1,1,20.0,24.627472926842252,0.35,34.0,OVERSTOCK,0.0,14.0,0.0,10.5,10.5,315.0
2012-12-22,8,1,1,29.000000000000004,82.37592351881946,0.35,112.0,OVERSTOCK,0.0,83.0,0.0,62.25,62.25,315.0
2012-12-22,9,1,1,89.99999999999997,125.4426125040458,0.35,170.0,OVERSTOCK,0.0,80.00000000000003,0.0,60.00000000000002,60.00000000000002,315.0
2012-12-22,10,1,1,118.00000000000004,192.78052516445223,0.35,261.0,OVERSTOCK,0.0,142.99999999999994,0.0,107.24999999999996,107.24999999999996,315.0
2012-12-22,11,1,1,158.99999999999994,219.96573468859071,0.35,297.0,OVERSTOCK,0.0,138.00000000000006,0.0,103.50000000000004,103.50000000000004,315.0
2012-12-22,12,1,1,145.99999999999997,223.0317109223005,0.35,302.0,OVERSTOCK,0.0,156.00000000000003,0.0,117.00000000000003,117.00000000000003,315.0
2012-12-22,13,1,1,158.0,257.58906981256246,0.35,348.0,OVERSTOCK,0.0,190.0,0.0,142.5,142.5,315.0
2012-12-22,14,1,1,160.99999999999994,243.19224668927697,0.35,329.0,OVERSTOCK,0.0,168.00000000000006,0.0,126.00000000000004,126.00000000000004,315.0
2012-12-22,15,1,1,153.00000000000006,205.72214654355008,0.35,278.0,OVERSTOCK,0.0,124.99999999999994,0.0,93.74999999999996,93.74999999999996,315.0
2012-12-22,16,1,1,146.99999999999994,176.75098274530143,0.35,239.0,OVERSTOCK,0.0,92.00000000000006,0.0,69.00000000000004,69.00000000000004,315.0
2012-12-22,17,1,1,114.0,153.91402596954737,0.35,208.0,OVERSTOCK,0.0,94.0,0.0,70.5,70.5,315.0
2012-12-22,18,1,1,82.00000000000003,156.54030474239678,0.35,212.0,OVERSTOCK,0.0,129.99999999999997,0.0,97.49999999999997,97.49999999999997,315.0
2012-12-22,19,1,1,60.00000000000001,114.74840938391688,0.35,155.0,OVERSTOCK,0.0,95.0,0.0,71.25,71.25,315.0
2012-12-22,20,1,1,61.00000000000001,92.1162620387934,0.35,125.0,OVERSTOCK,0.0,63.99999999999999,0.0,47.99999999999999,47.99999999999999,315.0
2012-12-22,21,1,1,53.00000000000001,72.11928660074975,0.35,98.0,OVERSTOCK,0.0,44.99999999999999,0.0,33.74999999999999,33.74999999999999,315.0
2012-12-22,22,1,1,39.0,67.05724593545047,0.35,91.0,OVERSTOCK,0.0,52.0,0.0,39.0,39.0,315.0
2012-12-22,23,1,1,40.00000000000001,65.08146685231276,0.35,88.0,OVERSTOCK,0.0,47.99999999999999,0.0,35.99999999999999,35.99999999999999,315.0
2012-12-23,0,1,1,27.0,34.477205991247665,0.35,47.0,OVERSTOCK,0.0,20.0,0.0,15.0,15.0,315.0
2012-12-23,1,1,1,20.0,29.770656160225187,0.35,41.0,OVERSTOCK,0.0,21.0,0.0,15.75,15.75,315.0
2012-12-23,2,1,1,17.999999999999996,38.727379962091305,0.35,53.0,OVERSTOCK,0.0,35.0,0.0,26.25,26.25,315.0
2012-12-23,3,1,1,9.000000000000002,21.77718549646121,0.35,30.0,OVERSTOCK,0.0,21.0,0.0,15.75,15.75,315.0
2012-12-23,4,1,1,4.0,6.312361623430497,0.35,9.0,OVERSTOCK,0.0,5.0,0.0,3.75,3.75,315.0
2012-12-23,5,1,1,5.999999999999999,5.663254003693674,0.35,8.0,OVERSTOCK,0.0,2.000000000000001,0.0,1.5000000000000007,1.5000000000000007,315.0
2012-12-23,6,1,1,9.000000000000002,4.734699807196996,0.35,7.0,UNDERSTOCK,2.0000000000000018,0.0,7.000000000000006,0.0,7.000000000000006,315.0
2012-12-23,7,1,1,19.0,18.52050096716601,0.35,26.0,OVERSTOCK,0.0,7.0,0.0,5.25,5.25,315.0
2012-12-23,8,1,1,47.99999999999999,55.69275224860926,0.35,76.0,OVERSTOCK,0.0,28.000000000000007,0.0,21.000000000000007,21.000000000000007,315.0
2012-12-23,9,1,1,56.00000000000001,93.3710359524327,0.35,127.0,OVERSTOCK,0.0,71.0,0.0,53.25,53.25,315.0
2012-12-23,10,1,1,93.0,164.59420587387794,0.35,223.0,OVERSTOCK,0.0,130.0,0.0,97.5,97.5,315.0
2012-12-23,11,1,1,151.99999999999997,193.57907402010247,0.35,262.0,OVERSTOCK,0.0,110.00000000000003,0.0,82.50000000000003,82.50000000000003,315.0
2012-12-23,12,1,1,196.0,287.9821865929004,0.35,389.0,OVERSTOCK,0.0,193.0,0.0,144.75,144.75,315.0
2012-12-23,13,1,1,186.00000000000003,313.77662003116825,0.35,424.0,OVERSTOCK,0.0,237.99999999999997,0.0,178.49999999999997,178.49999999999997,315.0
2012-12-23,14,1,1,174.99999999999991,305.8818075695574,0.35,413.0,OVERSTOCK,0.0,238.00000000000009,0.0,178.50000000000006,178.50000000000006,315.0
2012-12-23,15,1,1,137.00000000000006,297.190021682432,0.35,402.0,OVERSTOCK,0.0,264.99999999999994,0.0,198.74999999999994,198.74999999999994,315.0
2012-12-23,16,1,1,190.0,264.3683900790312,0.35,357.0,OVERSTOCK,0.0,167.0,0.0,125.25,125.25,315.0
2012-12-23,17,1,1,114.0,223.82019794710655,0.35,303.0,OVERSTOCK,0.0,189.0,0.0,141.75,141.75,315.0
2012-12-23,18,1,1,93.0,170.41821753193958,0.35,231.0,OVERSTOCK,0.0,138.0,0.0,103.5,103.5,315.0
2012-12-23,19,1,1,58.000000000000014,115.68519186085972,0.35,157.0,OVERSTOCK,0.0,98.99999999999999,0.0,74.24999999999999,74.24999999999999,315.0
2012-12-23,20,1,1,52.00000000000001,90.82912647058026,0.35,123.0,OVERSTOCK,0.0,71.0,0.0,53.25,53.25,315.0
2012-12-23,21,1,1,42.0,85.08918924586462,0.35,115.0,OVERSTOCK,0.0,73.0,0.0,54.75,54.75,315.0
2012-12-23,22,1,1,58.000000000000014,57.93683366256242,0.35,79.0,OVERSTOCK,0.0,20.999999999999986,0.0,15.74999999999999,15.74999999999999,315.0
2012-12-23,23,1,1,25.000000000000004,39.21959409398208,0.35,53.0,OVERSTOCK,0.0,27.999999999999996,0.0,20.999999999999996,20.999999999999996,315.0
2012-12-24,0,1,1,12.0,15.478402437503435,0.35,21.0,OVERSTOCK,0.0,9.0,0.0,6.75,6.75,270.0
2012-12-24,1,1,1,11.0,7.377986892139629,0.35,10.0,UNDERSTOCK,1.0,0.0,3.5,0.0,3.5,270.0
2012-12-24,2,1,1,5.0,2.991630419212339,0.35,5.0,OK,0.0,0.0,0.0,0.0,0.0,270.0
2012-12-24,3,1,1,3.0,2.356193467177994,0.35,4.0,OVERSTOCK,0.0,1.0,0.0,0.75,0.75,270.0
2012-12-24,5,1,1,9.000000000000002,18.683041518076,0.35,26.0,OVERSTOCK,0.0,17.0,0.0,12.75,12.75,270.0
2012-12-24,6,1,1,16.999999999999996,75.10531958998224,0.35,102.0,OVERSTOCK,0.0,85.0,0.0,63.75,63.75,270.0
2012-12-24,7,1,1,30.0,253.47988137067225,0.35,343.0,OVERSTOCK,0.0,313.0,0.0,234.75,234.75,270.0
2012-12-24,8,1,1,65.99999999999997,463.3329116829244,0.35,626.0,OVERSTOCK,0.0,560.0,0.0,420.0,420.0,270.0
2012-12-24,9,1,2,84.99999999999997,222.9244322625504,0.35,301.0,OVERSTOCK,0.0,216.00000000000003,0.0,162.00000000000003,162.00000000000003,270.0
2012-12-24,10,1,2,103.0,103.07940043368536,0.35,140.0,OVERSTOCK,0.0,37.0,0.0,27.75,27.75,270.0
2012-12-24,11,1,2,124.00000000000004,100.258638006568,0.35,136.0,OVERSTOCK,0.0,11.999999999999957,0.0,8.999999999999968,8.999999999999968,270.0
2012-12-24,12,1,2,135.00000000000006,131.24626108426858,0.35,178.0,OVERSTOCK,0.0,42.99999999999994,0.0,32.24999999999996,32.24999999999996,270.0
2012-12-24,13,1,3,70.0,49.59128025388917,0.35,67.0,UNDERSTOCK,3.0,0.0,10.5,0.0,10.5,270.0
2012-12-24,14,1,3,45.99999999999999,52.393317262371305,0.35,71.0,OVERSTOCK,0.0,25.000000000000007,0.0,18.750000000000007,18.750000000000007,270.0
2012-12-24,15,1,3,33.00000000000001,69.26333615440961,0.35,94.0,OVERSTOCK,0.0,60.99999999999999,0.0,45.74999999999999,45.74999999999999,270.0
2012-12-24,16,1,3,33.00000000000001,85.86523118305989,0.35,116.0,OVERSTOCK,0.0,83.0,0.0,62.25,62.25,270.0
2012-12-24,17,1,3,26.0,162.13961531024458,0.35,219.0,OVERSTOCK,0.0,193.0,0.0,144.75,144.75,270.0
2012-12-24,18,1,3,26.0,169.00514997486513,0.35,229.0,OVERSTOCK,0.0,203.0,0.0,152.25,152.25,270.0
2012-12-24,19,1,2,17.999999999999996,208.8232898240356,0.35,282.0,OVERSTOCK,0.0,264.0,0.0,198.0,198.0,270.0
2012-12-24,20,1,3,23.000000000000004,102.79984836487722,0.35,139.0,OVERSTOCK,0.0,116.0,0.0,87.0,87.0,270.0
2012-12-24,21,1,3,22.0,76.51347412973932,0.35,104.0,OVERSTOCK,0.0,82.0,0.0,61.5,61.5,270.0
2012-12-24,22,1,2,12.0,72.2529168306628,0.35,98.0,OVERSTOCK,0.0,86.0,0.0,64.5,64.5,270.0
2012-12-24,23,1,3,11.0,23.38934000548322,0.35,32.0,OVERSTOCK,0.0,21.0,0.0,15.75,15.75,270.0
2012-12-25,0,1,3,12.999999999999996,24.59468908731982,0.35,34.0,OVERSTOCK,0.0,21.000000000000004,0.0,15.750000000000004,15.750000000000004,315.0
2012-12-25,1,1,2,12.999999999999996,19.73501255573392,0.35,27.0,OVERSTOCK,0.0,14.000000000000004,0.0,10.500000000000004,10.500000000000004,315.0
2012-12-25,2,1,2,6.999999999999998,15.784334352793897,0.35,22.0,OVERSTOCK,0.0,15.000000000000002,0.0,11.250000000000002,11.250000000000002,315.0
2012-12-25,4,1,2,1.0,5.972242125186087,0.35,9.0,OVERSTOCK,0.0,8.0,0.0,6.0,6.0,315.0
2012-12-25,5,1,2,3.0,4.701899245142195,0.35,7.0,OVERSTOCK,0.0,4.0,0.0,3.0,3.0,315.0
2012-12-25,6,1,2,6.999999999999998,6.6926089889147935,0.35,10.0,OVERSTOCK,0.0,3.0000000000000018,0.0,2.2500000000000013,2.2500000000000013,315.0
2012-12-25,7,1,2,5.999999999999999,19.34176243880148,0.35,27.0,OVERSTOCK,0.0,21.0,0.0,15.75,15.75,315.0
2012-12-25,8,1,2,11.0,61.063083733131016,0.35,83.0,OVERSTOCK,0.0,72.0,0.0,54.0,54.0,315.0
2012-12-25,9,1,2,28.000000000000004,85.1312000383092,0.35,115.0,OVERSTOCK,0.0,87.0,0.0,65.25,65.25,315.0
2012-12-25,10,1,1,32.0,126.19448048312852,0.35,171.0,OVERSTOCK,0.0,139.0,0.0,104.25,104.25,315.0
2012-12-25,11,1,1,86.0,207.7452653407368,0.35,281.0,OVERSTOCK,0.0,195.0,0.0,146.25,146.25,315.0
2012-12-25,12,1,1,114.0,201.60214032803603,0.35,273.0,OVERSTOCK,0.0,159.0,0.0,119.25,119.25,315.0
2012-12-25,13,1,1,121.00000000000004,315.7648495165911,0.35,427.0,OVERSTOCK,0.0,305.99999999999994,0.0,229.49999999999994,229.49999999999994,315.0
2012-12-25,14,1,1,126.0,308.7897750330226,0.35,417.0,OVERSTOCK,0.0,291.0,0.0,218.25,218.25,315.0
2012-12-25,15,1,1,107.00000000000004,291.3176243748237,0.35,394.0,OVERSTOCK,0.0,286.99999999999994,0.0,215.24999999999994,215.24999999999994,315.0
2012-12-25,16,1,2,86.0,251.223500727045,0.35,340.0,OVERSTOCK,0.0,254.0,0.0,190.5,190.5,315.0
2012-12-25,17,1,2,50.0,220.2159444434909,0.35,298.0,OVERSTOCK,0.0,248.0,0.0,186.0,186.0,315.0
2012-12-25,18,1,2,42.99999999999999,196.83408812652488,0.35,266.0,OVERSTOCK,0.0,223.0,0.0,167.25,167.25,315.0
2012-12-25,19,1,2,35.99999999999999,138.42553331242715,0.35,187.0,OVERSTOCK,0.0,151.0,0.0,113.25,113.25,315.0
2012-12-25,20,1,2,40.00000000000001,114.1701509611306,0.35,155.0,OVERSTOCK,0.0,115.0,0.0,86.25,86.25,315.0
2012-12-25,21,1,2,33.99999999999999,78.13019095851031,0.35,106.0,OVERSTOCK,0.0,72.0,0.0,54.0,54.0,315.0
2012-12-25,22,1,2,19.0,78.27054804898114,0.35,106.0,OVERSTOCK,0.0,87.0,0.0,65.25,65.25,315.0
2012-12-25,23,1,2,30.0,41.65531482973327,0.35,57.0,OVERSTOCK,0.0,27.0,0.0,20.25,20.25,315.0
2012-12-26,0,1,2,9.000000000000002,19.07126319090047,0.35,26.0,OVERSTOCK,0.0,17.0,0.0,12.75,12.75,180.0
2012-12-26,1,1,2,6.999999999999998,7.737389581203746,0.35,11.0,OVERSTOCK,0.0,4.000000000000002,0.0,3.0000000000000013,3.0000000000000013,180.0
2012-12-26,2,1,2,1.0,5.279312288568151,0.35,8.0,OVERSTOCK,0.0,7.0,0.0,5.25,5.25,180.0
2012-12-26,3,1,2,2.0000000000000004,2.3563279361336,0.35,4.0,OVERSTOCK,0.0,1.9999999999999996,0.0,1.4999999999999996,1.4999999999999996,180.0
2012-12-26,4,1,1,2.0000000000000004,2.1693020920933344,0.35,3.0,OVERSTOCK,0.0,0.9999999999999996,0.0,0.7499999999999997,0.7499999999999997,180.0
2012-12-26,5,1,2,11.0,19.73903396495217,0.35,27.0,OVERSTOCK,0.0,16.0,0.0,12.0,12.0,180.0
2012-12-26,6,1,2,35.99999999999999,85.34749720141504,0.35,116.0,OVERSTOCK,0.0,80.0,0.0,60.0,60.0,180.0
2012-12-26,7,1,3,26.0,159.42188977087147,0.35,216.0,OVERSTOCK,0.0,190.0,0.0,142.5,142.5,180.0
2012-12-26,8,1,3,31.0,200.47023486401596,0.35,271.0,OVERSTOCK,0.0,240.0,0.0,180.0,180.0,180.0
2012-12-26,9,1,3,23.000000000000004,105.75910185521415,0.35,143.0,OVERSTOCK,0.0,120.0,0.0,90.0,90.0,180.0
2012-12-26,10,1,3,8.000000000000002,48.876659797610415,0.35,66.0,OVERSTOCK,0.0,58.0,0.0,43.5,43.5,180.0
2012-12-26,11,1,3,10.000000000000002,49.19018908228468,0.35,67.0,OVERSTOCK,0.0,57.0,0.0,42.75,42.75,180.0
2012-12-26,12,1,3,10.000000000000002,51.60205173673626,0.35,70.0,OVERSTOCK,0.0,60.0,0.0,45.0,45.0,180.0
2012-12-26,13,1,3,14.999999999999998,51.90456206625413,0.35,71.0,OVERSTOCK,0.0,56.0,0.0,42.0,42.0,180.0
2012-12-26,14,1,3,20.0,54.93748350145015,0.35,75.0,OVERSTOCK,0.0,55.0,0.0,41.25,41.25,180.0
2012-12-26,15,1,3,12.999999999999996,68.38554978797825,0.35,93.0,OVERSTOCK,0.0,80.0,0.0,60.0,60.0,180.0
2012-12-26,16,1,3,12.999999999999996,83.78833193994751,0.35,114.0,OVERSTOCK,0.0,101.0,0.0,75.75,75.75,180.0
2012-12-26,17,1,3,53.00000000000001,137.85572481144837,0.35,187.0,OVERSTOCK,0.0,134.0,0.0,100.5,100.5,180.0
2012-12-26,18,1,3,42.99999999999999,127.45934185498594,0.35,173.0,OVERSTOCK,0.0,130.0,0.0,97.5,97.5,180.0
2012-12-26,19,1,3,35.0,121.13920392922742,0.35,164.0,OVERSTOCK,0.0,129.0,0.0,96.75,96.75,180.0
2012-12-26,20,1,3,32.0,78.07262787262033,0.35,106.0,OVERSTOCK,0.0,74.0,0.0,55.5,55.5,180.0
2012-12-26,21,1,2,20.0,88.06661382273033,0.35,119.0,OVERSTOCK,0.0,99.0,0.0,74.25,74.25,180.0
2012-12-26,22,1,3,11.0,64.01958509048644,0.35,87.0,OVERSTOCK,0.0,76.0,0.0,57.0,57.0,180.0
2012-12-26,23,1,3,10.000000000000002,33.02386885360287,0.35,45.0,OVERSTOCK,0.0,35.0,0.0,26.25,26.25,180.0
2012-12-27,0,1,3,3.0,8.899892197163204,0.35,13.0,OVERSTOCK,0.0,10.0,0.0,7.5,7.5,360.0
2012-12-27,1,1,3,5.0,6.028758168907864,0.35,9.0,OVERSTOCK,0.0,4.0,0.0,3.0,3.0,360.0
2012-12-27,2,1,2,2.0000000000000004,4.9797609582372,0.35,7.0,OVERSTOCK,0.0,5.0,0.0,3.75,3.75,360.0
2012-12-27,3,1,2,1.0,3.1437187908133657,0.35,5.0,OVERSTOCK,0.0,4.0,0.0,3.0,3.0,360.0
2012-12-27,4,1,2,3.0,2.4873059270508056,0.35,4.0,OVERSTOCK,0.0,1.0,0.0,0.75,0.75,360.0
2012-12-27,5,1,1,11.0,21.151727958358823,0.35,29.0,OVERSTOCK,0.0,18.0,0.0,13.5,13.5,360.0
2012-12-27,6,1,1,45.0,82.22536025656638,0.35,112.0,OVERSTOCK,0.0,67.0,0.0,50.25,50.25,360.0
2012-12-27,7,1,1,89.99999999999997,246.06446573406757,0.35,333.0,OVERSTOCK,0.0,243.00000000000003,0.0,182.25000000000003,182.25000000000003,360.0
2012-12-27,8,1,1,208.0,499.04492681837,0.35,674.0,OVERSTOCK,0.0,466.0,0.0,349.5,349.5,360.0
2012-12-27,9,1,1,132.99999999999997,237.93022700930248,0.35,322.0,OVERSTOCK,0.0,189.00000000000003,0.0,141.75000000000003,141.75000000000003,360.0
2012-12-27,10,1,1,75.0,117.62896276025894,0.35,159.0,OVERSTOCK,0.0,84.0,0.0,63.0,63.0,360.0
2012-12-27,11,1,2,103.0,122.87259575512876,0.35,166.0,OVERSTOCK,0.0,63.0,0.0,47.25,47.25,360.0
2012-12-27,12,1,1,109.00000000000004,145.5074404595441,0.35,197.0,OVERSTOCK,0.0,87.99999999999996,0.0,65.99999999999997,65.99999999999997,360.0
2012-12-27,13,1,1,118.00000000000004,138.89444501890458,0.35,188.0,OVERSTOCK,0.0,69.99999999999996,0.0,52.49999999999997,52.49999999999997,360.0
2012-12-27,14,1,2,118.99999999999996,123.48575116937344,0.35,167.0,OVERSTOCK,0.0,48.00000000000004,0.0,36.00000000000003,36.00000000000003,360.0
2012-12-27,15,1,2,120.00000000000004,131.63326951973582,0.35,178.0,OVERSTOCK,0.0,57.99999999999996,0.0,43.49999999999997,43.49999999999997,360.0
2012-12-27,16,1,2,174.00000000000009,179.46948712587,0.35,243.0,OVERSTOCK,0.0,68.99999999999991,0.0,51.749999999999936,51.749999999999936,360.0
2012-12-27,17,1,2,257.0,330.3104256790776,0.35,446.0,OVERSTOCK,0.0,189.0,0.0,141.75,141.75,360.0
2012-12-27,18,1,2,197.0,316.199369728783,0.35,427.0,OVERSTOCK,0.0,230.0,0.0,172.5,172.5,360.0
2012-12-27,19,1,1,117.00000000000004,227.73282657090988,0.35,308.0,OVERSTOCK,0.0,190.99999999999994,0.0,143.24999999999994,143.24999999999994,360.0
2012-12-27,20,1,1,91.0,146.73815601316548,0.35,199.0,OVERSTOCK,0.0,108.0,0.0,81.0,81.0,360.0
2012-12-27,21,1,2,62.99999999999998,100.32459876395674,0.35,136.0,OVERSTOCK,0.0,73.00000000000003,0.0,54.75000000000002,54.75000000000002,360.0
2012-12-27,22,1,2,43.99999999999999,76.31938612281617,0.35,104.0,OVERSTOCK,0.0,60.00000000000001,0.0,45.00000000000001,45.00000000000001,360.0
2012-12-27,23,1,2,26.0,53.8815603679376,0.35,73.0,OVERSTOCK,0.0,47.0,0.0,35.25,35.25,360.0
2012-12-28,0,1,2,25.000000000000004,25.435235949110943,0.35,35.0,OVERSTOCK,0.0,9.999999999999996,0.0,7.499999999999997,7.499999999999997,360.0
2012-12-28,1,1,1,9.000000000000002,10.60173811748026,0.35,15.0,OVERSTOCK,0.0,5.999999999999998,0.0,4.499999999999998,4.499999999999998,360.0
2012-12-28,2,1,1,5.0,7.323556135347047,0.35,10.0,OVERSTOCK,0.0,5.0,0.0,3.75,3.75,360.0
2012-12-28,3,1,2,2.0000000000000004,4.1029190084323695,0.35,6.0,OVERSTOCK,0.0,3.9999999999999996,0.0,2.9999999999999996,2.9999999999999996,360.0
2012-12-28,4,1,2,4.0,3.2852247320535257,0.35,5.0,OVERSTOCK,0.0,1.0,0.0,0.75,0.75,360.0
2012-12-28,5,1,2,14.999999999999998,20.51413835804385,0.35,28.0,OVERSTOCK,0.0,13.000000000000002,0.0,9.750000000000002,9.750000000000002,360.0
2012-12-28,6,1,1,51.00000000000001,74.01695686248742,0.35,100.0,OVERSTOCK,0.0,48.99999999999999,0.0,36.74999999999999,36.74999999999999,360.0
2012-12-28,7,1,1,112.00000000000004,215.2186574335953,0.35,291.0,OVERSTOCK,0.0,178.99999999999994,0.0,134.24999999999994,134.24999999999994,360.0
2012-12-28,8,1,2,239.0,442.2484010226429,0.35,598.0,OVERSTOCK,0.0,359.0,0.0,269.25,269.25,360.0
2012-12-28,9,1,2,191.0,245.5985614306638,0.35,332.0,OVERSTOCK,0.0,141.0,0.0,105.75,105.75,360.0
2012-12-28,10,1,2,162.0,110.507854726196,0.35,150.0,UNDERSTOCK,12.0,0.0,42.0,0.0,42.0,360.0
2012-12-28,11,1,2,178.0,140.06749997558214,0.35,190.0,OVERSTOCK,0.0,12.0,0.0,9.0,9.0,360.0
2012-12-28,12,1,2,222.00000000000003,160.9802089520112,0.35,218.0,UNDERSTOCK,4.000000000000028,0.0,14.0000000000001,0.0,14.0000000000001,360.0
2012-12-28,13,1,2,222.00000000000003,154.45365696316642,0.35,209.0,UNDERSTOCK,13.000000000000028,0.0,45.5000000000001,0.0,45.5000000000001,360.0
2012-12-28,14,1,2,260.99999999999994,140.98988957106047,0.35,191.0,UNDERSTOCK,69.99999999999994,0.0,244.9999999999998,0.0,244.9999999999998,360.0
2012-12-28,15,1,2,225.00000000000009,149.13130851773067,0.35,202.0,UNDERSTOCK,23.000000000000085,0.0,80.5000000000003,0.0,80.5000000000003,360.0
2012-12-28,16,1,1,249.9999999999999,222.630095381668,0.35,301.0,OVERSTOCK,0.0,51.000000000000114,0.0,38.250000000000085,38.250000000000085,360.0
2012-12-28,17,1,1,271.0000000000001,311.0005601302677,0.35,420.0,OVERSTOCK,0.0,148.9999999999999,0.0,111.74999999999991,111.74999999999991,360.0
2012-12-28,18,1,1,212.99999999999997,311.8691255620192,0.35,422.0,OVERSTOCK,0.0,209.00000000000003,0.0,156.75000000000003,156.75000000000003,360.0
2012-12-28,19,1,2,127.99999999999996,218.7722079688864,0.35,296.0,OVERSTOCK,0.0,168.00000000000006,0.0,126.00000000000004,126.00000000000004,360.0
2012-12-28,20,1,2,97.00000000000004,143.2347022983567,0.35,194.0,OVERSTOCK,0.0,96.99999999999996,0.0,72.74999999999997,72.74999999999997,360.0
2012-12-28,21,1,2,92.00000000000004,93.6804743706703,0.35,127.0,OVERSTOCK,0.0,34.99999999999996,0.0,26.249999999999968,26.249999999999968,360.0
2012-12-28,22,1,2,61.99999999999999,75.7075735189294,0.35,103.0,OVERSTOCK,0.0,41.00000000000001,0.0,30.750000000000007,30.750000000000007,360.0
2012-12-28,23,1,2,58.99999999999999,60.66479060385662,0.35,82.0,OVERSTOCK,0.0,23.000000000000007,0.0,17.250000000000007,17.250000000000007,360.0
2012-12-29,0,1,2,26.0,44.68009570769132,0.35,61.0,OVERSTOCK,0.0,35.0,0.0,26.25,26.25,225.0
2012-12-29,1,1,2,36.99999999999999,40.42468777865198,0.35,55.0,OVERSTOCK,0.0,18.000000000000007,0.0,13.500000000000005,13.500000000000005,225.0
2012-12-29,2,1,2,19.0,40.75681597157326,0.35,56.0,OVERSTOCK,0.0,37.0,0.0,27.75,27.75,225.0
2012-12-29,3,1,2,5.999999999999999,17.417492049769432,0.35,24.0,OVERSTOCK,0.0,18.0,0.0,13.5,13.5,225.0
2012-12-29,4,1,2,3.0,5.8894663290985765,0.35,8.0,OVERSTOCK,0.0,5.0,0.0,3.75,3.75,225.0
2012-12-29,5,1,2,3.0,4.630454627390931,0.35,7.0,OVERSTOCK,0.0,4.0,0.0,3.0,3.0,225.0
2012-12-29,6,1,2,6.999999999999998,10.250778575716192,0.35,14.0,OVERSTOCK,0.0,7.000000000000002,0.0,5.250000000000002,5.250000000000002,225.0
2012-12-29,7,1,2,17.999999999999996,26.175653751465383,0.35,36.0,OVERSTOCK,0.0,18.000000000000004,0.0,13.500000000000004,13.500000000000004,225.0
2012-12-29,8,1,2,43.99999999999999,68.1358986190069,0.35,92.0,OVERSTOCK,0.0,48.00000000000001,0.0,36.00000000000001,36.00000000000001,225.0
2012-12-29,9,1,2,48.99999999999999,127.48407092779384,0.35,173.0,OVERSTOCK,0.0,124.0,0.0,93.0,93.0,225.0
2012-12-29,10,1,3,41.00000000000001,105.54758623597006,0.35,143.0,OVERSTOCK,0.0,102.0,0.0,76.5,76.5,225.0
2012-12-29,11,1,3,45.0,88.3218640647943,0.35,120.0,OVERSTOCK,0.0,75.0,0.0,56.25,56.25,225.0
2012-12-29,12,1,3,47.99999999999999,88.74178368592482,0.35,120.0,OVERSTOCK,0.0,72.0,0.0,54.0,54.0,225.0
2012-12-29,13,1,3,84.00000000000001,88.22192091344036,0.35,120.0,OVERSTOCK,0.0,35.999999999999986,0.0,26.99999999999999,26.99999999999999,225.0
2012-12-29,14,1,2,98.0,169.90421752504227,0.35,230.0,OVERSTOCK,0.0,132.0,0.0,99.0,99.0,225.0
2012-12-29,15,1,2,128.99999999999997,133.25383869004096,0.35,180.0,OVERSTOCK,0.0,51.00000000000003,0.0,38.25000000000002,38.25000000000002,225.0
2012-12-29,16,1,1,146.99999999999994,165.17755677404855,0.35,223.0,OVERSTOCK,0.0,76.00000000000006,0.0,57.00000000000004,57.00000000000004,225.0
2012-12-29,17,1,1,118.00000000000004,148.32555154056615,0.35,201.0,OVERSTOCK,0.0,82.99999999999996,0.0,62.24999999999997,62.24999999999997,225.0
2012-12-29,18,1,1,109.99999999999996,147.024947824004,0.35,199.0,OVERSTOCK,0.0,89.00000000000004,0.0,66.75000000000003,66.75000000000003,225.0
2012-12-29,19,1,2,97.00000000000004,117.30051509635796,0.35,159.0,OVERSTOCK,0.0,61.99999999999996,0.0,46.49999999999997,46.49999999999997,225.0
2012-12-29,20,1,2,65.99999999999997,99.47731980482244,0.35,135.0,OVERSTOCK,0.0,69.00000000000003,0.0,51.75000000000002,51.75000000000002,225.0
2012-12-29,21,1,2,60.00000000000001,74.90766290578993,0.35,102.0,OVERSTOCK,0.0,41.99999999999999,0.0,31.499999999999993,31.499999999999993,225.0
2012-12-29,22,1,2,54.000000000000014,75.2296706238084,0.35,102.0,OVERSTOCK,0.0,47.999999999999986,0.0,35.999999999999986,35.999999999999986,225.0
2012-12-29,23,1,2,32.0,65.33172710014034,0.35,89.0,OVERSTOCK,0.0,57.0,0.0,42.75,42.75,225.0
2012-12-30,0,1,2,41.00000000000001,55.43934609150904,0.35,75.0,OVERSTOCK,0.0,33.99999999999999,0.0,25.499999999999993,25.499999999999993,270.0
2012-12-30,1,1,2,28.000000000000004,29.8506915796616,0.35,41.0,OVERSTOCK,0.0,12.999999999999996,0.0,9.749999999999996,9.749999999999996,270.0
2012-12-30,2,1,2,19.0,43.95029372271622,0.35,60.0,OVERSTOCK,0.0,41.0,0.0,30.75,30.75,270.0
2012-12-30,3,1,2,14.999999999999998,19.21128421091848,0.35,26.0,OVERSTOCK,0.0,11.000000000000002,0.0,8.250000000000002,8.250000000000002,270.0
2012-12-30,4,1,2,6.999999999999998,5.238752212139288,0.35,8.0,OVERSTOCK,0.0,1.0000000000000018,0.0,0.7500000000000013,0.7500000000000013,270.0
2012-12-30,5,1,2,2.0000000000000004,3.748315805271414,0.35,6.0,OVERSTOCK,0.0,3.9999999999999996,0.0,2.9999999999999996,2.9999999999999996,270.0
2012-12-30,6,1,2,8.000000000000002,4.408702538995039,0.35,6.0,UNDERSTOCK,2.0000000000000018,0.0,7.000000000000006,0.0,7.000000000000006,270.0
2012-12-30,7,1,1,12.999999999999996,18.334712607071943,0.35,25.0,OVERSTOCK,0.0,12.000000000000004,0.0,9.000000000000004,9.000000000000004,270.0
2012-12-30,8,1,1,33.00000000000001,64.88768053740047,0.35,88.0,OVERSTOCK,0.0,54.99999999999999,0.0,41.24999999999999,41.24999999999999,270.0
2012-12-30,9,1,1,73.99999999999997,106.16696404773236,0.35,144.0,OVERSTOCK,0.0,70.00000000000003,0.0,52.50000000000002,52.50000000000002,270.0
2012-12-30,10,1,1,121.99999999999994,180.20742713611975,0.35,244.0,OVERSTOCK,0.0,122.00000000000006,0.0,91.50000000000004,91.50000000000004,270.0
2012-12-30,11,1,1,136.00000000000003,207.400202290139,0.35,280.0,OVERSTOCK,0.0,143.99999999999997,0.0,107.99999999999997,107.99999999999997,270.0
2012-12-30,12,1,1,143.99999999999997,214.08981292439103,0.35,290.0,OVERSTOCK,0.0,146.00000000000003,0.0,109.50000000000003,109.50000000000003,270.0
2012-12-30,13,1,1,169.00000000000006,211.81877473898467,0.35,286.0,OVERSTOCK,0.0,116.99999999999994,0.0,87.74999999999996,87.74999999999996,270.0
2012-12-30,14,1,1,160.00000000000003,193.08937788995692,0.35,261.0,OVERSTOCK,0.0,100.99999999999997,0.0,75.74999999999997,75.74999999999997,270.0
2012-12-30,15,1,1,137.99999999999997,185.32294217723765,0.35,251.0,OVERSTOCK,0.0,113.00000000000003,0.0,84.75000000000003,84.75000000000003,270.0
2012-12-30,16,1,1,132.99999999999997,173.98654964409462,0.35,235.0,OVERSTOCK,0.0,102.00000000000003,0.0,76.50000000000003,76.50000000000003,270.0
2012-12-30,17,1,1,123.00000000000004,165.45442966641477,0.35,224.0,OVERSTOCK,0.0,100.99999999999996,0.0,75.74999999999997,75.74999999999997,270.0
2012-12-30,18,1,2,125.0,143.2024791353953,0.35,194.0,OVERSTOCK,0.0,69.0,0.0,51.75,51.75,270.0
2012-12-30,19,1,1,102.0,132.96664370753683,0.35,180.0,OVERSTOCK,0.0,78.0,0.0,58.5,58.5,270.0
2012-12-30,20,1,1,71.99999999999999,94.39020213283776,0.35,128.0,OVERSTOCK,0.0,56.000000000000014,0.0,42.000000000000014,42.000000000000014,270.0
2012-12-30,21,1,1,47.00000000000001,55.649287633599,0.35,76.0,OVERSTOCK,0.0,28.999999999999993,0.0,21.749999999999993,21.749999999999993,270.0
2012-12-30,22,1,1,35.99999999999999,52.88770677148391,0.35,72.0,OVERSTOCK,0.0,36.00000000000001,0.0,27.000000000000007,27.000000000000007,270.0
2012-12-30,23,1,1,48.99999999999999,33.1526119588504,0.35,45.0,UNDERSTOCK,3.999999999999993,0.0,13.999999999999975,0.0,13.999999999999975,270.0
2012-12-31,0,1,1,33.99999999999999,11.35583799697108,0.35,16.0,UNDERSTOCK,17.999999999999993,0.0,62.99999999999997,0.0,62.99999999999997,360.0
2012-12-31,1,1,1,19.0,6.640222274540672,0.35,9.0,UNDERSTOCK,10.0,0.0,35.0,0.0,35.0,360.0
2012-12-31,2,1,1,11.0,3.415224445328185,0.35,5.0,UNDERSTOCK,6.0,0.0,21.0,0.0,21.0,360.0
2012-12-31,3,1,1,1.0,2.669518041371381,0.35,4.0,OVERSTOCK,0.0,3.0,0.0,2.25,2.25,360.0
2012-12-31,4,1,1,3.0,2.535915275001317,0.35,4.0,OVERSTOCK,0.0,1.0,0.0,0.75,0.75,360.0
2012-12-31,5,1,1,9.000000000000002,17.370374622961027,0.35,24.0,OVERSTOCK,0.0,14.999999999999998,0.0,11.249999999999998,11.249999999999998,360.0
2012-12-31,6,1,1,40.00000000000001,82.98821349368521,0.35,113.0,OVERSTOCK,0.0,73.0,0.0,54.75,54.75,360.0
2012-12-31,7,1,1,84.99999999999997,241.89392184453615,0.35,327.0,OVERSTOCK,0.0,242.00000000000003,0.0,181.50000000000003,181.50000000000003,360.0
2012-12-31,8,1,1,196.0,391.0143104163277,0.35,528.0,OVERSTOCK,0.0,332.0,0.0,249.0,249.0,360.0
2012-12-31,9,1,2,157.00000000000003,216.33045183330265,0.35,293.0,OVERSTOCK,0.0,135.99999999999997,0.0,101.99999999999997,101.99999999999997,360.0
2012-12-31,10,1,2,120.00000000000004,90.19071750209925,0.35,122.0,OVERSTOCK,0.0,1.9999999999999574,0.0,1.499999999999968,1.499999999999968,360.0
2012-12-31,11,1,2,157.00000000000003,88.27571238233843,0.35,120.0,UNDERSTOCK,37.00000000000003,0.0,129.5000000000001,0.0,129.5000000000001,360.0
2012-12-31,12,1,2,224.0,99.6172420565066,0.35,135.0,UNDERSTOCK,89.0,0.0,311.5,0.0,311.5,360.0
2012-12-31,13,1,2,202.99999999999997,113.96530868709102,0.35,154.0,UNDERSTOCK,48.99999999999997,0.0,171.4999999999999,0.0,171.4999999999999,360.0
2012-12-31,14,1,2,247.00000000000009,121.9879317090358,0.35,165.0,UNDERSTOCK,82.00000000000009,0.0,287.0000000000003,0.0,287.0000000000003,360.0
2012-12-31,15,1,2,315.00000000000006,139.2118620724661,0.35,188.0,UNDERSTOCK,127.00000000000006,0.0,444.5000000000002,0.0,444.5000000000002,360.0
2012-12-31,16,1,2,213.99999999999991,172.71306774395396,0.35,234.0,OVERSTOCK,0.0,20.000000000000085,0.0,15.000000000000064,15.000000000000064,360.0
2012-12-31,17,1,2,163.99999999999994,330.08623330178074,0.35,446.0,OVERSTOCK,0.0,282.00000000000006,0.0,211.50000000000006,211.50000000000006,360.0
2012-12-31,18,1,2,121.99999999999994,315.6315395482573,0.35,427.0,OVERSTOCK,0.0,305.00000000000006,0.0,228.75000000000006,228.75000000000006,360.0
2012-12-31,19,1,2,118.99999999999996,223.5686750776115,0.35,302.0,OVERSTOCK,0.0,183.00000000000006,0.0,137.25000000000006,137.25000000000006,360.0
2012-12-31,20,1,2,89.0,166.30628590028385,0.35,225.0,OVERSTOCK,0.0,136.0,0.0,102.0,102.0,360.0
2012-12-31,21,1,1,89.99999999999997,89.06180466329143,0.35,121.0,OVERSTOCK,0.0,31.00000000000003,0.0,23.25000000000002,23.25000000000002,360.0
2012-12-31,22,1,1,61.00000000000001,92.17503638337227,0.35,125.0,OVERSTOCK,0.0,63.99999999999999,0.0,47.99999999999999,47.99999999999999,360.0
2012-12-31,23,1,1,48.99999999999999,41.811502760963776,0.35,57.0,OVERSTOCK,0.0,8.000000000000007,0.0,6.000000000000005,6.000000000000005,360.0
